[2026-10-05 23:50:37] local.ERROR: syntax error, unexpected token "." {"exception":"[object] (ParseError(code: 0): syntax error, unexpected token \".\" at E:\\Apache24\\htdocs\\medify_test-development\\database\\seeders\\MasterItemSeeder.php:17)
[stacktrace]
#0 E:\\Apache24\\htdocs\\medify_test-development\\vendor\\composer\\ClassLoader.php(427): Composer\\Autoload\\{closure}()
#1 [internal function]: Composer\\Autoload\\ClassLoader->loadClass()
#2 E:\\Apache24\\htdocs\\medify_test-development\\vendor\\laravel\\framework\\src\\Illuminate\\Container\\Container.php(889): ReflectionClass->__construct()
#3 E:\\Apache24\\htdocs\\medify_test-development\\vendor\\laravel\\framework\\src\\Illuminate\\Container\\Container.php(770): Illuminate\\Container\\Container->build()
#4 E:\\Apache24\\htdocs\\medify_test-development\\vendor\\laravel\\framework\\src\\Illuminate\\Foundation\\Application.php(881): Illuminate\\Container\\Container->resolve()
#5 E:\\Apache24\\htdocs\\medify_test-development\\vendor\\laravel\\framework\\src\\Illuminate\\Container\\Container.php(706): Illuminate\\Foundation\\Application->resolve()
#6 E:\\Apache24\\htdocs\\medify_test-development\\vendor\\laravel\\framework\\src\\Illuminate\\Foundation\\Application.php(866): Illuminate\\Container\\Container->make()
#7 E:\\Apache24\\htdocs\\medify_test-development\\vendor\\laravel\\framework\\src\\Illuminate\\Database\\Seeder.php(129): Illuminate\\Foundation\\Application->make()
#8 E:\\Apache24\\htdocs\\medify_test-development\\vendor\\laravel\\framework\\src\\Illuminate\\Database\\Seeder.php(48): Illuminate\\Database\\Seeder->resolve()
#9 E:\\Apache24\\htdocs\\medify_test-development\\database\\seeders\\DatabaseSeeder.php(24): Illuminate\\Database\\Seeder->call()
#10 E:\\Apache24\\htdocs\\medify_test-development\\vendor\\laravel\\framework\\src\\Illuminate\\Container\\BoundMethod.php(36): Database\\Seeders\\DatabaseSeeder->run()
#11 E:\\Apache24\\htdocs\\medify_test-development\\vendor\\laravel\\framework\\src\\Illuminate\\Container\\Util.php(41): Illuminate\\Container\\BoundMethod::Illuminate\\Container\\{closure}()
#12 E:\\Apache24\\htdocs\\medify_test-development\\vendor\\laravel\\framework\\src\\Illuminate\\Container\\BoundMethod.php(93): Illuminate\\Container\\Util::unwrapIfClosure()
#13 E:\\Apache24\\htdocs\\medify_test-development\\vendor\\laravel\\framework\\src\\Illuminate\\Container\\BoundMethod.php(35): Illuminate\\Container\\BoundMethod::callBoundMethod()
#14 E:\\Apache24\\htdocs\\medify_test-development\\vendor\\laravel\\framework\\src\\Illuminate\\Container\\Container.php(661): Illuminate\\Container\\BoundMethod::call()
#15 E:\\Apache24\\htdocs\\medify_test-development\\vendor\\laravel\\framework\\src\\Illuminate\\Database\\Seeder.php(184): Illuminate\\Container\\Container->call()
#16 E:\\Apache24\\htdocs\\medify_test-development\\vendor\\laravel\\framework\\src\\Illuminate\\Database\\Seeder.php(193): Illuminate\\Database\\Seeder->Illuminate\\Database\\{closure}()
#17 E:\\Apache24\\htdocs\\medify_test-development\\vendor\\laravel\\framework\\src\\Illuminate\\Database\\Console\\Seeds\\SeedCommand.php(81): Illuminate\\Database\\Seeder->__invoke()
#18 E:\\Apache24\\htdocs\\medify_test-development\\vendor\\laravel\\framework\\src\\Illuminate\\Database\\Eloquent\\Concerns\\GuardsAttributes.php(155): Illuminate\\Database\\Console\\Seeds\\SeedCommand->Illuminate\\Database\\Console\\Seeds\\{closure}()
#19 E:\\Apache24\\htdocs\\medify_test-development\\vendor\\laravel\\framework\\src\\Illuminate\\Database\\Console\\Seeds\\SeedCommand.php(80): Illuminate\\Database\\Eloquent\\Model::unguarded()
#20 E:\\Apache24\\htdocs\\medify_test-development\\vendor\\laravel\\framework\\src\\Illuminate\\Container\\BoundMethod.php(36): Illuminate\\Database\\Console\\Seeds\\SeedCommand->handle()
#21 E:\\Apache24\\htdocs\\medify_test-development\\vendor\\laravel\\framework\\src\\Illuminate\\Container\\Util.php(41): Illuminate\\Container\\BoundMethod::Illuminate\\Container\\{closure}()
#22 E:\\Apache24\\htdocs\\medify_test-development\\vendor\\laravel\\framework\\src\\Illuminate\\Container\\BoundMethod.php(93): Illuminate\\Container\\Util::unwrapIfClosure()
#23 E:\\Apache24\\htdocs\\medify_test-development\\vendor\\laravel\\framework\\src\\Illuminate\\Container\\BoundMethod.php(35): Illuminate\\Container\\BoundMethod::callBoundMethod()
#24 E:\\Apache24\\htdocs\\medify_test-development\\vendor\\laravel\\framework\\src\\Illuminate\\Container\\Container.php(661): Illuminate\\Container\\BoundMethod::call()
#25 E:\\Apache24\\htdocs\\medify_test-development\\vendor\\laravel\\framework\\src\\Illuminate\\Console\\Command.php(183): Illuminate\\Container\\Container->call()
#26 E:\\Apache24\\htdocs\\medify_test-development\\vendor\\symfony\\console\\Command\\Command.php(326): Illuminate\\Console\\Command->execute()
#27 E:\\Apache24\\htdocs\\medify_test-development\\vendor\\laravel\\framework\\src\\Illuminate\\Console\\Command.php(152): Symfony\\Component\\Console\\Command\\Command->run()
#28 E:\\Apache24\\htdocs\\medify_test-development\\vendor\\laravel\\framework\\src\\Illuminate\\Console\\Concerns\\CallsCommands.php(67): Illuminate\\Console\\Command->run()
#29 E:\\Apache24\\htdocs\\medify_test-development\\vendor\\laravel\\framework\\src\\Illuminate\\Console\\Concerns\\CallsCommands.php(28): Illuminate\\Console\\Command->runCommand()
#30 E:\\Apache24\\htdocs\\medify_test-development\\vendor\\laravel\\framework\\src\\Illuminate\\Database\\Console\\Migrations\\FreshCommand.php(93): Illuminate\\Console\\Command->call()
#31 E:\\Apache24\\htdocs\\medify_test-development\\vendor\\laravel\\framework\\src\\Illuminate\\Database\\Console\\Migrations\\FreshCommand.php(69): Illuminate\\Database\\Console\\Migrations\\FreshCommand->runSeeder()
#32 E:\\Apache24\\htdocs\\medify_test-development\\vendor\\laravel\\framework\\src\\Illuminate\\Container\\BoundMethod.php(36): Illuminate\\Database\\Console\\Migrations\\FreshCommand->handle()
#33 E:\\Apache24\\htdocs\\medify_test-development\\vendor\\laravel\\framework\\src\\Illuminate\\Container\\Util.php(41): Illuminate\\Container\\BoundMethod::Illuminate\\Container\\{closure}()
#34 E:\\Apache24\\htdocs\\medify_test-development\\vendor\\laravel\\framework\\src\\Illuminate\\Container\\BoundMethod.php(93): Illuminate\\Container\\Util::unwrapIfClosure()
#35 E:\\Apache24\\htdocs\\medify_test-development\\vendor\\laravel\\framework\\src\\Illuminate\\Container\\BoundMethod.php(35): Illuminate\\Container\\BoundMethod::callBoundMethod()
#36 E:\\Apache24\\htdocs\\medify_test-development\\vendor\\laravel\\framework\\src\\Illuminate\\Container\\Container.php(661): Illuminate\\Container\\BoundMethod::call()
#37 E:\\Apache24\\htdocs\\medify_test-development\\vendor\\laravel\\framework\\src\\Illuminate\\Console\\Command.php(183): Illuminate\\Container\\Container->call()
#38 E:\\Apache24\\htdocs\\medify_test-development\\vendor\\symfony\\console\\Command\\Command.php(326): Illuminate\\Console\\Command->execute()
#39 E:\\Apache24\\htdocs\\medify_test-development\\vendor\\laravel\\framework\\src\\Illuminate\\Console\\Command.php(152): Symfony\\Component\\Console\\Command\\Command->run()
#40 E:\\Apache24\\htdocs\\medify_test-development\\vendor\\symfony\\console\\Application.php(1098): Illuminate\\Console\\Command->run()
#41 E:\\Apache24\\htdocs\\medify_test-development\\vendor\\symfony\\console\\Application.php(324): Symfony\\Component\\Console\\Application->doRunCommand()
#42 E:\\Apache24\\htdocs\\medify_test-development\\vendor\\symfony\\console\\Application.php(175): Symfony\\Component\\Console\\Application->doRun()
#43 E:\\Apache24\\htdocs\\medify_test-development\\vendor\\laravel\\framework\\src\\Illuminate\\Console\\Application.php(102): Symfony\\Component\\Console\\Application->run()
#44 E:\\Apache24\\htdocs\\medify_test-development\\vendor\\laravel\\framework\\src\\Illuminate\\Foundation\\Console\\Kernel.php(155): Illuminate\\Console\\Application->run()
#45 E:\\Apache24\\htdocs\\medify_test-development\\artisan(35): Illuminate\\Foundation\\Console\\Kernel->handle()
#46 {main}
"} 
[2026-10-06 00:23:09] local.ERROR: Undefined variable $items {"userId":1,"exception":"[object] (ErrorException(code: 0): Undefined variable $items at E:\\Apache24\\htdocs\\medify_test-development\\app\\Http\\Controllers\\MasterItemsController.php:31)
[stacktrace]
#0 E:\\Apache24\\htdocs\\medify_test-development\\vendor\\laravel\\framework\\src\\Illuminate\\Foundation\\Bootstrap\\HandleExceptions.php(270): Illuminate\\Foundation\\Bootstrap\\HandleExceptions->handleError()
#1 E:\\Apache24\\htdocs\\medify_test-development\\app\\Http\\Controllers\\MasterItemsController.php(31): Illuminate\\Foundation\\Bootstrap\\HandleExceptions->Illuminate\\Foundation\\Bootstrap\\{closure}()
#2 E:\\Apache24\\htdocs\\medify_test-development\\vendor\\laravel\\framework\\src\\Illuminate\\Routing\\Controller.php(54): App\\Http\\Controllers\\MasterItemsController->search()
#3 E:\\Apache24\\htdocs\\medify_test-development\\vendor\\laravel\\framework\\src\\Illuminate\\Routing\\ControllerDispatcher.php(43): Illuminate\\Routing\\Controller->callAction()
#4 E:\\Apache24\\htdocs\\medify_test-development\\vendor\\laravel\\framework\\src\\Illuminate\\Routing\\Route.php(259): Illuminate\\Routing\\ControllerDispatcher->dispatch()
#5 E:\\Apache24\\htdocs\\medify_test-development\\vendor\\laravel\\framework\\src\\Illuminate\\Routing\\Route.php(205): Illuminate\\Routing\\Route->runController()
#6 E:\\Apache24\\htdocs\\medify_test-development\\vendor\\laravel\\framework\\src\\Illuminate\\Routing\\Router.php(798): Illuminate\\Routing\\Route->run()
#7 E:\\Apache24\\htdocs\\medify_test-development\\vendor\\laravel\\framework\\src\\Illuminate\\Pipeline\\Pipeline.php(141): Illuminate\\Routing\\Router->Illuminate\\Routing\\{closure}()
#8 E:\\Apache24\\htdocs\\medify_test-development\\vendor\\laravel\\framework\\src\\Illuminate\\Routing\\Middleware\\SubstituteBindings.php(50): Illuminate\\Pipeline\\Pipeline->Illuminate\\Pipeline\\{closure}()
#9 E:\\Apache24\\htdocs\\medify_test-development\\vendor\\laravel\\framework\\src\\Illuminate\\Pipeline\\Pipeline.php(180): Illuminate\\Routing\\Middleware\\SubstituteBindings->handle()
#10 E:\\Apache24\\htdocs\\medify_test-development\\vendor\\laravel\\framework\\src\\Illuminate\\Foundation\\Http\\Middleware\\VerifyCsrfToken.php(78): Illuminate\\Pipeline\\Pipeline->Illuminate\\Pipeline\\{closure}()
#11 E:\\Apache24\\htdocs\\medify_test-development\\vendor\\laravel\\framework\\src\\Illuminate\\Pipeline\\Pipeline.php(180): Illuminate\\Foundation\\Http\\Middleware\\VerifyCsrfToken->handle()
#12 E:\\Apache24\\htdocs\\medify_test-development\\vendor\\laravel\\framework\\src\\Illuminate\\View\\Middleware\\ShareErrorsFromSession.php(49): Illuminate\\Pipeline\\Pipeline->Illuminate\\Pipeline\\{closure}()
#13 E:\\Apache24\\htdocs\\medify_test-development\\vendor\\laravel\\framework\\src\\Illuminate\\Pipeline\\Pipeline.php(180): Illuminate\\View\\Middleware\\ShareErrorsFromSession->handle()
#14 E:\\Apache24\\htdocs\\medify_test-development\\vendor\\laravel\\framework\\src\\Illuminate\\Session\\Middleware\\StartSession.php(121): Illuminate\\Pipeline\\Pipeline->Illuminate\\Pipeline\\{closure}()
#15 E:\\Apache24\\htdocs\\medify_test-development\\vendor\\laravel\\framework\\src\\Illuminate\\Session\\Middleware\\StartSession.php(64): Illuminate\\Session\\Middleware\\StartSession->handleStatefulRequest()
#16 E:\\Apache24\\htdocs\\medify_test-development\\vendor\\laravel\\framework\\src\\Illuminate\\Pipeline\\Pipeline.php(180): Illuminate\\Session\\Middleware\\StartSession->handle()
#17 E:\\Apache24\\htdocs\\medify_test-development\\vendor\\laravel\\framework\\src\\Illuminate\\Cookie\\Middleware\\AddQueuedCookiesToResponse.php(37): Illuminate\\Pipeline\\Pipeline->Illuminate\\Pipeline\\{closure}()
#18 E:\\Apache24\\htdocs\\medify_test-development\\vendor\\laravel\\framework\\src\\Illuminate\\Pipeline\\Pipeline.php(180): Illuminate\\Cookie\\Middleware\\AddQueuedCookiesToResponse->handle()
#19 E:\\Apache24\\htdocs\\medify_test-development\\vendor\\laravel\\framework\\src\\Illuminate\\Cookie\\Middleware\\EncryptCookies.php(67): Illuminate\\Pipeline\\Pipeline->Illuminate\\Pipeline\\{closure}()
#20 E:\\Apache24\\htdocs\\medify_test-development\\vendor\\laravel\\framework\\src\\Illuminate\\Pipeline\\Pipeline.php(180): Illuminate\\Cookie\\Middleware\\EncryptCookies->handle()
#21 E:\\Apache24\\htdocs\\medify_test-development\\vendor\\laravel\\framework\\src\\Illuminate\\Pipeline\\Pipeline.php(116): Illuminate\\Pipeline\\Pipeline->Illuminate\\Pipeline\\{closure}()
#22 E:\\Apache24\\htdocs\\medify_test-development\\vendor\\laravel\\framework\\src\\Illuminate\\Routing\\Router.php(797): Illuminate\\Pipeline\\Pipeline->then()
#23 E:\\Apache24\\htdocs\\medify_test-development\\vendor\\laravel\\framework\\src\\Illuminate\\Routing\\Router.php(776): Illuminate\\Routing\\Router->runRouteWithinStack()
#24 E:\\Apache24\\htdocs\\medify_test-development\\vendor\\laravel\\framework\\src\\Illuminate\\Routing\\Router.php(740): Illuminate\\Routing\\Router->runRoute()
#25 E:\\Apache24\\htdocs\\medify_test-development\\vendor\\laravel\\framework\\src\\Illuminate\\Routing\\Router.php(729): Illuminate\\Routing\\Router->dispatchToRoute()
#26 E:\\Apache24\\htdocs\\medify_test-development\\vendor\\laravel\\framework\\src\\Illuminate\\Foundation\\Http\\Kernel.php(190): Illuminate\\Routing\\Router->dispatch()
#27 E:\\Apache24\\htdocs\\medify_test-development\\vendor\\laravel\\framework\\src\\Illuminate\\Pipeline\\Pipeline.php(141): Illuminate\\Foundation\\Http\\Kernel->Illuminate\\Foundation\\Http\\{closure}()
#28 E:\\Apache24\\htdocs\\medify_test-development\\vendor\\laravel\\framework\\src\\Illuminate\\Foundation\\Http\\Middleware\\TransformsRequest.php(21): Illuminate\\Pipeline\\Pipeline->Illuminate\\Pipeline\\{closure}()
#29 E:\\Apache24\\htdocs\\medify_test-development\\vendor\\laravel\\framework\\src\\Illuminate\\Foundation\\Http\\Middleware\\ConvertEmptyStringsToNull.php(31): Illuminate\\Foundation\\Http\\Middleware\\TransformsRequest->handle()
#30 E:\\Apache24\\htdocs\\medify_test-development\\vendor\\laravel\\framework\\src\\Illuminate\\Pipeline\\Pipeline.php(180): Illuminate\\Foundation\\Http\\Middleware\\ConvertEmptyStringsToNull->handle()
#31 E:\\Apache24\\htdocs\\medify_test-development\\vendor\\laravel\\framework\\src\\Illuminate\\Foundation\\Http\\Middleware\\TransformsRequest.php(21): Illuminate\\Pipeline\\Pipeline->Illuminate\\Pipeline\\{closure}()
#32 E:\\Apache24\\htdocs\\medify_test-development\\vendor\\laravel\\framework\\src\\Illuminate\\Foundation\\Http\\Middleware\\TrimStrings.php(40): Illuminate\\Foundation\\Http\\Middleware\\TransformsRequest->handle()
#33 E:\\Apache24\\htdocs\\medify_test-development\\vendor\\laravel\\framework\\src\\Illuminate\\Pipeline\\Pipeline.php(180): Illuminate\\Foundation\\Http\\Middleware\\TrimStrings->handle()
#34 E:\\Apache24\\htdocs\\medify_test-development\\vendor\\laravel\\framework\\src\\Illuminate\\Foundation\\Http\\Middleware\\ValidatePostSize.php(27): Illuminate\\Pipeline\\Pipeline->Illuminate\\Pipeline\\{closure}()
#35 E:\\Apache24\\htdocs\\medify_test-development\\vendor\\laravel\\framework\\src\\Illuminate\\Pipeline\\Pipeline.php(180): Illuminate\\Foundation\\Http\\Middleware\\ValidatePostSize->handle()
#36 E:\\Apache24\\htdocs\\medify_test-development\\vendor\\laravel\\framework\\src\\Illuminate\\Foundation\\Http\\Middleware\\PreventRequestsDuringMaintenance.php(86): Illuminate\\Pipeline\\Pipeline->Illuminate\\Pipeline\\{closure}()
#37 E:\\Apache24\\htdocs\\medify_test-development\\vendor\\laravel\\framework\\src\\Illuminate\\Pipeline\\Pipeline.php(180): Illuminate\\Foundation\\Http\\Middleware\\PreventRequestsDuringMaintenance->handle()
#38 E:\\Apache24\\htdocs\\medify_test-development\\vendor\\laravel\\framework\\src\\Illuminate\\Http\\Middleware\\HandleCors.php(49): Illuminate\\Pipeline\\Pipeline->Illuminate\\Pipeline\\{closure}()
#39 E:\\Apache24\\htdocs\\medify_test-development\\vendor\\laravel\\framework\\src\\Illuminate\\Pipeline\\Pipeline.php(180): Illuminate\\Http\\Middleware\\HandleCors->handle()
#40 E:\\Apache24\\htdocs\\medify_test-development\\vendor\\laravel\\framework\\src\\Illuminate\\Http\\Middleware\\TrustProxies.php(39): Illuminate\\Pipeline\\Pipeline->Illuminate\\Pipeline\\{closure}()
#41 E:\\Apache24\\htdocs\\medify_test-development\\vendor\\laravel\\framework\\src\\Illuminate\\Pipeline\\Pipeline.php(180): Illuminate\\Http\\Middleware\\TrustProxies->handle()
#42 E:\\Apache24\\htdocs\\medify_test-development\\vendor\\laravel\\framework\\src\\Illuminate\\Pipeline\\Pipeline.php(116): Illuminate\\Pipeline\\Pipeline->Illuminate\\Pipeline\\{closure}()
#43 E:\\Apache24\\htdocs\\medify_test-development\\vendor\\laravel\\framework\\src\\Illuminate\\Foundation\\Http\\Kernel.php(165): Illuminate\\Pipeline\\Pipeline->then()
#44 E:\\Apache24\\htdocs\\medify_test-development\\vendor\\laravel\\framework\\src\\Illuminate\\Foundation\\Http\\Kernel.php(134): Illuminate\\Foundation\\Http\\Kernel->sendRequestThroughRouter()
#45 E:\\Apache24\\htdocs\\medify_test-development\\public\\index.php(51): Illuminate\\Foundation\\Http\\Kernel->handle()
#46 E:\\Apache24\\htdocs\\medify_test-development\\vendor\\laravel\\framework\\src\\Illuminate\\Foundation\\resources\\server.php(16): require_once('...')
#47 {main}
"} 
[2026-10-06 00:23:09] local.ERROR: Undefined variable $items {"userId":1,"exception":"[object] (ErrorException(code: 0): Undefined variable $items at E:\\Apache24\\htdocs\\medify_test-development\\app\\Http\\Controllers\\MasterItemsController.php:31)
[stacktrace]
#0 E:\\Apache24\\htdocs\\medify_test-development\\vendor\\laravel\\framework\\src\\Illuminate\\Foundation\\Bootstrap\\HandleExceptions.php(270): Illuminate\\Foundation\\Bootstrap\\HandleExceptions->handleError()
#1 E:\\Apache24\\htdocs\\medify_test-development\\app\\Http\\Controllers\\MasterItemsController.php(31): Illuminate\\Foundation\\Bootstrap\\HandleExceptions->Illuminate\\Foundation\\Bootstrap\\{closure}()
#2 E:\\Apache24\\htdocs\\medify_test-development\\vendor\\laravel\\framework\\src\\Illuminate\\Routing\\Controller.php(54): App\\Http\\Controllers\\MasterItemsController->search()
#3 E:\\Apache24\\htdocs\\medify_test-development\\vendor\\laravel\\framework\\src\\Illuminate\\Routing\\ControllerDispatcher.php(43): Illuminate\\Routing\\Controller->callAction()
#4 E:\\Apache24\\htdocs\\medify_test-development\\vendor\\laravel\\framework\\src\\Illuminate\\Routing\\Route.php(259): Illuminate\\Routing\\ControllerDispatcher->dispatch()
#5 E:\\Apache24\\htdocs\\medify_test-development\\vendor\\laravel\\framework\\src\\Illuminate\\Routing\\Route.php(205): Illuminate\\Routing\\Route->runController()
#6 E:\\Apache24\\htdocs\\medify_test-development\\vendor\\laravel\\framework\\src\\Illuminate\\Routing\\Router.php(798): Illuminate\\Routing\\Route->run()
#7 E:\\Apache24\\htdocs\\medify_test-development\\vendor\\laravel\\framework\\src\\Illuminate\\Pipeline\\Pipeline.php(141): Illuminate\\Routing\\Router->Illuminate\\Routing\\{closure}()
#8 E:\\Apache24\\htdocs\\medify_test-development\\vendor\\laravel\\framework\\src\\Illuminate\\Routing\\Middleware\\SubstituteBindings.php(50): Illuminate\\Pipeline\\Pipeline->Illuminate\\Pipeline\\{closure}()
#9 E:\\Apache24\\htdocs\\medify_test-development\\vendor\\laravel\\framework\\src\\Illuminate\\Pipeline\\Pipeline.php(180): Illuminate\\Routing\\Middleware\\SubstituteBindings->handle()
#10 E:\\Apache24\\htdocs\\medify_test-development\\vendor\\laravel\\framework\\src\\Illuminate\\Foundation\\Http\\Middleware\\VerifyCsrfToken.php(78): Illuminate\\Pipeline\\Pipeline->Illuminate\\Pipeline\\{closure}()
#11 E:\\Apache24\\htdocs\\medify_test-development\\vendor\\laravel\\framework\\src\\Illuminate\\Pipeline\\Pipeline.php(180): Illuminate\\Foundation\\Http\\Middleware\\VerifyCsrfToken->handle()
#12 E:\\Apache24\\htdocs\\medify_test-development\\vendor\\laravel\\framework\\src\\Illuminate\\View\\Middleware\\ShareErrorsFromSession.php(49): Illuminate\\Pipeline\\Pipeline->Illuminate\\Pipeline\\{closure}()
#13 E:\\Apache24\\htdocs\\medify_test-development\\vendor\\laravel\\framework\\src\\Illuminate\\Pipeline\\Pipeline.php(180): Illuminate\\View\\Middleware\\ShareErrorsFromSession->handle()
#14 E:\\Apache24\\htdocs\\medify_test-development\\vendor\\laravel\\framework\\src\\Illuminate\\Session\\Middleware\\StartSession.php(121): Illuminate\\Pipeline\\Pipeline->Illuminate\\Pipeline\\{closure}()
#15 E:\\Apache24\\htdocs\\medify_test-development\\vendor\\laravel\\framework\\src\\Illuminate\\Session\\Middleware\\StartSession.php(64): Illuminate\\Session\\Middleware\\StartSession->handleStatefulRequest()
#16 E:\\Apache24\\htdocs\\medify_test-development\\vendor\\laravel\\framework\\src\\Illuminate\\Pipeline\\Pipeline.php(180): Illuminate\\Session\\Middleware\\StartSession->handle()
#17 E:\\Apache24\\htdocs\\medify_test-development\\vendor\\laravel\\framework\\src\\Illuminate\\Cookie\\Middleware\\AddQueuedCookiesToResponse.php(37): Illuminate\\Pipeline\\Pipeline->Illuminate\\Pipeline\\{closure}()
#18 E:\\Apache24\\htdocs\\medify_test-development\\vendor\\laravel\\framework\\src\\Illuminate\\Pipeline\\Pipeline.php(180): Illuminate\\Cookie\\Middleware\\AddQueuedCookiesToResponse->handle()
#19 E:\\Apache24\\htdocs\\medify_test-development\\vendor\\laravel\\framework\\src\\Illuminate\\Cookie\\Middleware\\EncryptCookies.php(67): Illuminate\\Pipeline\\Pipeline->Illuminate\\Pipeline\\{closure}()
#20 E:\\Apache24\\htdocs\\medify_test-development\\vendor\\laravel\\framework\\src\\Illuminate\\Pipeline\\Pipeline.php(180): Illuminate\\Cookie\\Middleware\\EncryptCookies->handle()
#21 E:\\Apache24\\htdocs\\medify_test-development\\vendor\\laravel\\framework\\src\\Illuminate\\Pipeline\\Pipeline.php(116): Illuminate\\Pipeline\\Pipeline->Illuminate\\Pipeline\\{closure}()
#22 E:\\Apache24\\htdocs\\medify_test-development\\vendor\\laravel\\framework\\src\\Illuminate\\Routing\\Router.php(797): Illuminate\\Pipeline\\Pipeline->then()
#23 E:\\Apache24\\htdocs\\medify_test-development\\vendor\\laravel\\framework\\src\\Illuminate\\Routing\\Router.php(776): Illuminate\\Routing\\Router->runRouteWithinStack()
#24 E:\\Apache24\\htdocs\\medify_test-development\\vendor\\laravel\\framework\\src\\Illuminate\\Routing\\Router.php(740): Illuminate\\Routing\\Router->runRoute()
#25 E:\\Apache24\\htdocs\\medify_test-development\\vendor\\laravel\\framework\\src\\Illuminate\\Routing\\Router.php(729): Illuminate\\Routing\\Router->dispatchToRoute()
#26 E:\\Apache24\\htdocs\\medify_test-development\\vendor\\laravel\\framework\\src\\Illuminate\\Foundation\\Http\\Kernel.php(190): Illuminate\\Routing\\Router->dispatch()
#27 E:\\Apache24\\htdocs\\medify_test-development\\vendor\\laravel\\framework\\src\\Illuminate\\Pipeline\\Pipeline.php(141): Illuminate\\Foundation\\Http\\Kernel->Illuminate\\Foundation\\Http\\{closure}()
#28 E:\\Apache24\\htdocs\\medify_test-development\\vendor\\laravel\\framework\\src\\Illuminate\\Foundation\\Http\\Middleware\\TransformsRequest.php(21): Illuminate\\Pipeline\\Pipeline->Illuminate\\Pipeline\\{closure}()
#29 E:\\Apache24\\htdocs\\medify_test-development\\vendor\\laravel\\framework\\src\\Illuminate\\Foundation\\Http\\Middleware\\ConvertEmptyStringsToNull.php(31): Illuminate\\Foundation\\Http\\Middleware\\TransformsRequest->handle()
#30 E:\\Apache24\\htdocs\\medify_test-development\\vendor\\laravel\\framework\\src\\Illuminate\\Pipeline\\Pipeline.php(180): Illuminate\\Foundation\\Http\\Middleware\\ConvertEmptyStringsToNull->handle()
#31 E:\\Apache24\\htdocs\\medify_test-development\\vendor\\laravel\\framework\\src\\Illuminate\\Foundation\\Http\\Middleware\\TransformsRequest.php(21): Illuminate\\Pipeline\\Pipeline->Illuminate\\Pipeline\\{closure}()
#32 E:\\Apache24\\htdocs\\medify_test-development\\vendor\\laravel\\framework\\src\\Illuminate\\Foundation\\Http\\Middleware\\TrimStrings.php(40): Illuminate\\Foundation\\Http\\Middleware\\TransformsRequest->handle()
#33 E:\\Apache24\\htdocs\\medify_test-development\\vendor\\laravel\\framework\\src\\Illuminate\\Pipeline\\Pipeline.php(180): Illuminate\\Foundation\\Http\\Middleware\\TrimStrings->handle()
#34 E:\\Apache24\\htdocs\\medify_test-development\\vendor\\laravel\\framework\\src\\Illuminate\\Foundation\\Http\\Middleware\\ValidatePostSize.php(27): Illuminate\\Pipeline\\Pipeline->Illuminate\\Pipeline\\{closure}()
#35 E:\\Apache24\\htdocs\\medify_test-development\\vendor\\laravel\\framework\\src\\Illuminate\\Pipeline\\Pipeline.php(180): Illuminate\\Foundation\\Http\\Middleware\\ValidatePostSize->handle()
#36 E:\\Apache24\\htdocs\\medify_test-development\\vendor\\laravel\\framework\\src\\Illuminate\\Foundation\\Http\\Middleware\\PreventRequestsDuringMaintenance.php(86): Illuminate\\Pipeline\\Pipeline->Illuminate\\Pipeline\\{closure}()
#37 E:\\Apache24\\htdocs\\medify_test-development\\vendor\\laravel\\framework\\src\\Illuminate\\Pipeline\\Pipeline.php(180): Illuminate\\Foundation\\Http\\Middleware\\PreventRequestsDuringMaintenance->handle()
#38 E:\\Apache24\\htdocs\\medify_test-development\\vendor\\laravel\\framework\\src\\Illuminate\\Http\\Middleware\\HandleCors.php(49): Illuminate\\Pipeline\\Pipeline->Illuminate\\Pipeline\\{closure}()
#39 E:\\Apache24\\htdocs\\medify_test-development\\vendor\\laravel\\framework\\src\\Illuminate\\Pipeline\\Pipeline.php(180): Illuminate\\Http\\Middleware\\HandleCors->handle()
#40 E:\\Apache24\\htdocs\\medify_test-development\\vendor\\laravel\\framework\\src\\Illuminate\\Http\\Middleware\\TrustProxies.php(39): Illuminate\\Pipeline\\Pipeline->Illuminate\\Pipeline\\{closure}()
#41 E:\\Apache24\\htdocs\\medify_test-development\\vendor\\laravel\\framework\\src\\Illuminate\\Pipeline\\Pipeline.php(180): Illuminate\\Http\\Middleware\\TrustProxies->handle()
#42 E:\\Apache24\\htdocs\\medify_test-development\\vendor\\laravel\\framework\\src\\Illuminate\\Pipeline\\Pipeline.php(116): Illuminate\\Pipeline\\Pipeline->Illuminate\\Pipeline\\{closure}()
#43 E:\\Apache24\\htdocs\\medify_test-development\\vendor\\laravel\\framework\\src\\Illuminate\\Foundation\\Http\\Kernel.php(165): Illuminate\\Pipeline\\Pipeline->then()
#44 E:\\Apache24\\htdocs\\medify_test-development\\vendor\\laravel\\framework\\src\\Illuminate\\Foundation\\Http\\Kernel.php(134): Illuminate\\Foundation\\Http\\Kernel->sendRequestThroughRouter()
#45 E:\\Apache24\\htdocs\\medify_test-development\\public\\index.php(51): Illuminate\\Foundation\\Http\\Kernel->handle()
#46 E:\\Apache24\\htdocs\\medify_test-development\\vendor\\laravel\\framework\\src\\Illuminate\\Foundation\\resources\\server.php(16): require_once('...')
#47 {main}
"} 
[2026-10-06 00:23:10] local.ERROR: Undefined variable $items {"userId":1,"exception":"[object] (ErrorException(code: 0): Undefined variable $items at E:\\Apache24\\htdocs\\medify_test-development\\app\\Http\\Controllers\\MasterItemsController.php:31)
[stacktrace]
#0 E:\\Apache24\\htdocs\\medify_test-development\\vendor\\laravel\\framework\\src\\Illuminate\\Foundation\\Bootstrap\\HandleExceptions.php(270): Illuminate\\Foundation\\Bootstrap\\HandleExceptions->handleError()
#1 E:\\Apache24\\htdocs\\medify_test-development\\app\\Http\\Controllers\\MasterItemsController.php(31): Illuminate\\Foundation\\Bootstrap\\HandleExceptions->Illuminate\\Foundation\\Bootstrap\\{closure}()
#2 E:\\Apache24\\htdocs\\medify_test-development\\vendor\\laravel\\framework\\src\\Illuminate\\Routing\\Controller.php(54): App\\Http\\Controllers\\MasterItemsController->search()
#3 E:\\Apache24\\htdocs\\medify_test-development\\vendor\\laravel\\framework\\src\\Illuminate\\Routing\\ControllerDispatcher.php(43): Illuminate\\Routing\\Controller->callAction()
#4 E:\\Apache24\\htdocs\\medify_test-development\\vendor\\laravel\\framework\\src\\Illuminate\\Routing\\Route.php(259): Illuminate\\Routing\\ControllerDispatcher->dispatch()
#5 E:\\Apache24\\htdocs\\medify_test-development\\vendor\\laravel\\framework\\src\\Illuminate\\Routing\\Route.php(205): Illuminate\\Routing\\Route->runController()
#6 E:\\Apache24\\htdocs\\medify_test-development\\vendor\\laravel\\framework\\src\\Illuminate\\Routing\\Router.php(798): Illuminate\\Routing\\Route->run()
#7 E:\\Apache24\\htdocs\\medify_test-development\\vendor\\laravel\\framework\\src\\Illuminate\\Pipeline\\Pipeline.php(141): Illuminate\\Routing\\Router->Illuminate\\Routing\\{closure}()
#8 E:\\Apache24\\htdocs\\medify_test-development\\vendor\\laravel\\framework\\src\\Illuminate\\Routing\\Middleware\\SubstituteBindings.php(50): Illuminate\\Pipeline\\Pipeline->Illuminate\\Pipeline\\{closure}()
#9 E:\\Apache24\\htdocs\\medify_test-development\\vendor\\laravel\\framework\\src\\Illuminate\\Pipeline\\Pipeline.php(180): Illuminate\\Routing\\Middleware\\SubstituteBindings->handle()
#10 E:\\Apache24\\htdocs\\medify_test-development\\vendor\\laravel\\framework\\src\\Illuminate\\Foundation\\Http\\Middleware\\VerifyCsrfToken.php(78): Illuminate\\Pipeline\\Pipeline->Illuminate\\Pipeline\\{closure}()
#11 E:\\Apache24\\htdocs\\medify_test-development\\vendor\\laravel\\framework\\src\\Illuminate\\Pipeline\\Pipeline.php(180): Illuminate\\Foundation\\Http\\Middleware\\VerifyCsrfToken->handle()
#12 E:\\Apache24\\htdocs\\medify_test-development\\vendor\\laravel\\framework\\src\\Illuminate\\View\\Middleware\\ShareErrorsFromSession.php(49): Illuminate\\Pipeline\\Pipeline->Illuminate\\Pipeline\\{closure}()
#13 E:\\Apache24\\htdocs\\medify_test-development\\vendor\\laravel\\framework\\src\\Illuminate\\Pipeline\\Pipeline.php(180): Illuminate\\View\\Middleware\\ShareErrorsFromSession->handle()
#14 E:\\Apache24\\htdocs\\medify_test-development\\vendor\\laravel\\framework\\src\\Illuminate\\Session\\Middleware\\StartSession.php(121): Illuminate\\Pipeline\\Pipeline->Illuminate\\Pipeline\\{closure}()
#15 E:\\Apache24\\htdocs\\medify_test-development\\vendor\\laravel\\framework\\src\\Illuminate\\Session\\Middleware\\StartSession.php(64): Illuminate\\Session\\Middleware\\StartSession->handleStatefulRequest()
#16 E:\\Apache24\\htdocs\\medify_test-development\\vendor\\laravel\\framework\\src\\Illuminate\\Pipeline\\Pipeline.php(180): Illuminate\\Session\\Middleware\\StartSession->handle()
#17 E:\\Apache24\\htdocs\\medify_test-development\\vendor\\laravel\\framework\\src\\Illuminate\\Cookie\\Middleware\\AddQueuedCookiesToResponse.php(37): Illuminate\\Pipeline\\Pipeline->Illuminate\\Pipeline\\{closure}()
#18 E:\\Apache24\\htdocs\\medify_test-development\\vendor\\laravel\\framework\\src\\Illuminate\\Pipeline\\Pipeline.php(180): Illuminate\\Cookie\\Middleware\\AddQueuedCookiesToResponse->handle()
#19 E:\\Apache24\\htdocs\\medify_test-development\\vendor\\laravel\\framework\\src\\Illuminate\\Cookie\\Middleware\\EncryptCookies.php(67): Illuminate\\Pipeline\\Pipeline->Illuminate\\Pipeline\\{closure}()
#20 E:\\Apache24\\htdocs\\medify_test-development\\vendor\\laravel\\framework\\src\\Illuminate\\Pipeline\\Pipeline.php(180): Illuminate\\Cookie\\Middleware\\EncryptCookies->handle()
#21 E:\\Apache24\\htdocs\\medify_test-development\\vendor\\laravel\\framework\\src\\Illuminate\\Pipeline\\Pipeline.php(116): Illuminate\\Pipeline\\Pipeline->Illuminate\\Pipeline\\{closure}()
#22 E:\\Apache24\\htdocs\\medify_test-development\\vendor\\laravel\\framework\\src\\Illuminate\\Routing\\Router.php(797): Illuminate\\Pipeline\\Pipeline->then()
#23 E:\\Apache24\\htdocs\\medify_test-development\\vendor\\laravel\\framework\\src\\Illuminate\\Routing\\Router.php(776): Illuminate\\Routing\\Router->runRouteWithinStack()
#24 E:\\Apache24\\htdocs\\medify_test-development\\vendor\\laravel\\framework\\src\\Illuminate\\Routing\\Router.php(740): Illuminate\\Routing\\Router->runRoute()
#25 E:\\Apache24\\htdocs\\medify_test-development\\vendor\\laravel\\framework\\src\\Illuminate\\Routing\\Router.php(729): Illuminate\\Routing\\Router->dispatchToRoute()
#26 E:\\Apache24\\htdocs\\medify_test-development\\vendor\\laravel\\framework\\src\\Illuminate\\Foundation\\Http\\Kernel.php(190): Illuminate\\Routing\\Router->dispatch()
#27 E:\\Apache24\\htdocs\\medify_test-development\\vendor\\laravel\\framework\\src\\Illuminate\\Pipeline\\Pipeline.php(141): Illuminate\\Foundation\\Http\\Kernel->Illuminate\\Foundation\\Http\\{closure}()
#28 E:\\Apache24\\htdocs\\medify_test-development\\vendor\\laravel\\framework\\src\\Illuminate\\Foundation\\Http\\Middleware\\TransformsRequest.php(21): Illuminate\\Pipeline\\Pipeline->Illuminate\\Pipeline\\{closure}()
#29 E:\\Apache24\\htdocs\\medify_test-development\\vendor\\laravel\\framework\\src\\Illuminate\\Foundation\\Http\\Middleware\\ConvertEmptyStringsToNull.php(31): Illuminate\\Foundation\\Http\\Middleware\\TransformsRequest->handle()
#30 E:\\Apache24\\htdocs\\medify_test-development\\vendor\\laravel\\framework\\src\\Illuminate\\Pipeline\\Pipeline.php(180): Illuminate\\Foundation\\Http\\Middleware\\ConvertEmptyStringsToNull->handle()
#31 E:\\Apache24\\htdocs\\medify_test-development\\vendor\\laravel\\framework\\src\\Illuminate\\Foundation\\Http\\Middleware\\TransformsRequest.php(21): Illuminate\\Pipeline\\Pipeline->Illuminate\\Pipeline\\{closure}()
#32 E:\\Apache24\\htdocs\\medify_test-development\\vendor\\laravel\\framework\\src\\Illuminate\\Foundation\\Http\\Middleware\\TrimStrings.php(40): Illuminate\\Foundation\\Http\\Middleware\\TransformsRequest->handle()
#33 E:\\Apache24\\htdocs\\medify_test-development\\vendor\\laravel\\framework\\src\\Illuminate\\Pipeline\\Pipeline.php(180): Illuminate\\Foundation\\Http\\Middleware\\TrimStrings->handle()
#34 E:\\Apache24\\htdocs\\medify_test-development\\vendor\\laravel\\framework\\src\\Illuminate\\Foundation\\Http\\Middleware\\ValidatePostSize.php(27): Illuminate\\Pipeline\\Pipeline->Illuminate\\Pipeline\\{closure}()
#35 E:\\Apache24\\htdocs\\medify_test-development\\vendor\\laravel\\framework\\src\\Illuminate\\Pipeline\\Pipeline.php(180): Illuminate\\Foundation\\Http\\Middleware\\ValidatePostSize->handle()
#36 E:\\Apache24\\htdocs\\medify_test-development\\vendor\\laravel\\framework\\src\\Illuminate\\Foundation\\Http\\Middleware\\PreventRequestsDuringMaintenance.php(86): Illuminate\\Pipeline\\Pipeline->Illuminate\\Pipeline\\{closure}()
#37 E:\\Apache24\\htdocs\\medify_test-development\\vendor\\laravel\\framework\\src\\Illuminate\\Pipeline\\Pipeline.php(180): Illuminate\\Foundation\\Http\\Middleware\\PreventRequestsDuringMaintenance->handle()
#38 E:\\Apache24\\htdocs\\medify_test-development\\vendor\\laravel\\framework\\src\\Illuminate\\Http\\Middleware\\HandleCors.php(49): Illuminate\\Pipeline\\Pipeline->Illuminate\\Pipeline\\{closure}()
#39 E:\\Apache24\\htdocs\\medify_test-development\\vendor\\laravel\\framework\\src\\Illuminate\\Pipeline\\Pipeline.php(180): Illuminate\\Http\\Middleware\\HandleCors->handle()
#40 E:\\Apache24\\htdocs\\medify_test-development\\vendor\\laravel\\framework\\src\\Illuminate\\Http\\Middleware\\TrustProxies.php(39): Illuminate\\Pipeline\\Pipeline->Illuminate\\Pipeline\\{closure}()
#41 E:\\Apache24\\htdocs\\medify_test-development\\vendor\\laravel\\framework\\src\\Illuminate\\Pipeline\\Pipeline.php(180): Illuminate\\Http\\Middleware\\TrustProxies->handle()
#42 E:\\Apache24\\htdocs\\medify_test-development\\vendor\\laravel\\framework\\src\\Illuminate\\Pipeline\\Pipeline.php(116): Illuminate\\Pipeline\\Pipeline->Illuminate\\Pipeline\\{closure}()
#43 E:\\Apache24\\htdocs\\medify_test-development\\vendor\\laravel\\framework\\src\\Illuminate\\Foundation\\Http\\Kernel.php(165): Illuminate\\Pipeline\\Pipeline->then()
#44 E:\\Apache24\\htdocs\\medify_test-development\\vendor\\laravel\\framework\\src\\Illuminate\\Foundation\\Http\\Kernel.php(134): Illuminate\\Foundation\\Http\\Kernel->sendRequestThroughRouter()
#45 E:\\Apache24\\htdocs\\medify_test-development\\public\\index.php(51): Illuminate\\Foundation\\Http\\Kernel->handle()
#46 E:\\Apache24\\htdocs\\medify_test-development\\vendor\\laravel\\framework\\src\\Illuminate\\Foundation\\resources\\server.php(16): require_once('...')
#47 {main}
"} 
[2026-10-06 00:23:10] local.ERROR: Undefined variable $items {"userId":1,"exception":"[object] (ErrorException(code: 0): Undefined variable $items at E:\\Apache24\\htdocs\\medify_test-development\\app\\Http\\Controllers\\MasterItemsController.php:31)
[stacktrace]
#0 E:\\Apache24\\htdocs\\medify_test-development\\vendor\\laravel\\framework\\src\\Illuminate\\Foundation\\Bootstrap\\HandleExceptions.php(270): Illuminate\\Foundation\\Bootstrap\\HandleExceptions->handleError()
#1 E:\\Apache24\\htdocs\\medify_test-development\\app\\Http\\Controllers\\MasterItemsController.php(31): Illuminate\\Foundation\\Bootstrap\\HandleExceptions->Illuminate\\Foundation\\Bootstrap\\{closure}()
#2 E:\\Apache24\\htdocs\\medify_test-development\\vendor\\laravel\\framework\\src\\Illuminate\\Routing\\Controller.php(54): App\\Http\\Controllers\\MasterItemsController->search()
#3 E:\\Apache24\\htdocs\\medify_test-development\\vendor\\laravel\\framework\\src\\Illuminate\\Routing\\ControllerDispatcher.php(43): Illuminate\\Routing\\Controller->callAction()
#4 E:\\Apache24\\htdocs\\medify_test-development\\vendor\\laravel\\framework\\src\\Illuminate\\Routing\\Route.php(259): Illuminate\\Routing\\ControllerDispatcher->dispatch()
#5 E:\\Apache24\\htdocs\\medify_test-development\\vendor\\laravel\\framework\\src\\Illuminate\\Routing\\Route.php(205): Illuminate\\Routing\\Route->runController()
#6 E:\\Apache24\\htdocs\\medify_test-development\\vendor\\laravel\\framework\\src\\Illuminate\\Routing\\Router.php(798): Illuminate\\Routing\\Route->run()
#7 E:\\Apache24\\htdocs\\medify_test-development\\vendor\\laravel\\framework\\src\\Illuminate\\Pipeline\\Pipeline.php(141): Illuminate\\Routing\\Router->Illuminate\\Routing\\{closure}()
#8 E:\\Apache24\\htdocs\\medify_test-development\\vendor\\laravel\\framework\\src\\Illuminate\\Routing\\Middleware\\SubstituteBindings.php(50): Illuminate\\Pipeline\\Pipeline->Illuminate\\Pipeline\\{closure}()
#9 E:\\Apache24\\htdocs\\medify_test-development\\vendor\\laravel\\framework\\src\\Illuminate\\Pipeline\\Pipeline.php(180): Illuminate\\Routing\\Middleware\\SubstituteBindings->handle()
#10 E:\\Apache24\\htdocs\\medify_test-development\\vendor\\laravel\\framework\\src\\Illuminate\\Foundation\\Http\\Middleware\\VerifyCsrfToken.php(78): Illuminate\\Pipeline\\Pipeline->Illuminate\\Pipeline\\{closure}()
#11 E:\\Apache24\\htdocs\\medify_test-development\\vendor\\laravel\\framework\\src\\Illuminate\\Pipeline\\Pipeline.php(180): Illuminate\\Foundation\\Http\\Middleware\\VerifyCsrfToken->handle()
#12 E:\\Apache24\\htdocs\\medify_test-development\\vendor\\laravel\\framework\\src\\Illuminate\\View\\Middleware\\ShareErrorsFromSession.php(49): Illuminate\\Pipeline\\Pipeline->Illuminate\\Pipeline\\{closure}()
#13 E:\\Apache24\\htdocs\\medify_test-development\\vendor\\laravel\\framework\\src\\Illuminate\\Pipeline\\Pipeline.php(180): Illuminate\\View\\Middleware\\ShareErrorsFromSession->handle()
#14 E:\\Apache24\\htdocs\\medify_test-development\\vendor\\laravel\\framework\\src\\Illuminate\\Session\\Middleware\\StartSession.php(121): Illuminate\\Pipeline\\Pipeline->Illuminate\\Pipeline\\{closure}()
#15 E:\\Apache24\\htdocs\\medify_test-development\\vendor\\laravel\\framework\\src\\Illuminate\\Session\\Middleware\\StartSession.php(64): Illuminate\\Session\\Middleware\\StartSession->handleStatefulRequest()
#16 E:\\Apache24\\htdocs\\medify_test-development\\vendor\\laravel\\framework\\src\\Illuminate\\Pipeline\\Pipeline.php(180): Illuminate\\Session\\Middleware\\StartSession->handle()
#17 E:\\Apache24\\htdocs\\medify_test-development\\vendor\\laravel\\framework\\src\\Illuminate\\Cookie\\Middleware\\AddQueuedCookiesToResponse.php(37): Illuminate\\Pipeline\\Pipeline->Illuminate\\Pipeline\\{closure}()
#18 E:\\Apache24\\htdocs\\medify_test-development\\vendor\\laravel\\framework\\src\\Illuminate\\Pipeline\\Pipeline.php(180): Illuminate\\Cookie\\Middleware\\AddQueuedCookiesToResponse->handle()
#19 E:\\Apache24\\htdocs\\medify_test-development\\vendor\\laravel\\framework\\src\\Illuminate\\Cookie\\Middleware\\EncryptCookies.php(67): Illuminate\\Pipeline\\Pipeline->Illuminate\\Pipeline\\{closure}()
#20 E:\\Apache24\\htdocs\\medify_test-development\\vendor\\laravel\\framework\\src\\Illuminate\\Pipeline\\Pipeline.php(180): Illuminate\\Cookie\\Middleware\\EncryptCookies->handle()
#21 E:\\Apache24\\htdocs\\medify_test-development\\vendor\\laravel\\framework\\src\\Illuminate\\Pipeline\\Pipeline.php(116): Illuminate\\Pipeline\\Pipeline->Illuminate\\Pipeline\\{closure}()
#22 E:\\Apache24\\htdocs\\medify_test-development\\vendor\\laravel\\framework\\src\\Illuminate\\Routing\\Router.php(797): Illuminate\\Pipeline\\Pipeline->then()
#23 E:\\Apache24\\htdocs\\medify_test-development\\vendor\\laravel\\framework\\src\\Illuminate\\Routing\\Router.php(776): Illuminate\\Routing\\Router->runRouteWithinStack()
#24 E:\\Apache24\\htdocs\\medify_test-development\\vendor\\laravel\\framework\\src\\Illuminate\\Routing\\Router.php(740): Illuminate\\Routing\\Router->runRoute()
#25 E:\\Apache24\\htdocs\\medify_test-development\\vendor\\laravel\\framework\\src\\Illuminate\\Routing\\Router.php(729): Illuminate\\Routing\\Router->dispatchToRoute()
#26 E:\\Apache24\\htdocs\\medify_test-development\\vendor\\laravel\\framework\\src\\Illuminate\\Foundation\\Http\\Kernel.php(190): Illuminate\\Routing\\Router->dispatch()
#27 E:\\Apache24\\htdocs\\medify_test-development\\vendor\\laravel\\framework\\src\\Illuminate\\Pipeline\\Pipeline.php(141): Illuminate\\Foundation\\Http\\Kernel->Illuminate\\Foundation\\Http\\{closure}()
#28 E:\\Apache24\\htdocs\\medify_test-development\\vendor\\laravel\\framework\\src\\Illuminate\\Foundation\\Http\\Middleware\\TransformsRequest.php(21): Illuminate\\Pipeline\\Pipeline->Illuminate\\Pipeline\\{closure}()
#29 E:\\Apache24\\htdocs\\medify_test-development\\vendor\\laravel\\framework\\src\\Illuminate\\Foundation\\Http\\Middleware\\ConvertEmptyStringsToNull.php(31): Illuminate\\Foundation\\Http\\Middleware\\TransformsRequest->handle()
#30 E:\\Apache24\\htdocs\\medify_test-development\\vendor\\laravel\\framework\\src\\Illuminate\\Pipeline\\Pipeline.php(180): Illuminate\\Foundation\\Http\\Middleware\\ConvertEmptyStringsToNull->handle()
#31 E:\\Apache24\\htdocs\\medify_test-development\\vendor\\laravel\\framework\\src\\Illuminate\\Foundation\\Http\\Middleware\\TransformsRequest.php(21): Illuminate\\Pipeline\\Pipeline->Illuminate\\Pipeline\\{closure}()
#32 E:\\Apache24\\htdocs\\medify_test-development\\vendor\\laravel\\framework\\src\\Illuminate\\Foundation\\Http\\Middleware\\TrimStrings.php(40): Illuminate\\Foundation\\Http\\Middleware\\TransformsRequest->handle()
#33 E:\\Apache24\\htdocs\\medify_test-development\\vendor\\laravel\\framework\\src\\Illuminate\\Pipeline\\Pipeline.php(180): Illuminate\\Foundation\\Http\\Middleware\\TrimStrings->handle()
#34 E:\\Apache24\\htdocs\\medify_test-development\\vendor\\laravel\\framework\\src\\Illuminate\\Foundation\\Http\\Middleware\\ValidatePostSize.php(27): Illuminate\\Pipeline\\Pipeline->Illuminate\\Pipeline\\{closure}()
#35 E:\\Apache24\\htdocs\\medify_test-development\\vendor\\laravel\\framework\\src\\Illuminate\\Pipeline\\Pipeline.php(180): Illuminate\\Foundation\\Http\\Middleware\\ValidatePostSize->handle()
#36 E:\\Apache24\\htdocs\\medify_test-development\\vendor\\laravel\\framework\\src\\Illuminate\\Foundation\\Http\\Middleware\\PreventRequestsDuringMaintenance.php(86): Illuminate\\Pipeline\\Pipeline->Illuminate\\Pipeline\\{closure}()
#37 E:\\Apache24\\htdocs\\medify_test-development\\vendor\\laravel\\framework\\src\\Illuminate\\Pipeline\\Pipeline.php(180): Illuminate\\Foundation\\Http\\Middleware\\PreventRequestsDuringMaintenance->handle()
#38 E:\\Apache24\\htdocs\\medify_test-development\\vendor\\laravel\\framework\\src\\Illuminate\\Http\\Middleware\\HandleCors.php(49): Illuminate\\Pipeline\\Pipeline->Illuminate\\Pipeline\\{closure}()
#39 E:\\Apache24\\htdocs\\medify_test-development\\vendor\\laravel\\framework\\src\\Illuminate\\Pipeline\\Pipeline.php(180): Illuminate\\Http\\Middleware\\HandleCors->handle()
#40 E:\\Apache24\\htdocs\\medify_test-development\\vendor\\laravel\\framework\\src\\Illuminate\\Http\\Middleware\\TrustProxies.php(39): Illuminate\\Pipeline\\Pipeline->Illuminate\\Pipeline\\{closure}()
#41 E:\\Apache24\\htdocs\\medify_test-development\\vendor\\laravel\\framework\\src\\Illuminate\\Pipeline\\Pipeline.php(180): Illuminate\\Http\\Middleware\\TrustProxies->handle()
#42 E:\\Apache24\\htdocs\\medify_test-development\\vendor\\laravel\\framework\\src\\Illuminate\\Pipeline\\Pipeline.php(116): Illuminate\\Pipeline\\Pipeline->Illuminate\\Pipeline\\{closure}()
#43 E:\\Apache24\\htdocs\\medify_test-development\\vendor\\laravel\\framework\\src\\Illuminate\\Foundation\\Http\\Kernel.php(165): Illuminate\\Pipeline\\Pipeline->then()
#44 E:\\Apache24\\htdocs\\medify_test-development\\vendor\\laravel\\framework\\src\\Illuminate\\Foundation\\Http\\Kernel.php(134): Illuminate\\Foundation\\Http\\Kernel->sendRequestThroughRouter()
#45 E:\\Apache24\\htdocs\\medify_test-development\\public\\index.php(51): Illuminate\\Foundation\\Http\\Kernel->handle()
#46 E:\\Apache24\\htdocs\\medify_test-development\\vendor\\laravel\\framework\\src\\Illuminate\\Foundation\\resources\\server.php(16): require_once('...')
#47 {main}
"} 
[2026-10-06 04:29:56] local.ERROR: Command "run" is not defined.

Did you mean one of these?
    model:prune
    queue:prune-batches
    queue:prune-failed
    sanctum:prune-expired
    schedule:run {"exception":"[object] (Symfony\\Component\\Console\\Exception\\CommandNotFoundException(code: 0): Command \"run\" is not defined.

Did you mean one of these?
    model:prune
    queue:prune-batches
    queue:prune-failed
    sanctum:prune-expired
    schedule:run at E:\\Apache24\\htdocs\\medify_test-development\\vendor\\symfony\\console\\Application.php:745)
[stacktrace]
#0 E:\\Apache24\\htdocs\\medify_test-development\\vendor\\symfony\\console\\Application.php(266): Symfony\\Component\\Console\\Application->find()
#1 E:\\Apache24\\htdocs\\medify_test-development\\vendor\\symfony\\console\\Application.php(175): Symfony\\Component\\Console\\Application->doRun()
#2 E:\\Apache24\\htdocs\\medify_test-development\\vendor\\laravel\\framework\\src\\Illuminate\\Console\\Application.php(102): Symfony\\Component\\Console\\Application->run()
#3 E:\\Apache24\\htdocs\\medify_test-development\\vendor\\laravel\\framework\\src\\Illuminate\\Foundation\\Console\\Kernel.php(155): Illuminate\\Console\\Application->run()
#4 E:\\Apache24\\htdocs\\medify_test-development\\artisan(35): Illuminate\\Foundation\\Console\\Kernel->handle()
#5 {main}
"} 
[2026-10-06 06:02:51] local.ERROR: View [master_items.form] not found. {"userId":1,"exception":"[object] (InvalidArgumentException(code: 0): View [master_items.form] not found. at E:\\Apache24\\htdocs\\medify_test-development\\vendor\\laravel\\framework\\src\\Illuminate\\View\\FileViewFinder.php:137)
[stacktrace]
#0 E:\\Apache24\\htdocs\\medify_test-development\\vendor\\laravel\\framework\\src\\Illuminate\\View\\FileViewFinder.php(79): Illuminate\\View\\FileViewFinder->findInPaths()
#1 E:\\Apache24\\htdocs\\medify_test-development\\vendor\\laravel\\framework\\src\\Illuminate\\View\\Factory.php(137): Illuminate\\View\\FileViewFinder->find()
#2 E:\\Apache24\\htdocs\\medify_test-development\\vendor\\laravel\\framework\\src\\Illuminate\\Foundation\\helpers.php(1035): Illuminate\\View\\Factory->make()
#3 E:\\Apache24\\htdocs\\medify_test-development\\app\\Http\\Controllers\\MasterItemsController.php(97): view()
#4 E:\\Apache24\\htdocs\\medify_test-development\\vendor\\laravel\\framework\\src\\Illuminate\\Routing\\Controller.php(54): App\\Http\\Controllers\\MasterItemsController->formView()
#5 E:\\Apache24\\htdocs\\medify_test-development\\vendor\\laravel\\framework\\src\\Illuminate\\Routing\\ControllerDispatcher.php(43): Illuminate\\Routing\\Controller->callAction()
#6 E:\\Apache24\\htdocs\\medify_test-development\\vendor\\laravel\\framework\\src\\Illuminate\\Routing\\Route.php(259): Illuminate\\Routing\\ControllerDispatcher->dispatch()
#7 E:\\Apache24\\htdocs\\medify_test-development\\vendor\\laravel\\framework\\src\\Illuminate\\Routing\\Route.php(205): Illuminate\\Routing\\Route->runController()
#8 E:\\Apache24\\htdocs\\medify_test-development\\vendor\\laravel\\framework\\src\\Illuminate\\Routing\\Router.php(798): Illuminate\\Routing\\Route->run()
#9 E:\\Apache24\\htdocs\\medify_test-development\\vendor\\laravel\\framework\\src\\Illuminate\\Pipeline\\Pipeline.php(141): Illuminate\\Routing\\Router->Illuminate\\Routing\\{closure}()
#10 E:\\Apache24\\htdocs\\medify_test-development\\vendor\\laravel\\framework\\src\\Illuminate\\Routing\\Middleware\\SubstituteBindings.php(50): Illuminate\\Pipeline\\Pipeline->Illuminate\\Pipeline\\{closure}()
#11 E:\\Apache24\\htdocs\\medify_test-development\\vendor\\laravel\\framework\\src\\Illuminate\\Pipeline\\Pipeline.php(180): Illuminate\\Routing\\Middleware\\SubstituteBindings->handle()
#12 E:\\Apache24\\htdocs\\medify_test-development\\vendor\\laravel\\framework\\src\\Illuminate\\Foundation\\Http\\Middleware\\VerifyCsrfToken.php(78): Illuminate\\Pipeline\\Pipeline->Illuminate\\Pipeline\\{closure}()
#13 E:\\Apache24\\htdocs\\medify_test-development\\vendor\\laravel\\framework\\src\\Illuminate\\Pipeline\\Pipeline.php(180): Illuminate\\Foundation\\Http\\Middleware\\VerifyCsrfToken->handle()
#14 E:\\Apache24\\htdocs\\medify_test-development\\vendor\\laravel\\framework\\src\\Illuminate\\View\\Middleware\\ShareErrorsFromSession.php(49): Illuminate\\Pipeline\\Pipeline->Illuminate\\Pipeline\\{closure}()
#15 E:\\Apache24\\htdocs\\medify_test-development\\vendor\\laravel\\framework\\src\\Illuminate\\Pipeline\\Pipeline.php(180): Illuminate\\View\\Middleware\\ShareErrorsFromSession->handle()
#16 E:\\Apache24\\htdocs\\medify_test-development\\vendor\\laravel\\framework\\src\\Illuminate\\Session\\Middleware\\StartSession.php(121): Illuminate\\Pipeline\\Pipeline->Illuminate\\Pipeline\\{closure}()
#17 E:\\Apache24\\htdocs\\medify_test-development\\vendor\\laravel\\framework\\src\\Illuminate\\Session\\Middleware\\StartSession.php(64): Illuminate\\Session\\Middleware\\StartSession->handleStatefulRequest()
#18 E:\\Apache24\\htdocs\\medify_test-development\\vendor\\laravel\\framework\\src\\Illuminate\\Pipeline\\Pipeline.php(180): Illuminate\\Session\\Middleware\\StartSession->handle()
#19 E:\\Apache24\\htdocs\\medify_test-development\\vendor\\laravel\\framework\\src\\Illuminate\\Cookie\\Middleware\\AddQueuedCookiesToResponse.php(37): Illuminate\\Pipeline\\Pipeline->Illuminate\\Pipeline\\{closure}()
#20 E:\\Apache24\\htdocs\\medify_test-development\\vendor\\laravel\\framework\\src\\Illuminate\\Pipeline\\Pipeline.php(180): Illuminate\\Cookie\\Middleware\\AddQueuedCookiesToResponse->handle()
#21 E:\\Apache24\\htdocs\\medify_test-development\\vendor\\laravel\\framework\\src\\Illuminate\\Cookie\\Middleware\\EncryptCookies.php(67): Illuminate\\Pipeline\\Pipeline->Illuminate\\Pipeline\\{closure}()
#22 E:\\Apache24\\htdocs\\medify_test-development\\vendor\\laravel\\framework\\src\\Illuminate\\Pipeline\\Pipeline.php(180): Illuminate\\Cookie\\Middleware\\EncryptCookies->handle()
#23 E:\\Apache24\\htdocs\\medify_test-development\\vendor\\laravel\\framework\\src\\Illuminate\\Pipeline\\Pipeline.php(116): Illuminate\\Pipeline\\Pipeline->Illuminate\\Pipeline\\{closure}()
#24 E:\\Apache24\\htdocs\\medify_test-development\\vendor\\laravel\\framework\\src\\Illuminate\\Routing\\Router.php(797): Illuminate\\Pipeline\\Pipeline->then()
#25 E:\\Apache24\\htdocs\\medify_test-development\\vendor\\laravel\\framework\\src\\Illuminate\\Routing\\Router.php(776): Illuminate\\Routing\\Router->runRouteWithinStack()
#26 E:\\Apache24\\htdocs\\medify_test-development\\vendor\\laravel\\framework\\src\\Illuminate\\Routing\\Router.php(740): Illuminate\\Routing\\Router->runRoute()
#27 E:\\Apache24\\htdocs\\medify_test-development\\vendor\\laravel\\framework\\src\\Illuminate\\Routing\\Router.php(729): Illuminate\\Routing\\Router->dispatchToRoute()
#28 E:\\Apache24\\htdocs\\medify_test-development\\vendor\\laravel\\framework\\src\\Illuminate\\Foundation\\Http\\Kernel.php(190): Illuminate\\Routing\\Router->dispatch()
#29 E:\\Apache24\\htdocs\\medify_test-development\\vendor\\laravel\\framework\\src\\Illuminate\\Pipeline\\Pipeline.php(141): Illuminate\\Foundation\\Http\\Kernel->Illuminate\\Foundation\\Http\\{closure}()
#30 E:\\Apache24\\htdocs\\medify_test-development\\vendor\\laravel\\framework\\src\\Illuminate\\Foundation\\Http\\Middleware\\TransformsRequest.php(21): Illuminate\\Pipeline\\Pipeline->Illuminate\\Pipeline\\{closure}()
#31 E:\\Apache24\\htdocs\\medify_test-development\\vendor\\laravel\\framework\\src\\Illuminate\\Foundation\\Http\\Middleware\\ConvertEmptyStringsToNull.php(31): Illuminate\\Foundation\\Http\\Middleware\\TransformsRequest->handle()
#32 E:\\Apache24\\htdocs\\medify_test-development\\vendor\\laravel\\framework\\src\\Illuminate\\Pipeline\\Pipeline.php(180): Illuminate\\Foundation\\Http\\Middleware\\ConvertEmptyStringsToNull->handle()
#33 E:\\Apache24\\htdocs\\medify_test-development\\vendor\\laravel\\framework\\src\\Illuminate\\Foundation\\Http\\Middleware\\TransformsRequest.php(21): Illuminate\\Pipeline\\Pipeline->Illuminate\\Pipeline\\{closure}()
#34 E:\\Apache24\\htdocs\\medify_test-development\\vendor\\laravel\\framework\\src\\Illuminate\\Foundation\\Http\\Middleware\\TrimStrings.php(40): Illuminate\\Foundation\\Http\\Middleware\\TransformsRequest->handle()
#35 E:\\Apache24\\htdocs\\medify_test-development\\vendor\\laravel\\framework\\src\\Illuminate\\Pipeline\\Pipeline.php(180): Illuminate\\Foundation\\Http\\Middleware\\TrimStrings->handle()
#36 E:\\Apache24\\htdocs\\medify_test-development\\vendor\\laravel\\framework\\src\\Illuminate\\Foundation\\Http\\Middleware\\ValidatePostSize.php(27): Illuminate\\Pipeline\\Pipeline->Illuminate\\Pipeline\\{closure}()
#37 E:\\Apache24\\htdocs\\medify_test-development\\vendor\\laravel\\framework\\src\\Illuminate\\Pipeline\\Pipeline.php(180): Illuminate\\Foundation\\Http\\Middleware\\ValidatePostSize->handle()
#38 E:\\Apache24\\htdocs\\medify_test-development\\vendor\\laravel\\framework\\src\\Illuminate\\Foundation\\Http\\Middleware\\PreventRequestsDuringMaintenance.php(86): Illuminate\\Pipeline\\Pipeline->Illuminate\\Pipeline\\{closure}()
#39 E:\\Apache24\\htdocs\\medify_test-development\\vendor\\laravel\\framework\\src\\Illuminate\\Pipeline\\Pipeline.php(180): Illuminate\\Foundation\\Http\\Middleware\\PreventRequestsDuringMaintenance->handle()
#40 E:\\Apache24\\htdocs\\medify_test-development\\vendor\\laravel\\framework\\src\\Illuminate\\Http\\Middleware\\HandleCors.php(49): Illuminate\\Pipeline\\Pipeline->Illuminate\\Pipeline\\{closure}()
#41 E:\\Apache24\\htdocs\\medify_test-development\\vendor\\laravel\\framework\\src\\Illuminate\\Pipeline\\Pipeline.php(180): Illuminate\\Http\\Middleware\\HandleCors->handle()
#42 E:\\Apache24\\htdocs\\medify_test-development\\vendor\\laravel\\framework\\src\\Illuminate\\Http\\Middleware\\TrustProxies.php(39): Illuminate\\Pipeline\\Pipeline->Illuminate\\Pipeline\\{closure}()
#43 E:\\Apache24\\htdocs\\medify_test-development\\vendor\\laravel\\framework\\src\\Illuminate\\Pipeline\\Pipeline.php(180): Illuminate\\Http\\Middleware\\TrustProxies->handle()
#44 E:\\Apache24\\htdocs\\medify_test-development\\vendor\\laravel\\framework\\src\\Illuminate\\Pipeline\\Pipeline.php(116): Illuminate\\Pipeline\\Pipeline->Illuminate\\Pipeline\\{closure}()
#45 E:\\Apache24\\htdocs\\medify_test-development\\vendor\\laravel\\framework\\src\\Illuminate\\Foundation\\Http\\Kernel.php(165): Illuminate\\Pipeline\\Pipeline->then()
#46 E:\\Apache24\\htdocs\\medify_test-development\\vendor\\laravel\\framework\\src\\Illuminate\\Foundation\\Http\\Kernel.php(134): Illuminate\\Foundation\\Http\\Kernel->sendRequestThroughRouter()
#47 E:\\Apache24\\htdocs\\medify_test-development\\public\\index.php(51): Illuminate\\Foundation\\Http\\Kernel->handle()
#48 E:\\Apache24\\htdocs\\medify_test-development\\vendor\\laravel\\framework\\src\\Illuminate\\Foundation\\resources\\server.php(16): require_once('...')
#49 {main}
"} 
[2026-10-06 06:03:07] local.ERROR: View [master_items.form] not found. {"userId":1,"exception":"[object] (InvalidArgumentException(code: 0): View [master_items.form] not found. at E:\\Apache24\\htdocs\\medify_test-development\\vendor\\laravel\\framework\\src\\Illuminate\\View\\FileViewFinder.php:137)
[stacktrace]
#0 E:\\Apache24\\htdocs\\medify_test-development\\vendor\\laravel\\framework\\src\\Illuminate\\View\\FileViewFinder.php(79): Illuminate\\View\\FileViewFinder->findInPaths()
#1 E:\\Apache24\\htdocs\\medify_test-development\\vendor\\laravel\\framework\\src\\Illuminate\\View\\Factory.php(137): Illuminate\\View\\FileViewFinder->find()
#2 E:\\Apache24\\htdocs\\medify_test-development\\vendor\\laravel\\framework\\src\\Illuminate\\Foundation\\helpers.php(1035): Illuminate\\View\\Factory->make()
#3 E:\\Apache24\\htdocs\\medify_test-development\\app\\Http\\Controllers\\MasterItemsController.php(97): view()
#4 E:\\Apache24\\htdocs\\medify_test-development\\vendor\\laravel\\framework\\src\\Illuminate\\Routing\\Controller.php(54): App\\Http\\Controllers\\MasterItemsController->formView()
#5 E:\\Apache24\\htdocs\\medify_test-development\\vendor\\laravel\\framework\\src\\Illuminate\\Routing\\ControllerDispatcher.php(43): Illuminate\\Routing\\Controller->callAction()
#6 E:\\Apache24\\htdocs\\medify_test-development\\vendor\\laravel\\framework\\src\\Illuminate\\Routing\\Route.php(259): Illuminate\\Routing\\ControllerDispatcher->dispatch()
#7 E:\\Apache24\\htdocs\\medify_test-development\\vendor\\laravel\\framework\\src\\Illuminate\\Routing\\Route.php(205): Illuminate\\Routing\\Route->runController()
#8 E:\\Apache24\\htdocs\\medify_test-development\\vendor\\laravel\\framework\\src\\Illuminate\\Routing\\Router.php(798): Illuminate\\Routing\\Route->run()
#9 E:\\Apache24\\htdocs\\medify_test-development\\vendor\\laravel\\framework\\src\\Illuminate\\Pipeline\\Pipeline.php(141): Illuminate\\Routing\\Router->Illuminate\\Routing\\{closure}()
#10 E:\\Apache24\\htdocs\\medify_test-development\\vendor\\laravel\\framework\\src\\Illuminate\\Routing\\Middleware\\SubstituteBindings.php(50): Illuminate\\Pipeline\\Pipeline->Illuminate\\Pipeline\\{closure}()
#11 E:\\Apache24\\htdocs\\medify_test-development\\vendor\\laravel\\framework\\src\\Illuminate\\Pipeline\\Pipeline.php(180): Illuminate\\Routing\\Middleware\\SubstituteBindings->handle()
#12 E:\\Apache24\\htdocs\\medify_test-development\\vendor\\laravel\\framework\\src\\Illuminate\\Foundation\\Http\\Middleware\\VerifyCsrfToken.php(78): Illuminate\\Pipeline\\Pipeline->Illuminate\\Pipeline\\{closure}()
#13 E:\\Apache24\\htdocs\\medify_test-development\\vendor\\laravel\\framework\\src\\Illuminate\\Pipeline\\Pipeline.php(180): Illuminate\\Foundation\\Http\\Middleware\\VerifyCsrfToken->handle()
#14 E:\\Apache24\\htdocs\\medify_test-development\\vendor\\laravel\\framework\\src\\Illuminate\\View\\Middleware\\ShareErrorsFromSession.php(49): Illuminate\\Pipeline\\Pipeline->Illuminate\\Pipeline\\{closure}()
#15 E:\\Apache24\\htdocs\\medify_test-development\\vendor\\laravel\\framework\\src\\Illuminate\\Pipeline\\Pipeline.php(180): Illuminate\\View\\Middleware\\ShareErrorsFromSession->handle()
#16 E:\\Apache24\\htdocs\\medify_test-development\\vendor\\laravel\\framework\\src\\Illuminate\\Session\\Middleware\\StartSession.php(121): Illuminate\\Pipeline\\Pipeline->Illuminate\\Pipeline\\{closure}()
#17 E:\\Apache24\\htdocs\\medify_test-development\\vendor\\laravel\\framework\\src\\Illuminate\\Session\\Middleware\\StartSession.php(64): Illuminate\\Session\\Middleware\\StartSession->handleStatefulRequest()
#18 E:\\Apache24\\htdocs\\medify_test-development\\vendor\\laravel\\framework\\src\\Illuminate\\Pipeline\\Pipeline.php(180): Illuminate\\Session\\Middleware\\StartSession->handle()
#19 E:\\Apache24\\htdocs\\medify_test-development\\vendor\\laravel\\framework\\src\\Illuminate\\Cookie\\Middleware\\AddQueuedCookiesToResponse.php(37): Illuminate\\Pipeline\\Pipeline->Illuminate\\Pipeline\\{closure}()
#20 E:\\Apache24\\htdocs\\medify_test-development\\vendor\\laravel\\framework\\src\\Illuminate\\Pipeline\\Pipeline.php(180): Illuminate\\Cookie\\Middleware\\AddQueuedCookiesToResponse->handle()
#21 E:\\Apache24\\htdocs\\medify_test-development\\vendor\\laravel\\framework\\src\\Illuminate\\Cookie\\Middleware\\EncryptCookies.php(67): Illuminate\\Pipeline\\Pipeline->Illuminate\\Pipeline\\{closure}()
#22 E:\\Apache24\\htdocs\\medify_test-development\\vendor\\laravel\\framework\\src\\Illuminate\\Pipeline\\Pipeline.php(180): Illuminate\\Cookie\\Middleware\\EncryptCookies->handle()
#23 E:\\Apache24\\htdocs\\medify_test-development\\vendor\\laravel\\framework\\src\\Illuminate\\Pipeline\\Pipeline.php(116): Illuminate\\Pipeline\\Pipeline->Illuminate\\Pipeline\\{closure}()
#24 E:\\Apache24\\htdocs\\medify_test-development\\vendor\\laravel\\framework\\src\\Illuminate\\Routing\\Router.php(797): Illuminate\\Pipeline\\Pipeline->then()
#25 E:\\Apache24\\htdocs\\medify_test-development\\vendor\\laravel\\framework\\src\\Illuminate\\Routing\\Router.php(776): Illuminate\\Routing\\Router->runRouteWithinStack()
#26 E:\\Apache24\\htdocs\\medify_test-development\\vendor\\laravel\\framework\\src\\Illuminate\\Routing\\Router.php(740): Illuminate\\Routing\\Router->runRoute()
#27 E:\\Apache24\\htdocs\\medify_test-development\\vendor\\laravel\\framework\\src\\Illuminate\\Routing\\Router.php(729): Illuminate\\Routing\\Router->dispatchToRoute()
#28 E:\\Apache24\\htdocs\\medify_test-development\\vendor\\laravel\\framework\\src\\Illuminate\\Foundation\\Http\\Kernel.php(190): Illuminate\\Routing\\Router->dispatch()
#29 E:\\Apache24\\htdocs\\medify_test-development\\vendor\\laravel\\framework\\src\\Illuminate\\Pipeline\\Pipeline.php(141): Illuminate\\Foundation\\Http\\Kernel->Illuminate\\Foundation\\Http\\{closure}()
#30 E:\\Apache24\\htdocs\\medify_test-development\\vendor\\laravel\\framework\\src\\Illuminate\\Foundation\\Http\\Middleware\\TransformsRequest.php(21): Illuminate\\Pipeline\\Pipeline->Illuminate\\Pipeline\\{closure}()
#31 E:\\Apache24\\htdocs\\medify_test-development\\vendor\\laravel\\framework\\src\\Illuminate\\Foundation\\Http\\Middleware\\ConvertEmptyStringsToNull.php(31): Illuminate\\Foundation\\Http\\Middleware\\TransformsRequest->handle()
#32 E:\\Apache24\\htdocs\\medify_test-development\\vendor\\laravel\\framework\\src\\Illuminate\\Pipeline\\Pipeline.php(180): Illuminate\\Foundation\\Http\\Middleware\\ConvertEmptyStringsToNull->handle()
#33 E:\\Apache24\\htdocs\\medify_test-development\\vendor\\laravel\\framework\\src\\Illuminate\\Foundation\\Http\\Middleware\\TransformsRequest.php(21): Illuminate\\Pipeline\\Pipeline->Illuminate\\Pipeline\\{closure}()
#34 E:\\Apache24\\htdocs\\medify_test-development\\vendor\\laravel\\framework\\src\\Illuminate\\Foundation\\Http\\Middleware\\TrimStrings.php(40): Illuminate\\Foundation\\Http\\Middleware\\TransformsRequest->handle()
#35 E:\\Apache24\\htdocs\\medify_test-development\\vendor\\laravel\\framework\\src\\Illuminate\\Pipeline\\Pipeline.php(180): Illuminate\\Foundation\\Http\\Middleware\\TrimStrings->handle()
#36 E:\\Apache24\\htdocs\\medify_test-development\\vendor\\laravel\\framework\\src\\Illuminate\\Foundation\\Http\\Middleware\\ValidatePostSize.php(27): Illuminate\\Pipeline\\Pipeline->Illuminate\\Pipeline\\{closure}()
#37 E:\\Apache24\\htdocs\\medify_test-development\\vendor\\laravel\\framework\\src\\Illuminate\\Pipeline\\Pipeline.php(180): Illuminate\\Foundation\\Http\\Middleware\\ValidatePostSize->handle()
#38 E:\\Apache24\\htdocs\\medify_test-development\\vendor\\laravel\\framework\\src\\Illuminate\\Foundation\\Http\\Middleware\\PreventRequestsDuringMaintenance.php(86): Illuminate\\Pipeline\\Pipeline->Illuminate\\Pipeline\\{closure}()
#39 E:\\Apache24\\htdocs\\medify_test-development\\vendor\\laravel\\framework\\src\\Illuminate\\Pipeline\\Pipeline.php(180): Illuminate\\Foundation\\Http\\Middleware\\PreventRequestsDuringMaintenance->handle()
#40 E:\\Apache24\\htdocs\\medify_test-development\\vendor\\laravel\\framework\\src\\Illuminate\\Http\\Middleware\\HandleCors.php(49): Illuminate\\Pipeline\\Pipeline->Illuminate\\Pipeline\\{closure}()
#41 E:\\Apache24\\htdocs\\medify_test-development\\vendor\\laravel\\framework\\src\\Illuminate\\Pipeline\\Pipeline.php(180): Illuminate\\Http\\Middleware\\HandleCors->handle()
#42 E:\\Apache24\\htdocs\\medify_test-development\\vendor\\laravel\\framework\\src\\Illuminate\\Http\\Middleware\\TrustProxies.php(39): Illuminate\\Pipeline\\Pipeline->Illuminate\\Pipeline\\{closure}()
#43 E:\\Apache24\\htdocs\\medify_test-development\\vendor\\laravel\\framework\\src\\Illuminate\\Pipeline\\Pipeline.php(180): Illuminate\\Http\\Middleware\\TrustProxies->handle()
#44 E:\\Apache24\\htdocs\\medify_test-development\\vendor\\laravel\\framework\\src\\Illuminate\\Pipeline\\Pipeline.php(116): Illuminate\\Pipeline\\Pipeline->Illuminate\\Pipeline\\{closure}()
#45 E:\\Apache24\\htdocs\\medify_test-development\\vendor\\laravel\\framework\\src\\Illuminate\\Foundation\\Http\\Kernel.php(165): Illuminate\\Pipeline\\Pipeline->then()
#46 E:\\Apache24\\htdocs\\medify_test-development\\vendor\\laravel\\framework\\src\\Illuminate\\Foundation\\Http\\Kernel.php(134): Illuminate\\Foundation\\Http\\Kernel->sendRequestThroughRouter()
#47 E:\\Apache24\\htdocs\\medify_test-development\\public\\index.php(51): Illuminate\\Foundation\\Http\\Kernel->handle()
#48 E:\\Apache24\\htdocs\\medify_test-development\\vendor\\laravel\\framework\\src\\Illuminate\\Foundation\\resources\\server.php(16): require_once('...')
#49 {main}
"} 
[2026-10-06 06:04:31] local.ERROR: View [master_items.form] not found. {"userId":1,"exception":"[object] (InvalidArgumentException(code: 0): View [master_items.form] not found. at E:\\Apache24\\htdocs\\medify_test-development\\vendor\\laravel\\framework\\src\\Illuminate\\View\\FileViewFinder.php:137)
[stacktrace]
#0 E:\\Apache24\\htdocs\\medify_test-development\\vendor\\laravel\\framework\\src\\Illuminate\\View\\FileViewFinder.php(79): Illuminate\\View\\FileViewFinder->findInPaths()
#1 E:\\Apache24\\htdocs\\medify_test-development\\vendor\\laravel\\framework\\src\\Illuminate\\View\\Factory.php(137): Illuminate\\View\\FileViewFinder->find()
#2 E:\\Apache24\\htdocs\\medify_test-development\\vendor\\laravel\\framework\\src\\Illuminate\\Foundation\\helpers.php(1035): Illuminate\\View\\Factory->make()
#3 E:\\Apache24\\htdocs\\medify_test-development\\app\\Http\\Controllers\\MasterItemsController.php(97): view()
#4 E:\\Apache24\\htdocs\\medify_test-development\\vendor\\laravel\\framework\\src\\Illuminate\\Routing\\Controller.php(54): App\\Http\\Controllers\\MasterItemsController->formView()
#5 E:\\Apache24\\htdocs\\medify_test-development\\vendor\\laravel\\framework\\src\\Illuminate\\Routing\\ControllerDispatcher.php(43): Illuminate\\Routing\\Controller->callAction()
#6 E:\\Apache24\\htdocs\\medify_test-development\\vendor\\laravel\\framework\\src\\Illuminate\\Routing\\Route.php(259): Illuminate\\Routing\\ControllerDispatcher->dispatch()
#7 E:\\Apache24\\htdocs\\medify_test-development\\vendor\\laravel\\framework\\src\\Illuminate\\Routing\\Route.php(205): Illuminate\\Routing\\Route->runController()
#8 E:\\Apache24\\htdocs\\medify_test-development\\vendor\\laravel\\framework\\src\\Illuminate\\Routing\\Router.php(798): Illuminate\\Routing\\Route->run()
#9 E:\\Apache24\\htdocs\\medify_test-development\\vendor\\laravel\\framework\\src\\Illuminate\\Pipeline\\Pipeline.php(141): Illuminate\\Routing\\Router->Illuminate\\Routing\\{closure}()
#10 E:\\Apache24\\htdocs\\medify_test-development\\vendor\\laravel\\framework\\src\\Illuminate\\Routing\\Middleware\\SubstituteBindings.php(50): Illuminate\\Pipeline\\Pipeline->Illuminate\\Pipeline\\{closure}()
#11 E:\\Apache24\\htdocs\\medify_test-development\\vendor\\laravel\\framework\\src\\Illuminate\\Pipeline\\Pipeline.php(180): Illuminate\\Routing\\Middleware\\SubstituteBindings->handle()
#12 E:\\Apache24\\htdocs\\medify_test-development\\vendor\\laravel\\framework\\src\\Illuminate\\Foundation\\Http\\Middleware\\VerifyCsrfToken.php(78): Illuminate\\Pipeline\\Pipeline->Illuminate\\Pipeline\\{closure}()
#13 E:\\Apache24\\htdocs\\medify_test-development\\vendor\\laravel\\framework\\src\\Illuminate\\Pipeline\\Pipeline.php(180): Illuminate\\Foundation\\Http\\Middleware\\VerifyCsrfToken->handle()
#14 E:\\Apache24\\htdocs\\medify_test-development\\vendor\\laravel\\framework\\src\\Illuminate\\View\\Middleware\\ShareErrorsFromSession.php(49): Illuminate\\Pipeline\\Pipeline->Illuminate\\Pipeline\\{closure}()
#15 E:\\Apache24\\htdocs\\medify_test-development\\vendor\\laravel\\framework\\src\\Illuminate\\Pipeline\\Pipeline.php(180): Illuminate\\View\\Middleware\\ShareErrorsFromSession->handle()
#16 E:\\Apache24\\htdocs\\medify_test-development\\vendor\\laravel\\framework\\src\\Illuminate\\Session\\Middleware\\StartSession.php(121): Illuminate\\Pipeline\\Pipeline->Illuminate\\Pipeline\\{closure}()
#17 E:\\Apache24\\htdocs\\medify_test-development\\vendor\\laravel\\framework\\src\\Illuminate\\Session\\Middleware\\StartSession.php(64): Illuminate\\Session\\Middleware\\StartSession->handleStatefulRequest()
#18 E:\\Apache24\\htdocs\\medify_test-development\\vendor\\laravel\\framework\\src\\Illuminate\\Pipeline\\Pipeline.php(180): Illuminate\\Session\\Middleware\\StartSession->handle()
#19 E:\\Apache24\\htdocs\\medify_test-development\\vendor\\laravel\\framework\\src\\Illuminate\\Cookie\\Middleware\\AddQueuedCookiesToResponse.php(37): Illuminate\\Pipeline\\Pipeline->Illuminate\\Pipeline\\{closure}()
#20 E:\\Apache24\\htdocs\\medify_test-development\\vendor\\laravel\\framework\\src\\Illuminate\\Pipeline\\Pipeline.php(180): Illuminate\\Cookie\\Middleware\\AddQueuedCookiesToResponse->handle()
#21 E:\\Apache24\\htdocs\\medify_test-development\\vendor\\laravel\\framework\\src\\Illuminate\\Cookie\\Middleware\\EncryptCookies.php(67): Illuminate\\Pipeline\\Pipeline->Illuminate\\Pipeline\\{closure}()
#22 E:\\Apache24\\htdocs\\medify_test-development\\vendor\\laravel\\framework\\src\\Illuminate\\Pipeline\\Pipeline.php(180): Illuminate\\Cookie\\Middleware\\EncryptCookies->handle()
#23 E:\\Apache24\\htdocs\\medify_test-development\\vendor\\laravel\\framework\\src\\Illuminate\\Pipeline\\Pipeline.php(116): Illuminate\\Pipeline\\Pipeline->Illuminate\\Pipeline\\{closure}()
#24 E:\\Apache24\\htdocs\\medify_test-development\\vendor\\laravel\\framework\\src\\Illuminate\\Routing\\Router.php(797): Illuminate\\Pipeline\\Pipeline->then()
#25 E:\\Apache24\\htdocs\\medify_test-development\\vendor\\laravel\\framework\\src\\Illuminate\\Routing\\Router.php(776): Illuminate\\Routing\\Router->runRouteWithinStack()
#26 E:\\Apache24\\htdocs\\medify_test-development\\vendor\\laravel\\framework\\src\\Illuminate\\Routing\\Router.php(740): Illuminate\\Routing\\Router->runRoute()
#27 E:\\Apache24\\htdocs\\medify_test-development\\vendor\\laravel\\framework\\src\\Illuminate\\Routing\\Router.php(729): Illuminate\\Routing\\Router->dispatchToRoute()
#28 E:\\Apache24\\htdocs\\medify_test-development\\vendor\\laravel\\framework\\src\\Illuminate\\Foundation\\Http\\Kernel.php(190): Illuminate\\Routing\\Router->dispatch()
#29 E:\\Apache24\\htdocs\\medify_test-development\\vendor\\laravel\\framework\\src\\Illuminate\\Pipeline\\Pipeline.php(141): Illuminate\\Foundation\\Http\\Kernel->Illuminate\\Foundation\\Http\\{closure}()
#30 E:\\Apache24\\htdocs\\medify_test-development\\vendor\\laravel\\framework\\src\\Illuminate\\Foundation\\Http\\Middleware\\TransformsRequest.php(21): Illuminate\\Pipeline\\Pipeline->Illuminate\\Pipeline\\{closure}()
#31 E:\\Apache24\\htdocs\\medify_test-development\\vendor\\laravel\\framework\\src\\Illuminate\\Foundation\\Http\\Middleware\\ConvertEmptyStringsToNull.php(31): Illuminate\\Foundation\\Http\\Middleware\\TransformsRequest->handle()
#32 E:\\Apache24\\htdocs\\medify_test-development\\vendor\\laravel\\framework\\src\\Illuminate\\Pipeline\\Pipeline.php(180): Illuminate\\Foundation\\Http\\Middleware\\ConvertEmptyStringsToNull->handle()
#33 E:\\Apache24\\htdocs\\medify_test-development\\vendor\\laravel\\framework\\src\\Illuminate\\Foundation\\Http\\Middleware\\TransformsRequest.php(21): Illuminate\\Pipeline\\Pipeline->Illuminate\\Pipeline\\{closure}()
#34 E:\\Apache24\\htdocs\\medify_test-development\\vendor\\laravel\\framework\\src\\Illuminate\\Foundation\\Http\\Middleware\\TrimStrings.php(40): Illuminate\\Foundation\\Http\\Middleware\\TransformsRequest->handle()
#35 E:\\Apache24\\htdocs\\medify_test-development\\vendor\\laravel\\framework\\src\\Illuminate\\Pipeline\\Pipeline.php(180): Illuminate\\Foundation\\Http\\Middleware\\TrimStrings->handle()
#36 E:\\Apache24\\htdocs\\medify_test-development\\vendor\\laravel\\framework\\src\\Illuminate\\Foundation\\Http\\Middleware\\ValidatePostSize.php(27): Illuminate\\Pipeline\\Pipeline->Illuminate\\Pipeline\\{closure}()
#37 E:\\Apache24\\htdocs\\medify_test-development\\vendor\\laravel\\framework\\src\\Illuminate\\Pipeline\\Pipeline.php(180): Illuminate\\Foundation\\Http\\Middleware\\ValidatePostSize->handle()
#38 E:\\Apache24\\htdocs\\medify_test-development\\vendor\\laravel\\framework\\src\\Illuminate\\Foundation\\Http\\Middleware\\PreventRequestsDuringMaintenance.php(86): Illuminate\\Pipeline\\Pipeline->Illuminate\\Pipeline\\{closure}()
#39 E:\\Apache24\\htdocs\\medify_test-development\\vendor\\laravel\\framework\\src\\Illuminate\\Pipeline\\Pipeline.php(180): Illuminate\\Foundation\\Http\\Middleware\\PreventRequestsDuringMaintenance->handle()
#40 E:\\Apache24\\htdocs\\medify_test-development\\vendor\\laravel\\framework\\src\\Illuminate\\Http\\Middleware\\HandleCors.php(49): Illuminate\\Pipeline\\Pipeline->Illuminate\\Pipeline\\{closure}()
#41 E:\\Apache24\\htdocs\\medify_test-development\\vendor\\laravel\\framework\\src\\Illuminate\\Pipeline\\Pipeline.php(180): Illuminate\\Http\\Middleware\\HandleCors->handle()
#42 E:\\Apache24\\htdocs\\medify_test-development\\vendor\\laravel\\framework\\src\\Illuminate\\Http\\Middleware\\TrustProxies.php(39): Illuminate\\Pipeline\\Pipeline->Illuminate\\Pipeline\\{closure}()
#43 E:\\Apache24\\htdocs\\medify_test-development\\vendor\\laravel\\framework\\src\\Illuminate\\Pipeline\\Pipeline.php(180): Illuminate\\Http\\Middleware\\TrustProxies->handle()
#44 E:\\Apache24\\htdocs\\medify_test-development\\vendor\\laravel\\framework\\src\\Illuminate\\Pipeline\\Pipeline.php(116): Illuminate\\Pipeline\\Pipeline->Illuminate\\Pipeline\\{closure}()
#45 E:\\Apache24\\htdocs\\medify_test-development\\vendor\\laravel\\framework\\src\\Illuminate\\Foundation\\Http\\Kernel.php(165): Illuminate\\Pipeline\\Pipeline->then()
#46 E:\\Apache24\\htdocs\\medify_test-development\\vendor\\laravel\\framework\\src\\Illuminate\\Foundation\\Http\\Kernel.php(134): Illuminate\\Foundation\\Http\\Kernel->sendRequestThroughRouter()
#47 E:\\Apache24\\htdocs\\medify_test-development\\public\\index.php(51): Illuminate\\Foundation\\Http\\Kernel->handle()
#48 E:\\Apache24\\htdocs\\medify_test-development\\vendor\\laravel\\framework\\src\\Illuminate\\Foundation\\resources\\server.php(16): require_once('...')
#49 {main}
"} 
[2026-10-06 06:04:33] local.ERROR: View [master_items.form] not found. {"userId":1,"exception":"[object] (InvalidArgumentException(code: 0): View [master_items.form] not found. at E:\\Apache24\\htdocs\\medify_test-development\\vendor\\laravel\\framework\\src\\Illuminate\\View\\FileViewFinder.php:137)
[stacktrace]
#0 E:\\Apache24\\htdocs\\medify_test-development\\vendor\\laravel\\framework\\src\\Illuminate\\View\\FileViewFinder.php(79): Illuminate\\View\\FileViewFinder->findInPaths()
#1 E:\\Apache24\\htdocs\\medify_test-development\\vendor\\laravel\\framework\\src\\Illuminate\\View\\Factory.php(137): Illuminate\\View\\FileViewFinder->find()
#2 E:\\Apache24\\htdocs\\medify_test-development\\vendor\\laravel\\framework\\src\\Illuminate\\Foundation\\helpers.php(1035): Illuminate\\View\\Factory->make()
#3 E:\\Apache24\\htdocs\\medify_test-development\\app\\Http\\Controllers\\MasterItemsController.php(97): view()
#4 E:\\Apache24\\htdocs\\medify_test-development\\vendor\\laravel\\framework\\src\\Illuminate\\Routing\\Controller.php(54): App\\Http\\Controllers\\MasterItemsController->formView()
#5 E:\\Apache24\\htdocs\\medify_test-development\\vendor\\laravel\\framework\\src\\Illuminate\\Routing\\ControllerDispatcher.php(43): Illuminate\\Routing\\Controller->callAction()
#6 E:\\Apache24\\htdocs\\medify_test-development\\vendor\\laravel\\framework\\src\\Illuminate\\Routing\\Route.php(259): Illuminate\\Routing\\ControllerDispatcher->dispatch()
#7 E:\\Apache24\\htdocs\\medify_test-development\\vendor\\laravel\\framework\\src\\Illuminate\\Routing\\Route.php(205): Illuminate\\Routing\\Route->runController()
#8 E:\\Apache24\\htdocs\\medify_test-development\\vendor\\laravel\\framework\\src\\Illuminate\\Routing\\Router.php(798): Illuminate\\Routing\\Route->run()
#9 E:\\Apache24\\htdocs\\medify_test-development\\vendor\\laravel\\framework\\src\\Illuminate\\Pipeline\\Pipeline.php(141): Illuminate\\Routing\\Router->Illuminate\\Routing\\{closure}()
#10 E:\\Apache24\\htdocs\\medify_test-development\\vendor\\laravel\\framework\\src\\Illuminate\\Routing\\Middleware\\SubstituteBindings.php(50): Illuminate\\Pipeline\\Pipeline->Illuminate\\Pipeline\\{closure}()
#11 E:\\Apache24\\htdocs\\medify_test-development\\vendor\\laravel\\framework\\src\\Illuminate\\Pipeline\\Pipeline.php(180): Illuminate\\Routing\\Middleware\\SubstituteBindings->handle()
#12 E:\\Apache24\\htdocs\\medify_test-development\\vendor\\laravel\\framework\\src\\Illuminate\\Foundation\\Http\\Middleware\\VerifyCsrfToken.php(78): Illuminate\\Pipeline\\Pipeline->Illuminate\\Pipeline\\{closure}()
#13 E:\\Apache24\\htdocs\\medify_test-development\\vendor\\laravel\\framework\\src\\Illuminate\\Pipeline\\Pipeline.php(180): Illuminate\\Foundation\\Http\\Middleware\\VerifyCsrfToken->handle()
#14 E:\\Apache24\\htdocs\\medify_test-development\\vendor\\laravel\\framework\\src\\Illuminate\\View\\Middleware\\ShareErrorsFromSession.php(49): Illuminate\\Pipeline\\Pipeline->Illuminate\\Pipeline\\{closure}()
#15 E:\\Apache24\\htdocs\\medify_test-development\\vendor\\laravel\\framework\\src\\Illuminate\\Pipeline\\Pipeline.php(180): Illuminate\\View\\Middleware\\ShareErrorsFromSession->handle()
#16 E:\\Apache24\\htdocs\\medify_test-development\\vendor\\laravel\\framework\\src\\Illuminate\\Session\\Middleware\\StartSession.php(121): Illuminate\\Pipeline\\Pipeline->Illuminate\\Pipeline\\{closure}()
#17 E:\\Apache24\\htdocs\\medify_test-development\\vendor\\laravel\\framework\\src\\Illuminate\\Session\\Middleware\\StartSession.php(64): Illuminate\\Session\\Middleware\\StartSession->handleStatefulRequest()
#18 E:\\Apache24\\htdocs\\medify_test-development\\vendor\\laravel\\framework\\src\\Illuminate\\Pipeline\\Pipeline.php(180): Illuminate\\Session\\Middleware\\StartSession->handle()
#19 E:\\Apache24\\htdocs\\medify_test-development\\vendor\\laravel\\framework\\src\\Illuminate\\Cookie\\Middleware\\AddQueuedCookiesToResponse.php(37): Illuminate\\Pipeline\\Pipeline->Illuminate\\Pipeline\\{closure}()
#20 E:\\Apache24\\htdocs\\medify_test-development\\vendor\\laravel\\framework\\src\\Illuminate\\Pipeline\\Pipeline.php(180): Illuminate\\Cookie\\Middleware\\AddQueuedCookiesToResponse->handle()
#21 E:\\Apache24\\htdocs\\medify_test-development\\vendor\\laravel\\framework\\src\\Illuminate\\Cookie\\Middleware\\EncryptCookies.php(67): Illuminate\\Pipeline\\Pipeline->Illuminate\\Pipeline\\{closure}()
#22 E:\\Apache24\\htdocs\\medify_test-development\\vendor\\laravel\\framework\\src\\Illuminate\\Pipeline\\Pipeline.php(180): Illuminate\\Cookie\\Middleware\\EncryptCookies->handle()
#23 E:\\Apache24\\htdocs\\medify_test-development\\vendor\\laravel\\framework\\src\\Illuminate\\Pipeline\\Pipeline.php(116): Illuminate\\Pipeline\\Pipeline->Illuminate\\Pipeline\\{closure}()
#24 E:\\Apache24\\htdocs\\medify_test-development\\vendor\\laravel\\framework\\src\\Illuminate\\Routing\\Router.php(797): Illuminate\\Pipeline\\Pipeline->then()
#25 E:\\Apache24\\htdocs\\medify_test-development\\vendor\\laravel\\framework\\src\\Illuminate\\Routing\\Router.php(776): Illuminate\\Routing\\Router->runRouteWithinStack()
#26 E:\\Apache24\\htdocs\\medify_test-development\\vendor\\laravel\\framework\\src\\Illuminate\\Routing\\Router.php(740): Illuminate\\Routing\\Router->runRoute()
#27 E:\\Apache24\\htdocs\\medify_test-development\\vendor\\laravel\\framework\\src\\Illuminate\\Routing\\Router.php(729): Illuminate\\Routing\\Router->dispatchToRoute()
#28 E:\\Apache24\\htdocs\\medify_test-development\\vendor\\laravel\\framework\\src\\Illuminate\\Foundation\\Http\\Kernel.php(190): Illuminate\\Routing\\Router->dispatch()
#29 E:\\Apache24\\htdocs\\medify_test-development\\vendor\\laravel\\framework\\src\\Illuminate\\Pipeline\\Pipeline.php(141): Illuminate\\Foundation\\Http\\Kernel->Illuminate\\Foundation\\Http\\{closure}()
#30 E:\\Apache24\\htdocs\\medify_test-development\\vendor\\laravel\\framework\\src\\Illuminate\\Foundation\\Http\\Middleware\\TransformsRequest.php(21): Illuminate\\Pipeline\\Pipeline->Illuminate\\Pipeline\\{closure}()
#31 E:\\Apache24\\htdocs\\medify_test-development\\vendor\\laravel\\framework\\src\\Illuminate\\Foundation\\Http\\Middleware\\ConvertEmptyStringsToNull.php(31): Illuminate\\Foundation\\Http\\Middleware\\TransformsRequest->handle()
#32 E:\\Apache24\\htdocs\\medify_test-development\\vendor\\laravel\\framework\\src\\Illuminate\\Pipeline\\Pipeline.php(180): Illuminate\\Foundation\\Http\\Middleware\\ConvertEmptyStringsToNull->handle()
#33 E:\\Apache24\\htdocs\\medify_test-development\\vendor\\laravel\\framework\\src\\Illuminate\\Foundation\\Http\\Middleware\\TransformsRequest.php(21): Illuminate\\Pipeline\\Pipeline->Illuminate\\Pipeline\\{closure}()
#34 E:\\Apache24\\htdocs\\medify_test-development\\vendor\\laravel\\framework\\src\\Illuminate\\Foundation\\Http\\Middleware\\TrimStrings.php(40): Illuminate\\Foundation\\Http\\Middleware\\TransformsRequest->handle()
#35 E:\\Apache24\\htdocs\\medify_test-development\\vendor\\laravel\\framework\\src\\Illuminate\\Pipeline\\Pipeline.php(180): Illuminate\\Foundation\\Http\\Middleware\\TrimStrings->handle()
#36 E:\\Apache24\\htdocs\\medify_test-development\\vendor\\laravel\\framework\\src\\Illuminate\\Foundation\\Http\\Middleware\\ValidatePostSize.php(27): Illuminate\\Pipeline\\Pipeline->Illuminate\\Pipeline\\{closure}()
#37 E:\\Apache24\\htdocs\\medify_test-development\\vendor\\laravel\\framework\\src\\Illuminate\\Pipeline\\Pipeline.php(180): Illuminate\\Foundation\\Http\\Middleware\\ValidatePostSize->handle()
#38 E:\\Apache24\\htdocs\\medify_test-development\\vendor\\laravel\\framework\\src\\Illuminate\\Foundation\\Http\\Middleware\\PreventRequestsDuringMaintenance.php(86): Illuminate\\Pipeline\\Pipeline->Illuminate\\Pipeline\\{closure}()
#39 E:\\Apache24\\htdocs\\medify_test-development\\vendor\\laravel\\framework\\src\\Illuminate\\Pipeline\\Pipeline.php(180): Illuminate\\Foundation\\Http\\Middleware\\PreventRequestsDuringMaintenance->handle()
#40 E:\\Apache24\\htdocs\\medify_test-development\\vendor\\laravel\\framework\\src\\Illuminate\\Http\\Middleware\\HandleCors.php(49): Illuminate\\Pipeline\\Pipeline->Illuminate\\Pipeline\\{closure}()
#41 E:\\Apache24\\htdocs\\medify_test-development\\vendor\\laravel\\framework\\src\\Illuminate\\Pipeline\\Pipeline.php(180): Illuminate\\Http\\Middleware\\HandleCors->handle()
#42 E:\\Apache24\\htdocs\\medify_test-development\\vendor\\laravel\\framework\\src\\Illuminate\\Http\\Middleware\\TrustProxies.php(39): Illuminate\\Pipeline\\Pipeline->Illuminate\\Pipeline\\{closure}()
#43 E:\\Apache24\\htdocs\\medify_test-development\\vendor\\laravel\\framework\\src\\Illuminate\\Pipeline\\Pipeline.php(180): Illuminate\\Http\\Middleware\\TrustProxies->handle()
#44 E:\\Apache24\\htdocs\\medify_test-development\\vendor\\laravel\\framework\\src\\Illuminate\\Pipeline\\Pipeline.php(116): Illuminate\\Pipeline\\Pipeline->Illuminate\\Pipeline\\{closure}()
#45 E:\\Apache24\\htdocs\\medify_test-development\\vendor\\laravel\\framework\\src\\Illuminate\\Foundation\\Http\\Kernel.php(165): Illuminate\\Pipeline\\Pipeline->then()
#46 E:\\Apache24\\htdocs\\medify_test-development\\vendor\\laravel\\framework\\src\\Illuminate\\Foundation\\Http\\Kernel.php(134): Illuminate\\Foundation\\Http\\Kernel->sendRequestThroughRouter()
#47 E:\\Apache24\\htdocs\\medify_test-development\\public\\index.php(51): Illuminate\\Foundation\\Http\\Kernel->handle()
#48 E:\\Apache24\\htdocs\\medify_test-development\\vendor\\laravel\\framework\\src\\Illuminate\\Foundation\\resources\\server.php(16): require_once('...')
#49 {main}
"} 
[2026-10-06 06:05:11] local.ERROR: Undefined variable $data {"userId":1,"exception":"[object] (Spatie\\LaravelIgnition\\Exceptions\\ViewException(code: 0): Undefined variable $data at E:\\Apache24\\htdocs\\medify_test-development\\resources\\views\\master_items\\single\\index.blade.php:18)
[stacktrace]
#0 E:\\Apache24\\htdocs\\medify_test-development\\vendor\\laravel\\framework\\src\\Illuminate\\Foundation\\Bootstrap\\HandleExceptions.php(270): Illuminate\\Foundation\\Bootstrap\\HandleExceptions->handleError()
#1 E:\\Apache24\\htdocs\\medify_test-development\\resources\\views\\master_items\\single\\index.blade.php(18): Illuminate\\Foundation\\Bootstrap\\HandleExceptions->Illuminate\\Foundation\\Bootstrap\\{closure}()
#2 E:\\Apache24\\htdocs\\medify_test-development\\vendor\\laravel\\framework\\src\\Illuminate\\Filesystem\\Filesystem.php(109): require('...')
#3 E:\\Apache24\\htdocs\\medify_test-development\\vendor\\laravel\\framework\\src\\Illuminate\\Filesystem\\Filesystem.php(110): Illuminate\\Filesystem\\Filesystem::Illuminate\\Filesystem\\{closure}()
#4 E:\\Apache24\\htdocs\\medify_test-development\\vendor\\laravel\\framework\\src\\Illuminate\\View\\Engines\\PhpEngine.php(58): Illuminate\\Filesystem\\Filesystem->getRequire()
#5 E:\\Apache24\\htdocs\\medify_test-development\\vendor\\laravel\\framework\\src\\Illuminate\\View\\Engines\\CompilerEngine.php(70): Illuminate\\View\\Engines\\PhpEngine->evaluatePath()
#6 E:\\Apache24\\htdocs\\medify_test-development\\vendor\\laravel\\framework\\src\\Illuminate\\View\\View.php(195): Illuminate\\View\\Engines\\CompilerEngine->get()
#7 E:\\Apache24\\htdocs\\medify_test-development\\vendor\\laravel\\framework\\src\\Illuminate\\View\\View.php(178): Illuminate\\View\\View->getContents()
#8 E:\\Apache24\\htdocs\\medify_test-development\\vendor\\laravel\\framework\\src\\Illuminate\\View\\View.php(147): Illuminate\\View\\View->renderContents()
#9 E:\\Apache24\\htdocs\\medify_test-development\\vendor\\laravel\\framework\\src\\Illuminate\\Http\\Response.php(69): Illuminate\\View\\View->render()
#10 E:\\Apache24\\htdocs\\medify_test-development\\vendor\\laravel\\framework\\src\\Illuminate\\Http\\Response.php(35): Illuminate\\Http\\Response->setContent()
#11 E:\\Apache24\\htdocs\\medify_test-development\\vendor\\laravel\\framework\\src\\Illuminate\\Routing\\Router.php(906): Illuminate\\Http\\Response->__construct()
#12 E:\\Apache24\\htdocs\\medify_test-development\\vendor\\laravel\\framework\\src\\Illuminate\\Routing\\Router.php(875): Illuminate\\Routing\\Router::toResponse()
#13 E:\\Apache24\\htdocs\\medify_test-development\\vendor\\laravel\\framework\\src\\Illuminate\\Routing\\Router.php(797): Illuminate\\Routing\\Router->prepareResponse()
#14 E:\\Apache24\\htdocs\\medify_test-development\\vendor\\laravel\\framework\\src\\Illuminate\\Pipeline\\Pipeline.php(141): Illuminate\\Routing\\Router->Illuminate\\Routing\\{closure}()
#15 E:\\Apache24\\htdocs\\medify_test-development\\vendor\\laravel\\framework\\src\\Illuminate\\Routing\\Middleware\\SubstituteBindings.php(50): Illuminate\\Pipeline\\Pipeline->Illuminate\\Pipeline\\{closure}()
#16 E:\\Apache24\\htdocs\\medify_test-development\\vendor\\laravel\\framework\\src\\Illuminate\\Pipeline\\Pipeline.php(180): Illuminate\\Routing\\Middleware\\SubstituteBindings->handle()
#17 E:\\Apache24\\htdocs\\medify_test-development\\vendor\\laravel\\framework\\src\\Illuminate\\Foundation\\Http\\Middleware\\VerifyCsrfToken.php(78): Illuminate\\Pipeline\\Pipeline->Illuminate\\Pipeline\\{closure}()
#18 E:\\Apache24\\htdocs\\medify_test-development\\vendor\\laravel\\framework\\src\\Illuminate\\Pipeline\\Pipeline.php(180): Illuminate\\Foundation\\Http\\Middleware\\VerifyCsrfToken->handle()
#19 E:\\Apache24\\htdocs\\medify_test-development\\vendor\\laravel\\framework\\src\\Illuminate\\View\\Middleware\\ShareErrorsFromSession.php(49): Illuminate\\Pipeline\\Pipeline->Illuminate\\Pipeline\\{closure}()
#20 E:\\Apache24\\htdocs\\medify_test-development\\vendor\\laravel\\framework\\src\\Illuminate\\Pipeline\\Pipeline.php(180): Illuminate\\View\\Middleware\\ShareErrorsFromSession->handle()
#21 E:\\Apache24\\htdocs\\medify_test-development\\vendor\\laravel\\framework\\src\\Illuminate\\Session\\Middleware\\StartSession.php(121): Illuminate\\Pipeline\\Pipeline->Illuminate\\Pipeline\\{closure}()
#22 E:\\Apache24\\htdocs\\medify_test-development\\vendor\\laravel\\framework\\src\\Illuminate\\Session\\Middleware\\StartSession.php(64): Illuminate\\Session\\Middleware\\StartSession->handleStatefulRequest()
#23 E:\\Apache24\\htdocs\\medify_test-development\\vendor\\laravel\\framework\\src\\Illuminate\\Pipeline\\Pipeline.php(180): Illuminate\\Session\\Middleware\\StartSession->handle()
#24 E:\\Apache24\\htdocs\\medify_test-development\\vendor\\laravel\\framework\\src\\Illuminate\\Cookie\\Middleware\\AddQueuedCookiesToResponse.php(37): Illuminate\\Pipeline\\Pipeline->Illuminate\\Pipeline\\{closure}()
#25 E:\\Apache24\\htdocs\\medify_test-development\\vendor\\laravel\\framework\\src\\Illuminate\\Pipeline\\Pipeline.php(180): Illuminate\\Cookie\\Middleware\\AddQueuedCookiesToResponse->handle()
#26 E:\\Apache24\\htdocs\\medify_test-development\\vendor\\laravel\\framework\\src\\Illuminate\\Cookie\\Middleware\\EncryptCookies.php(67): Illuminate\\Pipeline\\Pipeline->Illuminate\\Pipeline\\{closure}()
#27 E:\\Apache24\\htdocs\\medify_test-development\\vendor\\laravel\\framework\\src\\Illuminate\\Pipeline\\Pipeline.php(180): Illuminate\\Cookie\\Middleware\\EncryptCookies->handle()
#28 E:\\Apache24\\htdocs\\medify_test-development\\vendor\\laravel\\framework\\src\\Illuminate\\Pipeline\\Pipeline.php(116): Illuminate\\Pipeline\\Pipeline->Illuminate\\Pipeline\\{closure}()
#29 E:\\Apache24\\htdocs\\medify_test-development\\vendor\\laravel\\framework\\src\\Illuminate\\Routing\\Router.php(797): Illuminate\\Pipeline\\Pipeline->then()
#30 E:\\Apache24\\htdocs\\medify_test-development\\vendor\\laravel\\framework\\src\\Illuminate\\Routing\\Router.php(776): Illuminate\\Routing\\Router->runRouteWithinStack()
#31 E:\\Apache24\\htdocs\\medify_test-development\\vendor\\laravel\\framework\\src\\Illuminate\\Routing\\Router.php(740): Illuminate\\Routing\\Router->runRoute()
#32 E:\\Apache24\\htdocs\\medify_test-development\\vendor\\laravel\\framework\\src\\Illuminate\\Routing\\Router.php(729): Illuminate\\Routing\\Router->dispatchToRoute()
#33 E:\\Apache24\\htdocs\\medify_test-development\\vendor\\laravel\\framework\\src\\Illuminate\\Foundation\\Http\\Kernel.php(190): Illuminate\\Routing\\Router->dispatch()
#34 E:\\Apache24\\htdocs\\medify_test-development\\vendor\\laravel\\framework\\src\\Illuminate\\Pipeline\\Pipeline.php(141): Illuminate\\Foundation\\Http\\Kernel->Illuminate\\Foundation\\Http\\{closure}()
#35 E:\\Apache24\\htdocs\\medify_test-development\\vendor\\laravel\\framework\\src\\Illuminate\\Foundation\\Http\\Middleware\\TransformsRequest.php(21): Illuminate\\Pipeline\\Pipeline->Illuminate\\Pipeline\\{closure}()
#36 E:\\Apache24\\htdocs\\medify_test-development\\vendor\\laravel\\framework\\src\\Illuminate\\Foundation\\Http\\Middleware\\ConvertEmptyStringsToNull.php(31): Illuminate\\Foundation\\Http\\Middleware\\TransformsRequest->handle()
#37 E:\\Apache24\\htdocs\\medify_test-development\\vendor\\laravel\\framework\\src\\Illuminate\\Pipeline\\Pipeline.php(180): Illuminate\\Foundation\\Http\\Middleware\\ConvertEmptyStringsToNull->handle()
#38 E:\\Apache24\\htdocs\\medify_test-development\\vendor\\laravel\\framework\\src\\Illuminate\\Foundation\\Http\\Middleware\\TransformsRequest.php(21): Illuminate\\Pipeline\\Pipeline->Illuminate\\Pipeline\\{closure}()
#39 E:\\Apache24\\htdocs\\medify_test-development\\vendor\\laravel\\framework\\src\\Illuminate\\Foundation\\Http\\Middleware\\TrimStrings.php(40): Illuminate\\Foundation\\Http\\Middleware\\TransformsRequest->handle()
#40 E:\\Apache24\\htdocs\\medify_test-development\\vendor\\laravel\\framework\\src\\Illuminate\\Pipeline\\Pipeline.php(180): Illuminate\\Foundation\\Http\\Middleware\\TrimStrings->handle()
#41 E:\\Apache24\\htdocs\\medify_test-development\\vendor\\laravel\\framework\\src\\Illuminate\\Foundation\\Http\\Middleware\\ValidatePostSize.php(27): Illuminate\\Pipeline\\Pipeline->Illuminate\\Pipeline\\{closure}()
#42 E:\\Apache24\\htdocs\\medify_test-development\\vendor\\laravel\\framework\\src\\Illuminate\\Pipeline\\Pipeline.php(180): Illuminate\\Foundation\\Http\\Middleware\\ValidatePostSize->handle()
#43 E:\\Apache24\\htdocs\\medify_test-development\\vendor\\laravel\\framework\\src\\Illuminate\\Foundation\\Http\\Middleware\\PreventRequestsDuringMaintenance.php(86): Illuminate\\Pipeline\\Pipeline->Illuminate\\Pipeline\\{closure}()
#44 E:\\Apache24\\htdocs\\medify_test-development\\vendor\\laravel\\framework\\src\\Illuminate\\Pipeline\\Pipeline.php(180): Illuminate\\Foundation\\Http\\Middleware\\PreventRequestsDuringMaintenance->handle()
#45 E:\\Apache24\\htdocs\\medify_test-development\\vendor\\laravel\\framework\\src\\Illuminate\\Http\\Middleware\\HandleCors.php(49): Illuminate\\Pipeline\\Pipeline->Illuminate\\Pipeline\\{closure}()
#46 E:\\Apache24\\htdocs\\medify_test-development\\vendor\\laravel\\framework\\src\\Illuminate\\Pipeline\\Pipeline.php(180): Illuminate\\Http\\Middleware\\HandleCors->handle()
#47 E:\\Apache24\\htdocs\\medify_test-development\\vendor\\laravel\\framework\\src\\Illuminate\\Http\\Middleware\\TrustProxies.php(39): Illuminate\\Pipeline\\Pipeline->Illuminate\\Pipeline\\{closure}()
#48 E:\\Apache24\\htdocs\\medify_test-development\\vendor\\laravel\\framework\\src\\Illuminate\\Pipeline\\Pipeline.php(180): Illuminate\\Http\\Middleware\\TrustProxies->handle()
#49 E:\\Apache24\\htdocs\\medify_test-development\\vendor\\laravel\\framework\\src\\Illuminate\\Pipeline\\Pipeline.php(116): Illuminate\\Pipeline\\Pipeline->Illuminate\\Pipeline\\{closure}()
#50 E:\\Apache24\\htdocs\\medify_test-development\\vendor\\laravel\\framework\\src\\Illuminate\\Foundation\\Http\\Kernel.php(165): Illuminate\\Pipeline\\Pipeline->then()
#51 E:\\Apache24\\htdocs\\medify_test-development\\vendor\\laravel\\framework\\src\\Illuminate\\Foundation\\Http\\Kernel.php(134): Illuminate\\Foundation\\Http\\Kernel->sendRequestThroughRouter()
#52 E:\\Apache24\\htdocs\\medify_test-development\\public\\index.php(51): Illuminate\\Foundation\\Http\\Kernel->handle()
#53 E:\\Apache24\\htdocs\\medify_test-development\\vendor\\laravel\\framework\\src\\Illuminate\\Foundation\\resources\\server.php(16): require_once('...')
#54 {main}

[previous exception] [object] (ErrorException(code: 0): Undefined variable $data at E:\\Apache24\\htdocs\\medify_test-development\\storage\\framework\\views\\999629aa552de158e67dd88ae8a80cf0eff6e2db.php:16)
[stacktrace]
#0 E:\\Apache24\\htdocs\\medify_test-development\\vendor\\laravel\\framework\\src\\Illuminate\\Foundation\\Bootstrap\\HandleExceptions.php(270): Illuminate\\Foundation\\Bootstrap\\HandleExceptions->handleError()
#1 E:\\Apache24\\htdocs\\medify_test-development\\storage\\framework\\views\\999629aa552de158e67dd88ae8a80cf0eff6e2db.php(16): Illuminate\\Foundation\\Bootstrap\\HandleExceptions->Illuminate\\Foundation\\Bootstrap\\{closure}()
#2 E:\\Apache24\\htdocs\\medify_test-development\\vendor\\laravel\\framework\\src\\Illuminate\\Filesystem\\Filesystem.php(109): require('...')
#3 E:\\Apache24\\htdocs\\medify_test-development\\vendor\\laravel\\framework\\src\\Illuminate\\Filesystem\\Filesystem.php(110): Illuminate\\Filesystem\\Filesystem::Illuminate\\Filesystem\\{closure}()
#4 E:\\Apache24\\htdocs\\medify_test-development\\vendor\\laravel\\framework\\src\\Illuminate\\View\\Engines\\PhpEngine.php(58): Illuminate\\Filesystem\\Filesystem->getRequire()
#5 E:\\Apache24\\htdocs\\medify_test-development\\vendor\\laravel\\framework\\src\\Illuminate\\View\\Engines\\CompilerEngine.php(70): Illuminate\\View\\Engines\\PhpEngine->evaluatePath()
#6 E:\\Apache24\\htdocs\\medify_test-development\\vendor\\laravel\\framework\\src\\Illuminate\\View\\View.php(195): Illuminate\\View\\Engines\\CompilerEngine->get()
#7 E:\\Apache24\\htdocs\\medify_test-development\\vendor\\laravel\\framework\\src\\Illuminate\\View\\View.php(178): Illuminate\\View\\View->getContents()
#8 E:\\Apache24\\htdocs\\medify_test-development\\vendor\\laravel\\framework\\src\\Illuminate\\View\\View.php(147): Illuminate\\View\\View->renderContents()
#9 E:\\Apache24\\htdocs\\medify_test-development\\vendor\\laravel\\framework\\src\\Illuminate\\Http\\Response.php(69): Illuminate\\View\\View->render()
#10 E:\\Apache24\\htdocs\\medify_test-development\\vendor\\laravel\\framework\\src\\Illuminate\\Http\\Response.php(35): Illuminate\\Http\\Response->setContent()
#11 E:\\Apache24\\htdocs\\medify_test-development\\vendor\\laravel\\framework\\src\\Illuminate\\Routing\\Router.php(906): Illuminate\\Http\\Response->__construct()
#12 E:\\Apache24\\htdocs\\medify_test-development\\vendor\\laravel\\framework\\src\\Illuminate\\Routing\\Router.php(875): Illuminate\\Routing\\Router::toResponse()
#13 E:\\Apache24\\htdocs\\medify_test-development\\vendor\\laravel\\framework\\src\\Illuminate\\Routing\\Router.php(797): Illuminate\\Routing\\Router->prepareResponse()
#14 E:\\Apache24\\htdocs\\medify_test-development\\vendor\\laravel\\framework\\src\\Illuminate\\Pipeline\\Pipeline.php(141): Illuminate\\Routing\\Router->Illuminate\\Routing\\{closure}()
#15 E:\\Apache24\\htdocs\\medify_test-development\\vendor\\laravel\\framework\\src\\Illuminate\\Routing\\Middleware\\SubstituteBindings.php(50): Illuminate\\Pipeline\\Pipeline->Illuminate\\Pipeline\\{closure}()
#16 E:\\Apache24\\htdocs\\medify_test-development\\vendor\\laravel\\framework\\src\\Illuminate\\Pipeline\\Pipeline.php(180): Illuminate\\Routing\\Middleware\\SubstituteBindings->handle()
#17 E:\\Apache24\\htdocs\\medify_test-development\\vendor\\laravel\\framework\\src\\Illuminate\\Foundation\\Http\\Middleware\\VerifyCsrfToken.php(78): Illuminate\\Pipeline\\Pipeline->Illuminate\\Pipeline\\{closure}()
#18 E:\\Apache24\\htdocs\\medify_test-development\\vendor\\laravel\\framework\\src\\Illuminate\\Pipeline\\Pipeline.php(180): Illuminate\\Foundation\\Http\\Middleware\\VerifyCsrfToken->handle()
#19 E:\\Apache24\\htdocs\\medify_test-development\\vendor\\laravel\\framework\\src\\Illuminate\\View\\Middleware\\ShareErrorsFromSession.php(49): Illuminate\\Pipeline\\Pipeline->Illuminate\\Pipeline\\{closure}()
#20 E:\\Apache24\\htdocs\\medify_test-development\\vendor\\laravel\\framework\\src\\Illuminate\\Pipeline\\Pipeline.php(180): Illuminate\\View\\Middleware\\ShareErrorsFromSession->handle()
#21 E:\\Apache24\\htdocs\\medify_test-development\\vendor\\laravel\\framework\\src\\Illuminate\\Session\\Middleware\\StartSession.php(121): Illuminate\\Pipeline\\Pipeline->Illuminate\\Pipeline\\{closure}()
#22 E:\\Apache24\\htdocs\\medify_test-development\\vendor\\laravel\\framework\\src\\Illuminate\\Session\\Middleware\\StartSession.php(64): Illuminate\\Session\\Middleware\\StartSession->handleStatefulRequest()
#23 E:\\Apache24\\htdocs\\medify_test-development\\vendor\\laravel\\framework\\src\\Illuminate\\Pipeline\\Pipeline.php(180): Illuminate\\Session\\Middleware\\StartSession->handle()
#24 E:\\Apache24\\htdocs\\medify_test-development\\vendor\\laravel\\framework\\src\\Illuminate\\Cookie\\Middleware\\AddQueuedCookiesToResponse.php(37): Illuminate\\Pipeline\\Pipeline->Illuminate\\Pipeline\\{closure}()
#25 E:\\Apache24\\htdocs\\medify_test-development\\vendor\\laravel\\framework\\src\\Illuminate\\Pipeline\\Pipeline.php(180): Illuminate\\Cookie\\Middleware\\AddQueuedCookiesToResponse->handle()
#26 E:\\Apache24\\htdocs\\medify_test-development\\vendor\\laravel\\framework\\src\\Illuminate\\Cookie\\Middleware\\EncryptCookies.php(67): Illuminate\\Pipeline\\Pipeline->Illuminate\\Pipeline\\{closure}()
#27 E:\\Apache24\\htdocs\\medify_test-development\\vendor\\laravel\\framework\\src\\Illuminate\\Pipeline\\Pipeline.php(180): Illuminate\\Cookie\\Middleware\\EncryptCookies->handle()
#28 E:\\Apache24\\htdocs\\medify_test-development\\vendor\\laravel\\framework\\src\\Illuminate\\Pipeline\\Pipeline.php(116): Illuminate\\Pipeline\\Pipeline->Illuminate\\Pipeline\\{closure}()
#29 E:\\Apache24\\htdocs\\medify_test-development\\vendor\\laravel\\framework\\src\\Illuminate\\Routing\\Router.php(797): Illuminate\\Pipeline\\Pipeline->then()
#30 E:\\Apache24\\htdocs\\medify_test-development\\vendor\\laravel\\framework\\src\\Illuminate\\Routing\\Router.php(776): Illuminate\\Routing\\Router->runRouteWithinStack()
#31 E:\\Apache24\\htdocs\\medify_test-development\\vendor\\laravel\\framework\\src\\Illuminate\\Routing\\Router.php(740): Illuminate\\Routing\\Router->runRoute()
#32 E:\\Apache24\\htdocs\\medify_test-development\\vendor\\laravel\\framework\\src\\Illuminate\\Routing\\Router.php(729): Illuminate\\Routing\\Router->dispatchToRoute()
#33 E:\\Apache24\\htdocs\\medify_test-development\\vendor\\laravel\\framework\\src\\Illuminate\\Foundation\\Http\\Kernel.php(190): Illuminate\\Routing\\Router->dispatch()
#34 E:\\Apache24\\htdocs\\medify_test-development\\vendor\\laravel\\framework\\src\\Illuminate\\Pipeline\\Pipeline.php(141): Illuminate\\Foundation\\Http\\Kernel->Illuminate\\Foundation\\Http\\{closure}()
#35 E:\\Apache24\\htdocs\\medify_test-development\\vendor\\laravel\\framework\\src\\Illuminate\\Foundation\\Http\\Middleware\\TransformsRequest.php(21): Illuminate\\Pipeline\\Pipeline->Illuminate\\Pipeline\\{closure}()
#36 E:\\Apache24\\htdocs\\medify_test-development\\vendor\\laravel\\framework\\src\\Illuminate\\Foundation\\Http\\Middleware\\ConvertEmptyStringsToNull.php(31): Illuminate\\Foundation\\Http\\Middleware\\TransformsRequest->handle()
#37 E:\\Apache24\\htdocs\\medify_test-development\\vendor\\laravel\\framework\\src\\Illuminate\\Pipeline\\Pipeline.php(180): Illuminate\\Foundation\\Http\\Middleware\\ConvertEmptyStringsToNull->handle()
#38 E:\\Apache24\\htdocs\\medify_test-development\\vendor\\laravel\\framework\\src\\Illuminate\\Foundation\\Http\\Middleware\\TransformsRequest.php(21): Illuminate\\Pipeline\\Pipeline->Illuminate\\Pipeline\\{closure}()
#39 E:\\Apache24\\htdocs\\medify_test-development\\vendor\\laravel\\framework\\src\\Illuminate\\Foundation\\Http\\Middleware\\TrimStrings.php(40): Illuminate\\Foundation\\Http\\Middleware\\TransformsRequest->handle()
#40 E:\\Apache24\\htdocs\\medify_test-development\\vendor\\laravel\\framework\\src\\Illuminate\\Pipeline\\Pipeline.php(180): Illuminate\\Foundation\\Http\\Middleware\\TrimStrings->handle()
#41 E:\\Apache24\\htdocs\\medify_test-development\\vendor\\laravel\\framework\\src\\Illuminate\\Foundation\\Http\\Middleware\\ValidatePostSize.php(27): Illuminate\\Pipeline\\Pipeline->Illuminate\\Pipeline\\{closure}()
#42 E:\\Apache24\\htdocs\\medify_test-development\\vendor\\laravel\\framework\\src\\Illuminate\\Pipeline\\Pipeline.php(180): Illuminate\\Foundation\\Http\\Middleware\\ValidatePostSize->handle()
#43 E:\\Apache24\\htdocs\\medify_test-development\\vendor\\laravel\\framework\\src\\Illuminate\\Foundation\\Http\\Middleware\\PreventRequestsDuringMaintenance.php(86): Illuminate\\Pipeline\\Pipeline->Illuminate\\Pipeline\\{closure}()
#44 E:\\Apache24\\htdocs\\medify_test-development\\vendor\\laravel\\framework\\src\\Illuminate\\Pipeline\\Pipeline.php(180): Illuminate\\Foundation\\Http\\Middleware\\PreventRequestsDuringMaintenance->handle()
#45 E:\\Apache24\\htdocs\\medify_test-development\\vendor\\laravel\\framework\\src\\Illuminate\\Http\\Middleware\\HandleCors.php(49): Illuminate\\Pipeline\\Pipeline->Illuminate\\Pipeline\\{closure}()
#46 E:\\Apache24\\htdocs\\medify_test-development\\vendor\\laravel\\framework\\src\\Illuminate\\Pipeline\\Pipeline.php(180): Illuminate\\Http\\Middleware\\HandleCors->handle()
#47 E:\\Apache24\\htdocs\\medify_test-development\\vendor\\laravel\\framework\\src\\Illuminate\\Http\\Middleware\\TrustProxies.php(39): Illuminate\\Pipeline\\Pipeline->Illuminate\\Pipeline\\{closure}()
#48 E:\\Apache24\\htdocs\\medify_test-development\\vendor\\laravel\\framework\\src\\Illuminate\\Pipeline\\Pipeline.php(180): Illuminate\\Http\\Middleware\\TrustProxies->handle()
#49 E:\\Apache24\\htdocs\\medify_test-development\\vendor\\laravel\\framework\\src\\Illuminate\\Pipeline\\Pipeline.php(116): Illuminate\\Pipeline\\Pipeline->Illuminate\\Pipeline\\{closure}()
#50 E:\\Apache24\\htdocs\\medify_test-development\\vendor\\laravel\\framework\\src\\Illuminate\\Foundation\\Http\\Kernel.php(165): Illuminate\\Pipeline\\Pipeline->then()
#51 E:\\Apache24\\htdocs\\medify_test-development\\vendor\\laravel\\framework\\src\\Illuminate\\Foundation\\Http\\Kernel.php(134): Illuminate\\Foundation\\Http\\Kernel->sendRequestThroughRouter()
#52 E:\\Apache24\\htdocs\\medify_test-development\\public\\index.php(51): Illuminate\\Foundation\\Http\\Kernel->handle()
#53 E:\\Apache24\\htdocs\\medify_test-development\\vendor\\laravel\\framework\\src\\Illuminate\\Foundation\\resources\\server.php(16): require_once('...')
#54 {main}
"} 
[2026-10-06 06:07:07] local.ERROR: View [master_items.form] not found. {"userId":1,"exception":"[object] (InvalidArgumentException(code: 0): View [master_items.form] not found. at E:\\Apache24\\htdocs\\medify_test-development\\vendor\\laravel\\framework\\src\\Illuminate\\View\\FileViewFinder.php:137)
[stacktrace]
#0 E:\\Apache24\\htdocs\\medify_test-development\\vendor\\laravel\\framework\\src\\Illuminate\\View\\FileViewFinder.php(79): Illuminate\\View\\FileViewFinder->findInPaths()
#1 E:\\Apache24\\htdocs\\medify_test-development\\vendor\\laravel\\framework\\src\\Illuminate\\View\\Factory.php(137): Illuminate\\View\\FileViewFinder->find()
#2 E:\\Apache24\\htdocs\\medify_test-development\\vendor\\laravel\\framework\\src\\Illuminate\\Foundation\\helpers.php(1035): Illuminate\\View\\Factory->make()
#3 E:\\Apache24\\htdocs\\medify_test-development\\app\\Http\\Controllers\\MasterItemsController.php(85): view()
#4 E:\\Apache24\\htdocs\\medify_test-development\\vendor\\laravel\\framework\\src\\Illuminate\\Routing\\Controller.php(54): App\\Http\\Controllers\\MasterItemsController->formView()
#5 E:\\Apache24\\htdocs\\medify_test-development\\vendor\\laravel\\framework\\src\\Illuminate\\Routing\\ControllerDispatcher.php(43): Illuminate\\Routing\\Controller->callAction()
#6 E:\\Apache24\\htdocs\\medify_test-development\\vendor\\laravel\\framework\\src\\Illuminate\\Routing\\Route.php(259): Illuminate\\Routing\\ControllerDispatcher->dispatch()
#7 E:\\Apache24\\htdocs\\medify_test-development\\vendor\\laravel\\framework\\src\\Illuminate\\Routing\\Route.php(205): Illuminate\\Routing\\Route->runController()
#8 E:\\Apache24\\htdocs\\medify_test-development\\vendor\\laravel\\framework\\src\\Illuminate\\Routing\\Router.php(798): Illuminate\\Routing\\Route->run()
#9 E:\\Apache24\\htdocs\\medify_test-development\\vendor\\laravel\\framework\\src\\Illuminate\\Pipeline\\Pipeline.php(141): Illuminate\\Routing\\Router->Illuminate\\Routing\\{closure}()
#10 E:\\Apache24\\htdocs\\medify_test-development\\vendor\\laravel\\framework\\src\\Illuminate\\Routing\\Middleware\\SubstituteBindings.php(50): Illuminate\\Pipeline\\Pipeline->Illuminate\\Pipeline\\{closure}()
#11 E:\\Apache24\\htdocs\\medify_test-development\\vendor\\laravel\\framework\\src\\Illuminate\\Pipeline\\Pipeline.php(180): Illuminate\\Routing\\Middleware\\SubstituteBindings->handle()
#12 E:\\Apache24\\htdocs\\medify_test-development\\vendor\\laravel\\framework\\src\\Illuminate\\Foundation\\Http\\Middleware\\VerifyCsrfToken.php(78): Illuminate\\Pipeline\\Pipeline->Illuminate\\Pipeline\\{closure}()
#13 E:\\Apache24\\htdocs\\medify_test-development\\vendor\\laravel\\framework\\src\\Illuminate\\Pipeline\\Pipeline.php(180): Illuminate\\Foundation\\Http\\Middleware\\VerifyCsrfToken->handle()
#14 E:\\Apache24\\htdocs\\medify_test-development\\vendor\\laravel\\framework\\src\\Illuminate\\View\\Middleware\\ShareErrorsFromSession.php(49): Illuminate\\Pipeline\\Pipeline->Illuminate\\Pipeline\\{closure}()
#15 E:\\Apache24\\htdocs\\medify_test-development\\vendor\\laravel\\framework\\src\\Illuminate\\Pipeline\\Pipeline.php(180): Illuminate\\View\\Middleware\\ShareErrorsFromSession->handle()
#16 E:\\Apache24\\htdocs\\medify_test-development\\vendor\\laravel\\framework\\src\\Illuminate\\Session\\Middleware\\StartSession.php(121): Illuminate\\Pipeline\\Pipeline->Illuminate\\Pipeline\\{closure}()
#17 E:\\Apache24\\htdocs\\medify_test-development\\vendor\\laravel\\framework\\src\\Illuminate\\Session\\Middleware\\StartSession.php(64): Illuminate\\Session\\Middleware\\StartSession->handleStatefulRequest()
#18 E:\\Apache24\\htdocs\\medify_test-development\\vendor\\laravel\\framework\\src\\Illuminate\\Pipeline\\Pipeline.php(180): Illuminate\\Session\\Middleware\\StartSession->handle()
#19 E:\\Apache24\\htdocs\\medify_test-development\\vendor\\laravel\\framework\\src\\Illuminate\\Cookie\\Middleware\\AddQueuedCookiesToResponse.php(37): Illuminate\\Pipeline\\Pipeline->Illuminate\\Pipeline\\{closure}()
#20 E:\\Apache24\\htdocs\\medify_test-development\\vendor\\laravel\\framework\\src\\Illuminate\\Pipeline\\Pipeline.php(180): Illuminate\\Cookie\\Middleware\\AddQueuedCookiesToResponse->handle()
#21 E:\\Apache24\\htdocs\\medify_test-development\\vendor\\laravel\\framework\\src\\Illuminate\\Cookie\\Middleware\\EncryptCookies.php(67): Illuminate\\Pipeline\\Pipeline->Illuminate\\Pipeline\\{closure}()
#22 E:\\Apache24\\htdocs\\medify_test-development\\vendor\\laravel\\framework\\src\\Illuminate\\Pipeline\\Pipeline.php(180): Illuminate\\Cookie\\Middleware\\EncryptCookies->handle()
#23 E:\\Apache24\\htdocs\\medify_test-development\\vendor\\laravel\\framework\\src\\Illuminate\\Pipeline\\Pipeline.php(116): Illuminate\\Pipeline\\Pipeline->Illuminate\\Pipeline\\{closure}()
#24 E:\\Apache24\\htdocs\\medify_test-development\\vendor\\laravel\\framework\\src\\Illuminate\\Routing\\Router.php(797): Illuminate\\Pipeline\\Pipeline->then()
#25 E:\\Apache24\\htdocs\\medify_test-development\\vendor\\laravel\\framework\\src\\Illuminate\\Routing\\Router.php(776): Illuminate\\Routing\\Router->runRouteWithinStack()
#26 E:\\Apache24\\htdocs\\medify_test-development\\vendor\\laravel\\framework\\src\\Illuminate\\Routing\\Router.php(740): Illuminate\\Routing\\Router->runRoute()
#27 E:\\Apache24\\htdocs\\medify_test-development\\vendor\\laravel\\framework\\src\\Illuminate\\Routing\\Router.php(729): Illuminate\\Routing\\Router->dispatchToRoute()
#28 E:\\Apache24\\htdocs\\medify_test-development\\vendor\\laravel\\framework\\src\\Illuminate\\Foundation\\Http\\Kernel.php(190): Illuminate\\Routing\\Router->dispatch()
#29 E:\\Apache24\\htdocs\\medify_test-development\\vendor\\laravel\\framework\\src\\Illuminate\\Pipeline\\Pipeline.php(141): Illuminate\\Foundation\\Http\\Kernel->Illuminate\\Foundation\\Http\\{closure}()
#30 E:\\Apache24\\htdocs\\medify_test-development\\vendor\\laravel\\framework\\src\\Illuminate\\Foundation\\Http\\Middleware\\TransformsRequest.php(21): Illuminate\\Pipeline\\Pipeline->Illuminate\\Pipeline\\{closure}()
#31 E:\\Apache24\\htdocs\\medify_test-development\\vendor\\laravel\\framework\\src\\Illuminate\\Foundation\\Http\\Middleware\\ConvertEmptyStringsToNull.php(31): Illuminate\\Foundation\\Http\\Middleware\\TransformsRequest->handle()
#32 E:\\Apache24\\htdocs\\medify_test-development\\vendor\\laravel\\framework\\src\\Illuminate\\Pipeline\\Pipeline.php(180): Illuminate\\Foundation\\Http\\Middleware\\ConvertEmptyStringsToNull->handle()
#33 E:\\Apache24\\htdocs\\medify_test-development\\vendor\\laravel\\framework\\src\\Illuminate\\Foundation\\Http\\Middleware\\TransformsRequest.php(21): Illuminate\\Pipeline\\Pipeline->Illuminate\\Pipeline\\{closure}()
#34 E:\\Apache24\\htdocs\\medify_test-development\\vendor\\laravel\\framework\\src\\Illuminate\\Foundation\\Http\\Middleware\\TrimStrings.php(40): Illuminate\\Foundation\\Http\\Middleware\\TransformsRequest->handle()
#35 E:\\Apache24\\htdocs\\medify_test-development\\vendor\\laravel\\framework\\src\\Illuminate\\Pipeline\\Pipeline.php(180): Illuminate\\Foundation\\Http\\Middleware\\TrimStrings->handle()
#36 E:\\Apache24\\htdocs\\medify_test-development\\vendor\\laravel\\framework\\src\\Illuminate\\Foundation\\Http\\Middleware\\ValidatePostSize.php(27): Illuminate\\Pipeline\\Pipeline->Illuminate\\Pipeline\\{closure}()
#37 E:\\Apache24\\htdocs\\medify_test-development\\vendor\\laravel\\framework\\src\\Illuminate\\Pipeline\\Pipeline.php(180): Illuminate\\Foundation\\Http\\Middleware\\ValidatePostSize->handle()
#38 E:\\Apache24\\htdocs\\medify_test-development\\vendor\\laravel\\framework\\src\\Illuminate\\Foundation\\Http\\Middleware\\PreventRequestsDuringMaintenance.php(86): Illuminate\\Pipeline\\Pipeline->Illuminate\\Pipeline\\{closure}()
#39 E:\\Apache24\\htdocs\\medify_test-development\\vendor\\laravel\\framework\\src\\Illuminate\\Pipeline\\Pipeline.php(180): Illuminate\\Foundation\\Http\\Middleware\\PreventRequestsDuringMaintenance->handle()
#40 E:\\Apache24\\htdocs\\medify_test-development\\vendor\\laravel\\framework\\src\\Illuminate\\Http\\Middleware\\HandleCors.php(49): Illuminate\\Pipeline\\Pipeline->Illuminate\\Pipeline\\{closure}()
#41 E:\\Apache24\\htdocs\\medify_test-development\\vendor\\laravel\\framework\\src\\Illuminate\\Pipeline\\Pipeline.php(180): Illuminate\\Http\\Middleware\\HandleCors->handle()
#42 E:\\Apache24\\htdocs\\medify_test-development\\vendor\\laravel\\framework\\src\\Illuminate\\Http\\Middleware\\TrustProxies.php(39): Illuminate\\Pipeline\\Pipeline->Illuminate\\Pipeline\\{closure}()
#43 E:\\Apache24\\htdocs\\medify_test-development\\vendor\\laravel\\framework\\src\\Illuminate\\Pipeline\\Pipeline.php(180): Illuminate\\Http\\Middleware\\TrustProxies->handle()
#44 E:\\Apache24\\htdocs\\medify_test-development\\vendor\\laravel\\framework\\src\\Illuminate\\Pipeline\\Pipeline.php(116): Illuminate\\Pipeline\\Pipeline->Illuminate\\Pipeline\\{closure}()
#45 E:\\Apache24\\htdocs\\medify_test-development\\vendor\\laravel\\framework\\src\\Illuminate\\Foundation\\Http\\Kernel.php(165): Illuminate\\Pipeline\\Pipeline->then()
#46 E:\\Apache24\\htdocs\\medify_test-development\\vendor\\laravel\\framework\\src\\Illuminate\\Foundation\\Http\\Kernel.php(134): Illuminate\\Foundation\\Http\\Kernel->sendRequestThroughRouter()
#47 E:\\Apache24\\htdocs\\medify_test-development\\public\\index.php(51): Illuminate\\Foundation\\Http\\Kernel->handle()
#48 E:\\Apache24\\htdocs\\medify_test-development\\vendor\\laravel\\framework\\src\\Illuminate\\Foundation\\resources\\server.php(16): require_once('...')
#49 {main}
"} 
[2026-10-06 06:07:29] local.ERROR: View [master_items.form] not found. {"userId":1,"exception":"[object] (InvalidArgumentException(code: 0): View [master_items.form] not found. at E:\\Apache24\\htdocs\\medify_test-development\\vendor\\laravel\\framework\\src\\Illuminate\\View\\FileViewFinder.php:137)
[stacktrace]
#0 E:\\Apache24\\htdocs\\medify_test-development\\vendor\\laravel\\framework\\src\\Illuminate\\View\\FileViewFinder.php(79): Illuminate\\View\\FileViewFinder->findInPaths()
#1 E:\\Apache24\\htdocs\\medify_test-development\\vendor\\laravel\\framework\\src\\Illuminate\\View\\Factory.php(137): Illuminate\\View\\FileViewFinder->find()
#2 E:\\Apache24\\htdocs\\medify_test-development\\vendor\\laravel\\framework\\src\\Illuminate\\Foundation\\helpers.php(1035): Illuminate\\View\\Factory->make()
#3 E:\\Apache24\\htdocs\\medify_test-development\\app\\Http\\Controllers\\MasterItemsController.php(85): view()
#4 E:\\Apache24\\htdocs\\medify_test-development\\vendor\\laravel\\framework\\src\\Illuminate\\Routing\\Controller.php(54): App\\Http\\Controllers\\MasterItemsController->formView()
#5 E:\\Apache24\\htdocs\\medify_test-development\\vendor\\laravel\\framework\\src\\Illuminate\\Routing\\ControllerDispatcher.php(43): Illuminate\\Routing\\Controller->callAction()
#6 E:\\Apache24\\htdocs\\medify_test-development\\vendor\\laravel\\framework\\src\\Illuminate\\Routing\\Route.php(259): Illuminate\\Routing\\ControllerDispatcher->dispatch()
#7 E:\\Apache24\\htdocs\\medify_test-development\\vendor\\laravel\\framework\\src\\Illuminate\\Routing\\Route.php(205): Illuminate\\Routing\\Route->runController()
#8 E:\\Apache24\\htdocs\\medify_test-development\\vendor\\laravel\\framework\\src\\Illuminate\\Routing\\Router.php(798): Illuminate\\Routing\\Route->run()
#9 E:\\Apache24\\htdocs\\medify_test-development\\vendor\\laravel\\framework\\src\\Illuminate\\Pipeline\\Pipeline.php(141): Illuminate\\Routing\\Router->Illuminate\\Routing\\{closure}()
#10 E:\\Apache24\\htdocs\\medify_test-development\\vendor\\laravel\\framework\\src\\Illuminate\\Routing\\Middleware\\SubstituteBindings.php(50): Illuminate\\Pipeline\\Pipeline->Illuminate\\Pipeline\\{closure}()
#11 E:\\Apache24\\htdocs\\medify_test-development\\vendor\\laravel\\framework\\src\\Illuminate\\Pipeline\\Pipeline.php(180): Illuminate\\Routing\\Middleware\\SubstituteBindings->handle()
#12 E:\\Apache24\\htdocs\\medify_test-development\\vendor\\laravel\\framework\\src\\Illuminate\\Foundation\\Http\\Middleware\\VerifyCsrfToken.php(78): Illuminate\\Pipeline\\Pipeline->Illuminate\\Pipeline\\{closure}()
#13 E:\\Apache24\\htdocs\\medify_test-development\\vendor\\laravel\\framework\\src\\Illuminate\\Pipeline\\Pipeline.php(180): Illuminate\\Foundation\\Http\\Middleware\\VerifyCsrfToken->handle()
#14 E:\\Apache24\\htdocs\\medify_test-development\\vendor\\laravel\\framework\\src\\Illuminate\\View\\Middleware\\ShareErrorsFromSession.php(49): Illuminate\\Pipeline\\Pipeline->Illuminate\\Pipeline\\{closure}()
#15 E:\\Apache24\\htdocs\\medify_test-development\\vendor\\laravel\\framework\\src\\Illuminate\\Pipeline\\Pipeline.php(180): Illuminate\\View\\Middleware\\ShareErrorsFromSession->handle()
#16 E:\\Apache24\\htdocs\\medify_test-development\\vendor\\laravel\\framework\\src\\Illuminate\\Session\\Middleware\\StartSession.php(121): Illuminate\\Pipeline\\Pipeline->Illuminate\\Pipeline\\{closure}()
#17 E:\\Apache24\\htdocs\\medify_test-development\\vendor\\laravel\\framework\\src\\Illuminate\\Session\\Middleware\\StartSession.php(64): Illuminate\\Session\\Middleware\\StartSession->handleStatefulRequest()
#18 E:\\Apache24\\htdocs\\medify_test-development\\vendor\\laravel\\framework\\src\\Illuminate\\Pipeline\\Pipeline.php(180): Illuminate\\Session\\Middleware\\StartSession->handle()
#19 E:\\Apache24\\htdocs\\medify_test-development\\vendor\\laravel\\framework\\src\\Illuminate\\Cookie\\Middleware\\AddQueuedCookiesToResponse.php(37): Illuminate\\Pipeline\\Pipeline->Illuminate\\Pipeline\\{closure}()
#20 E:\\Apache24\\htdocs\\medify_test-development\\vendor\\laravel\\framework\\src\\Illuminate\\Pipeline\\Pipeline.php(180): Illuminate\\Cookie\\Middleware\\AddQueuedCookiesToResponse->handle()
#21 E:\\Apache24\\htdocs\\medify_test-development\\vendor\\laravel\\framework\\src\\Illuminate\\Cookie\\Middleware\\EncryptCookies.php(67): Illuminate\\Pipeline\\Pipeline->Illuminate\\Pipeline\\{closure}()
#22 E:\\Apache24\\htdocs\\medify_test-development\\vendor\\laravel\\framework\\src\\Illuminate\\Pipeline\\Pipeline.php(180): Illuminate\\Cookie\\Middleware\\EncryptCookies->handle()
#23 E:\\Apache24\\htdocs\\medify_test-development\\vendor\\laravel\\framework\\src\\Illuminate\\Pipeline\\Pipeline.php(116): Illuminate\\Pipeline\\Pipeline->Illuminate\\Pipeline\\{closure}()
#24 E:\\Apache24\\htdocs\\medify_test-development\\vendor\\laravel\\framework\\src\\Illuminate\\Routing\\Router.php(797): Illuminate\\Pipeline\\Pipeline->then()
#25 E:\\Apache24\\htdocs\\medify_test-development\\vendor\\laravel\\framework\\src\\Illuminate\\Routing\\Router.php(776): Illuminate\\Routing\\Router->runRouteWithinStack()
#26 E:\\Apache24\\htdocs\\medify_test-development\\vendor\\laravel\\framework\\src\\Illuminate\\Routing\\Router.php(740): Illuminate\\Routing\\Router->runRoute()
#27 E:\\Apache24\\htdocs\\medify_test-development\\vendor\\laravel\\framework\\src\\Illuminate\\Routing\\Router.php(729): Illuminate\\Routing\\Router->dispatchToRoute()
#28 E:\\Apache24\\htdocs\\medify_test-development\\vendor\\laravel\\framework\\src\\Illuminate\\Foundation\\Http\\Kernel.php(190): Illuminate\\Routing\\Router->dispatch()
#29 E:\\Apache24\\htdocs\\medify_test-development\\vendor\\laravel\\framework\\src\\Illuminate\\Pipeline\\Pipeline.php(141): Illuminate\\Foundation\\Http\\Kernel->Illuminate\\Foundation\\Http\\{closure}()
#30 E:\\Apache24\\htdocs\\medify_test-development\\vendor\\laravel\\framework\\src\\Illuminate\\Foundation\\Http\\Middleware\\TransformsRequest.php(21): Illuminate\\Pipeline\\Pipeline->Illuminate\\Pipeline\\{closure}()
#31 E:\\Apache24\\htdocs\\medify_test-development\\vendor\\laravel\\framework\\src\\Illuminate\\Foundation\\Http\\Middleware\\ConvertEmptyStringsToNull.php(31): Illuminate\\Foundation\\Http\\Middleware\\TransformsRequest->handle()
#32 E:\\Apache24\\htdocs\\medify_test-development\\vendor\\laravel\\framework\\src\\Illuminate\\Pipeline\\Pipeline.php(180): Illuminate\\Foundation\\Http\\Middleware\\ConvertEmptyStringsToNull->handle()
#33 E:\\Apache24\\htdocs\\medify_test-development\\vendor\\laravel\\framework\\src\\Illuminate\\Foundation\\Http\\Middleware\\TransformsRequest.php(21): Illuminate\\Pipeline\\Pipeline->Illuminate\\Pipeline\\{closure}()
#34 E:\\Apache24\\htdocs\\medify_test-development\\vendor\\laravel\\framework\\src\\Illuminate\\Foundation\\Http\\Middleware\\TrimStrings.php(40): Illuminate\\Foundation\\Http\\Middleware\\TransformsRequest->handle()
#35 E:\\Apache24\\htdocs\\medify_test-development\\vendor\\laravel\\framework\\src\\Illuminate\\Pipeline\\Pipeline.php(180): Illuminate\\Foundation\\Http\\Middleware\\TrimStrings->handle()
#36 E:\\Apache24\\htdocs\\medify_test-development\\vendor\\laravel\\framework\\src\\Illuminate\\Foundation\\Http\\Middleware\\ValidatePostSize.php(27): Illuminate\\Pipeline\\Pipeline->Illuminate\\Pipeline\\{closure}()
#37 E:\\Apache24\\htdocs\\medify_test-development\\vendor\\laravel\\framework\\src\\Illuminate\\Pipeline\\Pipeline.php(180): Illuminate\\Foundation\\Http\\Middleware\\ValidatePostSize->handle()
#38 E:\\Apache24\\htdocs\\medify_test-development\\vendor\\laravel\\framework\\src\\Illuminate\\Foundation\\Http\\Middleware\\PreventRequestsDuringMaintenance.php(86): Illuminate\\Pipeline\\Pipeline->Illuminate\\Pipeline\\{closure}()
#39 E:\\Apache24\\htdocs\\medify_test-development\\vendor\\laravel\\framework\\src\\Illuminate\\Pipeline\\Pipeline.php(180): Illuminate\\Foundation\\Http\\Middleware\\PreventRequestsDuringMaintenance->handle()
#40 E:\\Apache24\\htdocs\\medify_test-development\\vendor\\laravel\\framework\\src\\Illuminate\\Http\\Middleware\\HandleCors.php(49): Illuminate\\Pipeline\\Pipeline->Illuminate\\Pipeline\\{closure}()
#41 E:\\Apache24\\htdocs\\medify_test-development\\vendor\\laravel\\framework\\src\\Illuminate\\Pipeline\\Pipeline.php(180): Illuminate\\Http\\Middleware\\HandleCors->handle()
#42 E:\\Apache24\\htdocs\\medify_test-development\\vendor\\laravel\\framework\\src\\Illuminate\\Http\\Middleware\\TrustProxies.php(39): Illuminate\\Pipeline\\Pipeline->Illuminate\\Pipeline\\{closure}()
#43 E:\\Apache24\\htdocs\\medify_test-development\\vendor\\laravel\\framework\\src\\Illuminate\\Pipeline\\Pipeline.php(180): Illuminate\\Http\\Middleware\\TrustProxies->handle()
#44 E:\\Apache24\\htdocs\\medify_test-development\\vendor\\laravel\\framework\\src\\Illuminate\\Pipeline\\Pipeline.php(116): Illuminate\\Pipeline\\Pipeline->Illuminate\\Pipeline\\{closure}()
#45 E:\\Apache24\\htdocs\\medify_test-development\\vendor\\laravel\\framework\\src\\Illuminate\\Foundation\\Http\\Kernel.php(165): Illuminate\\Pipeline\\Pipeline->then()
#46 E:\\Apache24\\htdocs\\medify_test-development\\vendor\\laravel\\framework\\src\\Illuminate\\Foundation\\Http\\Kernel.php(134): Illuminate\\Foundation\\Http\\Kernel->sendRequestThroughRouter()
#47 E:\\Apache24\\htdocs\\medify_test-development\\public\\index.php(51): Illuminate\\Foundation\\Http\\Kernel->handle()
#48 E:\\Apache24\\htdocs\\medify_test-development\\vendor\\laravel\\framework\\src\\Illuminate\\Foundation\\resources\\server.php(16): require_once('...')
#49 {main}
"} 
[2026-10-06 06:09:11] local.ERROR: View [master_items.form] not found. {"userId":1,"exception":"[object] (InvalidArgumentException(code: 0): View [master_items.form] not found. at E:\\Apache24\\htdocs\\medify_test-development\\vendor\\laravel\\framework\\src\\Illuminate\\View\\FileViewFinder.php:137)
[stacktrace]
#0 E:\\Apache24\\htdocs\\medify_test-development\\vendor\\laravel\\framework\\src\\Illuminate\\View\\FileViewFinder.php(79): Illuminate\\View\\FileViewFinder->findInPaths()
#1 E:\\Apache24\\htdocs\\medify_test-development\\vendor\\laravel\\framework\\src\\Illuminate\\View\\Factory.php(137): Illuminate\\View\\FileViewFinder->find()
#2 E:\\Apache24\\htdocs\\medify_test-development\\vendor\\laravel\\framework\\src\\Illuminate\\Foundation\\helpers.php(1035): Illuminate\\View\\Factory->make()
#3 E:\\Apache24\\htdocs\\medify_test-development\\app\\Http\\Controllers\\MasterItemsController.php(88): view()
#4 E:\\Apache24\\htdocs\\medify_test-development\\vendor\\laravel\\framework\\src\\Illuminate\\Routing\\Controller.php(54): App\\Http\\Controllers\\MasterItemsController->formView()
#5 E:\\Apache24\\htdocs\\medify_test-development\\vendor\\laravel\\framework\\src\\Illuminate\\Routing\\ControllerDispatcher.php(43): Illuminate\\Routing\\Controller->callAction()
#6 E:\\Apache24\\htdocs\\medify_test-development\\vendor\\laravel\\framework\\src\\Illuminate\\Routing\\Route.php(259): Illuminate\\Routing\\ControllerDispatcher->dispatch()
#7 E:\\Apache24\\htdocs\\medify_test-development\\vendor\\laravel\\framework\\src\\Illuminate\\Routing\\Route.php(205): Illuminate\\Routing\\Route->runController()
#8 E:\\Apache24\\htdocs\\medify_test-development\\vendor\\laravel\\framework\\src\\Illuminate\\Routing\\Router.php(798): Illuminate\\Routing\\Route->run()
#9 E:\\Apache24\\htdocs\\medify_test-development\\vendor\\laravel\\framework\\src\\Illuminate\\Pipeline\\Pipeline.php(141): Illuminate\\Routing\\Router->Illuminate\\Routing\\{closure}()
#10 E:\\Apache24\\htdocs\\medify_test-development\\vendor\\laravel\\framework\\src\\Illuminate\\Routing\\Middleware\\SubstituteBindings.php(50): Illuminate\\Pipeline\\Pipeline->Illuminate\\Pipeline\\{closure}()
#11 E:\\Apache24\\htdocs\\medify_test-development\\vendor\\laravel\\framework\\src\\Illuminate\\Pipeline\\Pipeline.php(180): Illuminate\\Routing\\Middleware\\SubstituteBindings->handle()
#12 E:\\Apache24\\htdocs\\medify_test-development\\vendor\\laravel\\framework\\src\\Illuminate\\Foundation\\Http\\Middleware\\VerifyCsrfToken.php(78): Illuminate\\Pipeline\\Pipeline->Illuminate\\Pipeline\\{closure}()
#13 E:\\Apache24\\htdocs\\medify_test-development\\vendor\\laravel\\framework\\src\\Illuminate\\Pipeline\\Pipeline.php(180): Illuminate\\Foundation\\Http\\Middleware\\VerifyCsrfToken->handle()
#14 E:\\Apache24\\htdocs\\medify_test-development\\vendor\\laravel\\framework\\src\\Illuminate\\View\\Middleware\\ShareErrorsFromSession.php(49): Illuminate\\Pipeline\\Pipeline->Illuminate\\Pipeline\\{closure}()
#15 E:\\Apache24\\htdocs\\medify_test-development\\vendor\\laravel\\framework\\src\\Illuminate\\Pipeline\\Pipeline.php(180): Illuminate\\View\\Middleware\\ShareErrorsFromSession->handle()
#16 E:\\Apache24\\htdocs\\medify_test-development\\vendor\\laravel\\framework\\src\\Illuminate\\Session\\Middleware\\StartSession.php(121): Illuminate\\Pipeline\\Pipeline->Illuminate\\Pipeline\\{closure}()
#17 E:\\Apache24\\htdocs\\medify_test-development\\vendor\\laravel\\framework\\src\\Illuminate\\Session\\Middleware\\StartSession.php(64): Illuminate\\Session\\Middleware\\StartSession->handleStatefulRequest()
#18 E:\\Apache24\\htdocs\\medify_test-development\\vendor\\laravel\\framework\\src\\Illuminate\\Pipeline\\Pipeline.php(180): Illuminate\\Session\\Middleware\\StartSession->handle()
#19 E:\\Apache24\\htdocs\\medify_test-development\\vendor\\laravel\\framework\\src\\Illuminate\\Cookie\\Middleware\\AddQueuedCookiesToResponse.php(37): Illuminate\\Pipeline\\Pipeline->Illuminate\\Pipeline\\{closure}()
#20 E:\\Apache24\\htdocs\\medify_test-development\\vendor\\laravel\\framework\\src\\Illuminate\\Pipeline\\Pipeline.php(180): Illuminate\\Cookie\\Middleware\\AddQueuedCookiesToResponse->handle()
#21 E:\\Apache24\\htdocs\\medify_test-development\\vendor\\laravel\\framework\\src\\Illuminate\\Cookie\\Middleware\\EncryptCookies.php(67): Illuminate\\Pipeline\\Pipeline->Illuminate\\Pipeline\\{closure}()
#22 E:\\Apache24\\htdocs\\medify_test-development\\vendor\\laravel\\framework\\src\\Illuminate\\Pipeline\\Pipeline.php(180): Illuminate\\Cookie\\Middleware\\EncryptCookies->handle()
#23 E:\\Apache24\\htdocs\\medify_test-development\\vendor\\laravel\\framework\\src\\Illuminate\\Pipeline\\Pipeline.php(116): Illuminate\\Pipeline\\Pipeline->Illuminate\\Pipeline\\{closure}()
#24 E:\\Apache24\\htdocs\\medify_test-development\\vendor\\laravel\\framework\\src\\Illuminate\\Routing\\Router.php(797): Illuminate\\Pipeline\\Pipeline->then()
#25 E:\\Apache24\\htdocs\\medify_test-development\\vendor\\laravel\\framework\\src\\Illuminate\\Routing\\Router.php(776): Illuminate\\Routing\\Router->runRouteWithinStack()
#26 E:\\Apache24\\htdocs\\medify_test-development\\vendor\\laravel\\framework\\src\\Illuminate\\Routing\\Router.php(740): Illuminate\\Routing\\Router->runRoute()
#27 E:\\Apache24\\htdocs\\medify_test-development\\vendor\\laravel\\framework\\src\\Illuminate\\Routing\\Router.php(729): Illuminate\\Routing\\Router->dispatchToRoute()
#28 E:\\Apache24\\htdocs\\medify_test-development\\vendor\\laravel\\framework\\src\\Illuminate\\Foundation\\Http\\Kernel.php(190): Illuminate\\Routing\\Router->dispatch()
#29 E:\\Apache24\\htdocs\\medify_test-development\\vendor\\laravel\\framework\\src\\Illuminate\\Pipeline\\Pipeline.php(141): Illuminate\\Foundation\\Http\\Kernel->Illuminate\\Foundation\\Http\\{closure}()
#30 E:\\Apache24\\htdocs\\medify_test-development\\vendor\\laravel\\framework\\src\\Illuminate\\Foundation\\Http\\Middleware\\TransformsRequest.php(21): Illuminate\\Pipeline\\Pipeline->Illuminate\\Pipeline\\{closure}()
#31 E:\\Apache24\\htdocs\\medify_test-development\\vendor\\laravel\\framework\\src\\Illuminate\\Foundation\\Http\\Middleware\\ConvertEmptyStringsToNull.php(31): Illuminate\\Foundation\\Http\\Middleware\\TransformsRequest->handle()
#32 E:\\Apache24\\htdocs\\medify_test-development\\vendor\\laravel\\framework\\src\\Illuminate\\Pipeline\\Pipeline.php(180): Illuminate\\Foundation\\Http\\Middleware\\ConvertEmptyStringsToNull->handle()
#33 E:\\Apache24\\htdocs\\medify_test-development\\vendor\\laravel\\framework\\src\\Illuminate\\Foundation\\Http\\Middleware\\TransformsRequest.php(21): Illuminate\\Pipeline\\Pipeline->Illuminate\\Pipeline\\{closure}()
#34 E:\\Apache24\\htdocs\\medify_test-development\\vendor\\laravel\\framework\\src\\Illuminate\\Foundation\\Http\\Middleware\\TrimStrings.php(40): Illuminate\\Foundation\\Http\\Middleware\\TransformsRequest->handle()
#35 E:\\Apache24\\htdocs\\medify_test-development\\vendor\\laravel\\framework\\src\\Illuminate\\Pipeline\\Pipeline.php(180): Illuminate\\Foundation\\Http\\Middleware\\TrimStrings->handle()
#36 E:\\Apache24\\htdocs\\medify_test-development\\vendor\\laravel\\framework\\src\\Illuminate\\Foundation\\Http\\Middleware\\ValidatePostSize.php(27): Illuminate\\Pipeline\\Pipeline->Illuminate\\Pipeline\\{closure}()
#37 E:\\Apache24\\htdocs\\medify_test-development\\vendor\\laravel\\framework\\src\\Illuminate\\Pipeline\\Pipeline.php(180): Illuminate\\Foundation\\Http\\Middleware\\ValidatePostSize->handle()
#38 E:\\Apache24\\htdocs\\medify_test-development\\vendor\\laravel\\framework\\src\\Illuminate\\Foundation\\Http\\Middleware\\PreventRequestsDuringMaintenance.php(86): Illuminate\\Pipeline\\Pipeline->Illuminate\\Pipeline\\{closure}()
#39 E:\\Apache24\\htdocs\\medify_test-development\\vendor\\laravel\\framework\\src\\Illuminate\\Pipeline\\Pipeline.php(180): Illuminate\\Foundation\\Http\\Middleware\\PreventRequestsDuringMaintenance->handle()
#40 E:\\Apache24\\htdocs\\medify_test-development\\vendor\\laravel\\framework\\src\\Illuminate\\Http\\Middleware\\HandleCors.php(49): Illuminate\\Pipeline\\Pipeline->Illuminate\\Pipeline\\{closure}()
#41 E:\\Apache24\\htdocs\\medify_test-development\\vendor\\laravel\\framework\\src\\Illuminate\\Pipeline\\Pipeline.php(180): Illuminate\\Http\\Middleware\\HandleCors->handle()
#42 E:\\Apache24\\htdocs\\medify_test-development\\vendor\\laravel\\framework\\src\\Illuminate\\Http\\Middleware\\TrustProxies.php(39): Illuminate\\Pipeline\\Pipeline->Illuminate\\Pipeline\\{closure}()
#43 E:\\Apache24\\htdocs\\medify_test-development\\vendor\\laravel\\framework\\src\\Illuminate\\Pipeline\\Pipeline.php(180): Illuminate\\Http\\Middleware\\TrustProxies->handle()
#44 E:\\Apache24\\htdocs\\medify_test-development\\vendor\\laravel\\framework\\src\\Illuminate\\Pipeline\\Pipeline.php(116): Illuminate\\Pipeline\\Pipeline->Illuminate\\Pipeline\\{closure}()
#45 E:\\Apache24\\htdocs\\medify_test-development\\vendor\\laravel\\framework\\src\\Illuminate\\Foundation\\Http\\Kernel.php(165): Illuminate\\Pipeline\\Pipeline->then()
#46 E:\\Apache24\\htdocs\\medify_test-development\\vendor\\laravel\\framework\\src\\Illuminate\\Foundation\\Http\\Kernel.php(134): Illuminate\\Foundation\\Http\\Kernel->sendRequestThroughRouter()
#47 E:\\Apache24\\htdocs\\medify_test-development\\public\\index.php(51): Illuminate\\Foundation\\Http\\Kernel->handle()
#48 E:\\Apache24\\htdocs\\medify_test-development\\vendor\\laravel\\framework\\src\\Illuminate\\Foundation\\resources\\server.php(16): require_once('...')
#49 {main}
"} 
[2026-10-06 06:29:55] local.ERROR: Command "make:cotroller" is not defined.

Did you mean one of these?
    make:cast
    make:channel
    make:command
    make:component
    make:controller
    make:event
    make:exception
    make:factory
    make:job
    make:listener
    make:mail
    make:middleware
    make:migration
    make:model
    make:notification
    make:observer
    make:policy
    make:provider
    make:request
    make:resource
    make:rule
    make:scope
    make:seeder
    make:test
    ui:controllers {"exception":"[object] (Symfony\\Component\\Console\\Exception\\CommandNotFoundException(code: 0): Command \"make:cotroller\" is not defined.

Did you mean one of these?
    make:cast
    make:channel
    make:command
    make:component
    make:controller
    make:event
    make:exception
    make:factory
    make:job
    make:listener
    make:mail
    make:middleware
    make:migration
    make:model
    make:notification
    make:observer
    make:policy
    make:provider
    make:request
    make:resource
    make:rule
    make:scope
    make:seeder
    make:test
    ui:controllers at E:\\Apache24\\htdocs\\medify_test-development\\vendor\\symfony\\console\\Application.php:745)
[stacktrace]
#0 E:\\Apache24\\htdocs\\medify_test-development\\vendor\\symfony\\console\\Application.php(266): Symfony\\Component\\Console\\Application->find()
#1 E:\\Apache24\\htdocs\\medify_test-development\\vendor\\symfony\\console\\Application.php(175): Symfony\\Component\\Console\\Application->doRun()
#2 E:\\Apache24\\htdocs\\medify_test-development\\vendor\\laravel\\framework\\src\\Illuminate\\Console\\Application.php(102): Symfony\\Component\\Console\\Application->run()
#3 E:\\Apache24\\htdocs\\medify_test-development\\vendor\\laravel\\framework\\src\\Illuminate\\Foundation\\Console\\Kernel.php(155): Illuminate\\Console\\Application->run()
#4 E:\\Apache24\\htdocs\\medify_test-development\\artisan(35): Illuminate\\Foundation\\Console\\Kernel->handle()
#5 {main}
"} 
[2026-10-06 06:35:20] local.ERROR: Undefined variable $semua_kategori {"userId":1,"exception":"[object] (Spatie\\LaravelIgnition\\Exceptions\\ViewException(code: 0): Undefined variable $semua_kategori at E:\\Apache24\\htdocs\\medify_test-development\\resources\\views\\master_items\\form\\form.blade.php:126)
[stacktrace]
#0 E:\\Apache24\\htdocs\\medify_test-development\\vendor\\laravel\\framework\\src\\Illuminate\\Foundation\\Bootstrap\\HandleExceptions.php(270): Illuminate\\Foundation\\Bootstrap\\HandleExceptions->handleError()
#1 E:\\Apache24\\htdocs\\medify_test-development\\resources\\views\\master_items\\form\\form.blade.php(126): Illuminate\\Foundation\\Bootstrap\\HandleExceptions->Illuminate\\Foundation\\Bootstrap\\{closure}()
#2 E:\\Apache24\\htdocs\\medify_test-development\\vendor\\laravel\\framework\\src\\Illuminate\\Filesystem\\Filesystem.php(109): require('...')
#3 E:\\Apache24\\htdocs\\medify_test-development\\vendor\\laravel\\framework\\src\\Illuminate\\Filesystem\\Filesystem.php(110): Illuminate\\Filesystem\\Filesystem::Illuminate\\Filesystem\\{closure}()
#4 E:\\Apache24\\htdocs\\medify_test-development\\vendor\\laravel\\framework\\src\\Illuminate\\View\\Engines\\PhpEngine.php(58): Illuminate\\Filesystem\\Filesystem->getRequire()
#5 E:\\Apache24\\htdocs\\medify_test-development\\vendor\\laravel\\framework\\src\\Illuminate\\View\\Engines\\CompilerEngine.php(70): Illuminate\\View\\Engines\\PhpEngine->evaluatePath()
#6 E:\\Apache24\\htdocs\\medify_test-development\\vendor\\laravel\\framework\\src\\Illuminate\\View\\View.php(195): Illuminate\\View\\Engines\\CompilerEngine->get()
#7 E:\\Apache24\\htdocs\\medify_test-development\\vendor\\laravel\\framework\\src\\Illuminate\\View\\View.php(178): Illuminate\\View\\View->getContents()
#8 E:\\Apache24\\htdocs\\medify_test-development\\vendor\\laravel\\framework\\src\\Illuminate\\View\\View.php(147): Illuminate\\View\\View->renderContents()
#9 E:\\Apache24\\htdocs\\medify_test-development\\resources\\views\\master_items\\form\\index.blade.php(19): Illuminate\\View\\View->render()
#10 E:\\Apache24\\htdocs\\medify_test-development\\vendor\\laravel\\framework\\src\\Illuminate\\Filesystem\\Filesystem.php(109): require('...')
#11 E:\\Apache24\\htdocs\\medify_test-development\\vendor\\laravel\\framework\\src\\Illuminate\\Filesystem\\Filesystem.php(110): Illuminate\\Filesystem\\Filesystem::Illuminate\\Filesystem\\{closure}()
#12 E:\\Apache24\\htdocs\\medify_test-development\\vendor\\laravel\\framework\\src\\Illuminate\\View\\Engines\\PhpEngine.php(58): Illuminate\\Filesystem\\Filesystem->getRequire()
#13 E:\\Apache24\\htdocs\\medify_test-development\\vendor\\laravel\\framework\\src\\Illuminate\\View\\Engines\\CompilerEngine.php(70): Illuminate\\View\\Engines\\PhpEngine->evaluatePath()
#14 E:\\Apache24\\htdocs\\medify_test-development\\vendor\\laravel\\framework\\src\\Illuminate\\View\\View.php(195): Illuminate\\View\\Engines\\CompilerEngine->get()
#15 E:\\Apache24\\htdocs\\medify_test-development\\vendor\\laravel\\framework\\src\\Illuminate\\View\\View.php(178): Illuminate\\View\\View->getContents()
#16 E:\\Apache24\\htdocs\\medify_test-development\\vendor\\laravel\\framework\\src\\Illuminate\\View\\View.php(147): Illuminate\\View\\View->renderContents()
#17 E:\\Apache24\\htdocs\\medify_test-development\\vendor\\laravel\\framework\\src\\Illuminate\\Http\\Response.php(69): Illuminate\\View\\View->render()
#18 E:\\Apache24\\htdocs\\medify_test-development\\vendor\\laravel\\framework\\src\\Illuminate\\Http\\Response.php(35): Illuminate\\Http\\Response->setContent()
#19 E:\\Apache24\\htdocs\\medify_test-development\\vendor\\laravel\\framework\\src\\Illuminate\\Routing\\Router.php(906): Illuminate\\Http\\Response->__construct()
#20 E:\\Apache24\\htdocs\\medify_test-development\\vendor\\laravel\\framework\\src\\Illuminate\\Routing\\Router.php(875): Illuminate\\Routing\\Router::toResponse()
#21 E:\\Apache24\\htdocs\\medify_test-development\\vendor\\laravel\\framework\\src\\Illuminate\\Routing\\Router.php(797): Illuminate\\Routing\\Router->prepareResponse()
#22 E:\\Apache24\\htdocs\\medify_test-development\\vendor\\laravel\\framework\\src\\Illuminate\\Pipeline\\Pipeline.php(141): Illuminate\\Routing\\Router->Illuminate\\Routing\\{closure}()
#23 E:\\Apache24\\htdocs\\medify_test-development\\vendor\\laravel\\framework\\src\\Illuminate\\Routing\\Middleware\\SubstituteBindings.php(50): Illuminate\\Pipeline\\Pipeline->Illuminate\\Pipeline\\{closure}()
#24 E:\\Apache24\\htdocs\\medify_test-development\\vendor\\laravel\\framework\\src\\Illuminate\\Pipeline\\Pipeline.php(180): Illuminate\\Routing\\Middleware\\SubstituteBindings->handle()
#25 E:\\Apache24\\htdocs\\medify_test-development\\vendor\\laravel\\framework\\src\\Illuminate\\Foundation\\Http\\Middleware\\VerifyCsrfToken.php(78): Illuminate\\Pipeline\\Pipeline->Illuminate\\Pipeline\\{closure}()
#26 E:\\Apache24\\htdocs\\medify_test-development\\vendor\\laravel\\framework\\src\\Illuminate\\Pipeline\\Pipeline.php(180): Illuminate\\Foundation\\Http\\Middleware\\VerifyCsrfToken->handle()
#27 E:\\Apache24\\htdocs\\medify_test-development\\vendor\\laravel\\framework\\src\\Illuminate\\View\\Middleware\\ShareErrorsFromSession.php(49): Illuminate\\Pipeline\\Pipeline->Illuminate\\Pipeline\\{closure}()
#28 E:\\Apache24\\htdocs\\medify_test-development\\vendor\\laravel\\framework\\src\\Illuminate\\Pipeline\\Pipeline.php(180): Illuminate\\View\\Middleware\\ShareErrorsFromSession->handle()
#29 E:\\Apache24\\htdocs\\medify_test-development\\vendor\\laravel\\framework\\src\\Illuminate\\Session\\Middleware\\StartSession.php(121): Illuminate\\Pipeline\\Pipeline->Illuminate\\Pipeline\\{closure}()
#30 E:\\Apache24\\htdocs\\medify_test-development\\vendor\\laravel\\framework\\src\\Illuminate\\Session\\Middleware\\StartSession.php(64): Illuminate\\Session\\Middleware\\StartSession->handleStatefulRequest()
#31 E:\\Apache24\\htdocs\\medify_test-development\\vendor\\laravel\\framework\\src\\Illuminate\\Pipeline\\Pipeline.php(180): Illuminate\\Session\\Middleware\\StartSession->handle()
#32 E:\\Apache24\\htdocs\\medify_test-development\\vendor\\laravel\\framework\\src\\Illuminate\\Cookie\\Middleware\\AddQueuedCookiesToResponse.php(37): Illuminate\\Pipeline\\Pipeline->Illuminate\\Pipeline\\{closure}()
#33 E:\\Apache24\\htdocs\\medify_test-development\\vendor\\laravel\\framework\\src\\Illuminate\\Pipeline\\Pipeline.php(180): Illuminate\\Cookie\\Middleware\\AddQueuedCookiesToResponse->handle()
#34 E:\\Apache24\\htdocs\\medify_test-development\\vendor\\laravel\\framework\\src\\Illuminate\\Cookie\\Middleware\\EncryptCookies.php(67): Illuminate\\Pipeline\\Pipeline->Illuminate\\Pipeline\\{closure}()
#35 E:\\Apache24\\htdocs\\medify_test-development\\vendor\\laravel\\framework\\src\\Illuminate\\Pipeline\\Pipeline.php(180): Illuminate\\Cookie\\Middleware\\EncryptCookies->handle()
#36 E:\\Apache24\\htdocs\\medify_test-development\\vendor\\laravel\\framework\\src\\Illuminate\\Pipeline\\Pipeline.php(116): Illuminate\\Pipeline\\Pipeline->Illuminate\\Pipeline\\{closure}()
#37 E:\\Apache24\\htdocs\\medify_test-development\\vendor\\laravel\\framework\\src\\Illuminate\\Routing\\Router.php(797): Illuminate\\Pipeline\\Pipeline->then()
#38 E:\\Apache24\\htdocs\\medify_test-development\\vendor\\laravel\\framework\\src\\Illuminate\\Routing\\Router.php(776): Illuminate\\Routing\\Router->runRouteWithinStack()
#39 E:\\Apache24\\htdocs\\medify_test-development\\vendor\\laravel\\framework\\src\\Illuminate\\Routing\\Router.php(740): Illuminate\\Routing\\Router->runRoute()
#40 E:\\Apache24\\htdocs\\medify_test-development\\vendor\\laravel\\framework\\src\\Illuminate\\Routing\\Router.php(729): Illuminate\\Routing\\Router->dispatchToRoute()
#41 E:\\Apache24\\htdocs\\medify_test-development\\vendor\\laravel\\framework\\src\\Illuminate\\Foundation\\Http\\Kernel.php(190): Illuminate\\Routing\\Router->dispatch()
#42 E:\\Apache24\\htdocs\\medify_test-development\\vendor\\laravel\\framework\\src\\Illuminate\\Pipeline\\Pipeline.php(141): Illuminate\\Foundation\\Http\\Kernel->Illuminate\\Foundation\\Http\\{closure}()
#43 E:\\Apache24\\htdocs\\medify_test-development\\vendor\\laravel\\framework\\src\\Illuminate\\Foundation\\Http\\Middleware\\TransformsRequest.php(21): Illuminate\\Pipeline\\Pipeline->Illuminate\\Pipeline\\{closure}()
#44 E:\\Apache24\\htdocs\\medify_test-development\\vendor\\laravel\\framework\\src\\Illuminate\\Foundation\\Http\\Middleware\\ConvertEmptyStringsToNull.php(31): Illuminate\\Foundation\\Http\\Middleware\\TransformsRequest->handle()
#45 E:\\Apache24\\htdocs\\medify_test-development\\vendor\\laravel\\framework\\src\\Illuminate\\Pipeline\\Pipeline.php(180): Illuminate\\Foundation\\Http\\Middleware\\ConvertEmptyStringsToNull->handle()
#46 E:\\Apache24\\htdocs\\medify_test-development\\vendor\\laravel\\framework\\src\\Illuminate\\Foundation\\Http\\Middleware\\TransformsRequest.php(21): Illuminate\\Pipeline\\Pipeline->Illuminate\\Pipeline\\{closure}()
#47 E:\\Apache24\\htdocs\\medify_test-development\\vendor\\laravel\\framework\\src\\Illuminate\\Foundation\\Http\\Middleware\\TrimStrings.php(40): Illuminate\\Foundation\\Http\\Middleware\\TransformsRequest->handle()
#48 E:\\Apache24\\htdocs\\medify_test-development\\vendor\\laravel\\framework\\src\\Illuminate\\Pipeline\\Pipeline.php(180): Illuminate\\Foundation\\Http\\Middleware\\TrimStrings->handle()
#49 E:\\Apache24\\htdocs\\medify_test-development\\vendor\\laravel\\framework\\src\\Illuminate\\Foundation\\Http\\Middleware\\ValidatePostSize.php(27): Illuminate\\Pipeline\\Pipeline->Illuminate\\Pipeline\\{closure}()
#50 E:\\Apache24\\htdocs\\medify_test-development\\vendor\\laravel\\framework\\src\\Illuminate\\Pipeline\\Pipeline.php(180): Illuminate\\Foundation\\Http\\Middleware\\ValidatePostSize->handle()
#51 E:\\Apache24\\htdocs\\medify_test-development\\vendor\\laravel\\framework\\src\\Illuminate\\Foundation\\Http\\Middleware\\PreventRequestsDuringMaintenance.php(86): Illuminate\\Pipeline\\Pipeline->Illuminate\\Pipeline\\{closure}()
#52 E:\\Apache24\\htdocs\\medify_test-development\\vendor\\laravel\\framework\\src\\Illuminate\\Pipeline\\Pipeline.php(180): Illuminate\\Foundation\\Http\\Middleware\\PreventRequestsDuringMaintenance->handle()
#53 E:\\Apache24\\htdocs\\medify_test-development\\vendor\\laravel\\framework\\src\\Illuminate\\Http\\Middleware\\HandleCors.php(49): Illuminate\\Pipeline\\Pipeline->Illuminate\\Pipeline\\{closure}()
#54 E:\\Apache24\\htdocs\\medify_test-development\\vendor\\laravel\\framework\\src\\Illuminate\\Pipeline\\Pipeline.php(180): Illuminate\\Http\\Middleware\\HandleCors->handle()
#55 E:\\Apache24\\htdocs\\medify_test-development\\vendor\\laravel\\framework\\src\\Illuminate\\Http\\Middleware\\TrustProxies.php(39): Illuminate\\Pipeline\\Pipeline->Illuminate\\Pipeline\\{closure}()
#56 E:\\Apache24\\htdocs\\medify_test-development\\vendor\\laravel\\framework\\src\\Illuminate\\Pipeline\\Pipeline.php(180): Illuminate\\Http\\Middleware\\TrustProxies->handle()
#57 E:\\Apache24\\htdocs\\medify_test-development\\vendor\\laravel\\framework\\src\\Illuminate\\Pipeline\\Pipeline.php(116): Illuminate\\Pipeline\\Pipeline->Illuminate\\Pipeline\\{closure}()
#58 E:\\Apache24\\htdocs\\medify_test-development\\vendor\\laravel\\framework\\src\\Illuminate\\Foundation\\Http\\Kernel.php(165): Illuminate\\Pipeline\\Pipeline->then()
#59 E:\\Apache24\\htdocs\\medify_test-development\\vendor\\laravel\\framework\\src\\Illuminate\\Foundation\\Http\\Kernel.php(134): Illuminate\\Foundation\\Http\\Kernel->sendRequestThroughRouter()
#60 E:\\Apache24\\htdocs\\medify_test-development\\public\\index.php(51): Illuminate\\Foundation\\Http\\Kernel->handle()
#61 E:\\Apache24\\htdocs\\medify_test-development\\vendor\\laravel\\framework\\src\\Illuminate\\Foundation\\resources\\server.php(16): require_once('...')
#62 {main}

[previous exception] [object] (ErrorException(code: 0): Undefined variable $semua_kategori at E:\\Apache24\\htdocs\\medify_test-development\\storage\\framework\\views\\ee9e9e73a412c95f97c6844b56b6ed3b8cff893c.php:126)
[stacktrace]
#0 E:\\Apache24\\htdocs\\medify_test-development\\vendor\\laravel\\framework\\src\\Illuminate\\Foundation\\Bootstrap\\HandleExceptions.php(270): Illuminate\\Foundation\\Bootstrap\\HandleExceptions->handleError()
#1 E:\\Apache24\\htdocs\\medify_test-development\\storage\\framework\\views\\ee9e9e73a412c95f97c6844b56b6ed3b8cff893c.php(126): Illuminate\\Foundation\\Bootstrap\\HandleExceptions->Illuminate\\Foundation\\Bootstrap\\{closure}()
#2 E:\\Apache24\\htdocs\\medify_test-development\\vendor\\laravel\\framework\\src\\Illuminate\\Filesystem\\Filesystem.php(109): require('...')
#3 E:\\Apache24\\htdocs\\medify_test-development\\vendor\\laravel\\framework\\src\\Illuminate\\Filesystem\\Filesystem.php(110): Illuminate\\Filesystem\\Filesystem::Illuminate\\Filesystem\\{closure}()
#4 E:\\Apache24\\htdocs\\medify_test-development\\vendor\\laravel\\framework\\src\\Illuminate\\View\\Engines\\PhpEngine.php(58): Illuminate\\Filesystem\\Filesystem->getRequire()
#5 E:\\Apache24\\htdocs\\medify_test-development\\vendor\\laravel\\framework\\src\\Illuminate\\View\\Engines\\CompilerEngine.php(70): Illuminate\\View\\Engines\\PhpEngine->evaluatePath()
#6 E:\\Apache24\\htdocs\\medify_test-development\\vendor\\laravel\\framework\\src\\Illuminate\\View\\View.php(195): Illuminate\\View\\Engines\\CompilerEngine->get()
#7 E:\\Apache24\\htdocs\\medify_test-development\\vendor\\laravel\\framework\\src\\Illuminate\\View\\View.php(178): Illuminate\\View\\View->getContents()
#8 E:\\Apache24\\htdocs\\medify_test-development\\vendor\\laravel\\framework\\src\\Illuminate\\View\\View.php(147): Illuminate\\View\\View->renderContents()
#9 E:\\Apache24\\htdocs\\medify_test-development\\storage\\framework\\views\\aed922246db696779f6f9f5765e26501a70a8ea5.php(17): Illuminate\\View\\View->render()
#10 E:\\Apache24\\htdocs\\medify_test-development\\vendor\\laravel\\framework\\src\\Illuminate\\Filesystem\\Filesystem.php(109): require('...')
#11 E:\\Apache24\\htdocs\\medify_test-development\\vendor\\laravel\\framework\\src\\Illuminate\\Filesystem\\Filesystem.php(110): Illuminate\\Filesystem\\Filesystem::Illuminate\\Filesystem\\{closure}()
#12 E:\\Apache24\\htdocs\\medify_test-development\\vendor\\laravel\\framework\\src\\Illuminate\\View\\Engines\\PhpEngine.php(58): Illuminate\\Filesystem\\Filesystem->getRequire()
#13 E:\\Apache24\\htdocs\\medify_test-development\\vendor\\laravel\\framework\\src\\Illuminate\\View\\Engines\\CompilerEngine.php(70): Illuminate\\View\\Engines\\PhpEngine->evaluatePath()
#14 E:\\Apache24\\htdocs\\medify_test-development\\vendor\\laravel\\framework\\src\\Illuminate\\View\\View.php(195): Illuminate\\View\\Engines\\CompilerEngine->get()
#15 E:\\Apache24\\htdocs\\medify_test-development\\vendor\\laravel\\framework\\src\\Illuminate\\View\\View.php(178): Illuminate\\View\\View->getContents()
#16 E:\\Apache24\\htdocs\\medify_test-development\\vendor\\laravel\\framework\\src\\Illuminate\\View\\View.php(147): Illuminate\\View\\View->renderContents()
#17 E:\\Apache24\\htdocs\\medify_test-development\\vendor\\laravel\\framework\\src\\Illuminate\\Http\\Response.php(69): Illuminate\\View\\View->render()
#18 E:\\Apache24\\htdocs\\medify_test-development\\vendor\\laravel\\framework\\src\\Illuminate\\Http\\Response.php(35): Illuminate\\Http\\Response->setContent()
#19 E:\\Apache24\\htdocs\\medify_test-development\\vendor\\laravel\\framework\\src\\Illuminate\\Routing\\Router.php(906): Illuminate\\Http\\Response->__construct()
#20 E:\\Apache24\\htdocs\\medify_test-development\\vendor\\laravel\\framework\\src\\Illuminate\\Routing\\Router.php(875): Illuminate\\Routing\\Router::toResponse()
#21 E:\\Apache24\\htdocs\\medify_test-development\\vendor\\laravel\\framework\\src\\Illuminate\\Routing\\Router.php(797): Illuminate\\Routing\\Router->prepareResponse()
#22 E:\\Apache24\\htdocs\\medify_test-development\\vendor\\laravel\\framework\\src\\Illuminate\\Pipeline\\Pipeline.php(141): Illuminate\\Routing\\Router->Illuminate\\Routing\\{closure}()
#23 E:\\Apache24\\htdocs\\medify_test-development\\vendor\\laravel\\framework\\src\\Illuminate\\Routing\\Middleware\\SubstituteBindings.php(50): Illuminate\\Pipeline\\Pipeline->Illuminate\\Pipeline\\{closure}()
#24 E:\\Apache24\\htdocs\\medify_test-development\\vendor\\laravel\\framework\\src\\Illuminate\\Pipeline\\Pipeline.php(180): Illuminate\\Routing\\Middleware\\SubstituteBindings->handle()
#25 E:\\Apache24\\htdocs\\medify_test-development\\vendor\\laravel\\framework\\src\\Illuminate\\Foundation\\Http\\Middleware\\VerifyCsrfToken.php(78): Illuminate\\Pipeline\\Pipeline->Illuminate\\Pipeline\\{closure}()
#26 E:\\Apache24\\htdocs\\medify_test-development\\vendor\\laravel\\framework\\src\\Illuminate\\Pipeline\\Pipeline.php(180): Illuminate\\Foundation\\Http\\Middleware\\VerifyCsrfToken->handle()
#27 E:\\Apache24\\htdocs\\medify_test-development\\vendor\\laravel\\framework\\src\\Illuminate\\View\\Middleware\\ShareErrorsFromSession.php(49): Illuminate\\Pipeline\\Pipeline->Illuminate\\Pipeline\\{closure}()
#28 E:\\Apache24\\htdocs\\medify_test-development\\vendor\\laravel\\framework\\src\\Illuminate\\Pipeline\\Pipeline.php(180): Illuminate\\View\\Middleware\\ShareErrorsFromSession->handle()
#29 E:\\Apache24\\htdocs\\medify_test-development\\vendor\\laravel\\framework\\src\\Illuminate\\Session\\Middleware\\StartSession.php(121): Illuminate\\Pipeline\\Pipeline->Illuminate\\Pipeline\\{closure}()
#30 E:\\Apache24\\htdocs\\medify_test-development\\vendor\\laravel\\framework\\src\\Illuminate\\Session\\Middleware\\StartSession.php(64): Illuminate\\Session\\Middleware\\StartSession->handleStatefulRequest()
#31 E:\\Apache24\\htdocs\\medify_test-development\\vendor\\laravel\\framework\\src\\Illuminate\\Pipeline\\Pipeline.php(180): Illuminate\\Session\\Middleware\\StartSession->handle()
#32 E:\\Apache24\\htdocs\\medify_test-development\\vendor\\laravel\\framework\\src\\Illuminate\\Cookie\\Middleware\\AddQueuedCookiesToResponse.php(37): Illuminate\\Pipeline\\Pipeline->Illuminate\\Pipeline\\{closure}()
#33 E:\\Apache24\\htdocs\\medify_test-development\\vendor\\laravel\\framework\\src\\Illuminate\\Pipeline\\Pipeline.php(180): Illuminate\\Cookie\\Middleware\\AddQueuedCookiesToResponse->handle()
#34 E:\\Apache24\\htdocs\\medify_test-development\\vendor\\laravel\\framework\\src\\Illuminate\\Cookie\\Middleware\\EncryptCookies.php(67): Illuminate\\Pipeline\\Pipeline->Illuminate\\Pipeline\\{closure}()
#35 E:\\Apache24\\htdocs\\medify_test-development\\vendor\\laravel\\framework\\src\\Illuminate\\Pipeline\\Pipeline.php(180): Illuminate\\Cookie\\Middleware\\EncryptCookies->handle()
#36 E:\\Apache24\\htdocs\\medify_test-development\\vendor\\laravel\\framework\\src\\Illuminate\\Pipeline\\Pipeline.php(116): Illuminate\\Pipeline\\Pipeline->Illuminate\\Pipeline\\{closure}()
#37 E:\\Apache24\\htdocs\\medify_test-development\\vendor\\laravel\\framework\\src\\Illuminate\\Routing\\Router.php(797): Illuminate\\Pipeline\\Pipeline->then()
#38 E:\\Apache24\\htdocs\\medify_test-development\\vendor\\laravel\\framework\\src\\Illuminate\\Routing\\Router.php(776): Illuminate\\Routing\\Router->runRouteWithinStack()
#39 E:\\Apache24\\htdocs\\medify_test-development\\vendor\\laravel\\framework\\src\\Illuminate\\Routing\\Router.php(740): Illuminate\\Routing\\Router->runRoute()
#40 E:\\Apache24\\htdocs\\medify_test-development\\vendor\\laravel\\framework\\src\\Illuminate\\Routing\\Router.php(729): Illuminate\\Routing\\Router->dispatchToRoute()
#41 E:\\Apache24\\htdocs\\medify_test-development\\vendor\\laravel\\framework\\src\\Illuminate\\Foundation\\Http\\Kernel.php(190): Illuminate\\Routing\\Router->dispatch()
#42 E:\\Apache24\\htdocs\\medify_test-development\\vendor\\laravel\\framework\\src\\Illuminate\\Pipeline\\Pipeline.php(141): Illuminate\\Foundation\\Http\\Kernel->Illuminate\\Foundation\\Http\\{closure}()
#43 E:\\Apache24\\htdocs\\medify_test-development\\vendor\\laravel\\framework\\src\\Illuminate\\Foundation\\Http\\Middleware\\TransformsRequest.php(21): Illuminate\\Pipeline\\Pipeline->Illuminate\\Pipeline\\{closure}()
#44 E:\\Apache24\\htdocs\\medify_test-development\\vendor\\laravel\\framework\\src\\Illuminate\\Foundation\\Http\\Middleware\\ConvertEmptyStringsToNull.php(31): Illuminate\\Foundation\\Http\\Middleware\\TransformsRequest->handle()
#45 E:\\Apache24\\htdocs\\medify_test-development\\vendor\\laravel\\framework\\src\\Illuminate\\Pipeline\\Pipeline.php(180): Illuminate\\Foundation\\Http\\Middleware\\ConvertEmptyStringsToNull->handle()
#46 E:\\Apache24\\htdocs\\medify_test-development\\vendor\\laravel\\framework\\src\\Illuminate\\Foundation\\Http\\Middleware\\TransformsRequest.php(21): Illuminate\\Pipeline\\Pipeline->Illuminate\\Pipeline\\{closure}()
#47 E:\\Apache24\\htdocs\\medify_test-development\\vendor\\laravel\\framework\\src\\Illuminate\\Foundation\\Http\\Middleware\\TrimStrings.php(40): Illuminate\\Foundation\\Http\\Middleware\\TransformsRequest->handle()
#48 E:\\Apache24\\htdocs\\medify_test-development\\vendor\\laravel\\framework\\src\\Illuminate\\Pipeline\\Pipeline.php(180): Illuminate\\Foundation\\Http\\Middleware\\TrimStrings->handle()
#49 E:\\Apache24\\htdocs\\medify_test-development\\vendor\\laravel\\framework\\src\\Illuminate\\Foundation\\Http\\Middleware\\ValidatePostSize.php(27): Illuminate\\Pipeline\\Pipeline->Illuminate\\Pipeline\\{closure}()
#50 E:\\Apache24\\htdocs\\medify_test-development\\vendor\\laravel\\framework\\src\\Illuminate\\Pipeline\\Pipeline.php(180): Illuminate\\Foundation\\Http\\Middleware\\ValidatePostSize->handle()
#51 E:\\Apache24\\htdocs\\medify_test-development\\vendor\\laravel\\framework\\src\\Illuminate\\Foundation\\Http\\Middleware\\PreventRequestsDuringMaintenance.php(86): Illuminate\\Pipeline\\Pipeline->Illuminate\\Pipeline\\{closure}()
#52 E:\\Apache24\\htdocs\\medify_test-development\\vendor\\laravel\\framework\\src\\Illuminate\\Pipeline\\Pipeline.php(180): Illuminate\\Foundation\\Http\\Middleware\\PreventRequestsDuringMaintenance->handle()
#53 E:\\Apache24\\htdocs\\medify_test-development\\vendor\\laravel\\framework\\src\\Illuminate\\Http\\Middleware\\HandleCors.php(49): Illuminate\\Pipeline\\Pipeline->Illuminate\\Pipeline\\{closure}()
#54 E:\\Apache24\\htdocs\\medify_test-development\\vendor\\laravel\\framework\\src\\Illuminate\\Pipeline\\Pipeline.php(180): Illuminate\\Http\\Middleware\\HandleCors->handle()
#55 E:\\Apache24\\htdocs\\medify_test-development\\vendor\\laravel\\framework\\src\\Illuminate\\Http\\Middleware\\TrustProxies.php(39): Illuminate\\Pipeline\\Pipeline->Illuminate\\Pipeline\\{closure}()
#56 E:\\Apache24\\htdocs\\medify_test-development\\vendor\\laravel\\framework\\src\\Illuminate\\Pipeline\\Pipeline.php(180): Illuminate\\Http\\Middleware\\TrustProxies->handle()
#57 E:\\Apache24\\htdocs\\medify_test-development\\vendor\\laravel\\framework\\src\\Illuminate\\Pipeline\\Pipeline.php(116): Illuminate\\Pipeline\\Pipeline->Illuminate\\Pipeline\\{closure}()
#58 E:\\Apache24\\htdocs\\medify_test-development\\vendor\\laravel\\framework\\src\\Illuminate\\Foundation\\Http\\Kernel.php(165): Illuminate\\Pipeline\\Pipeline->then()
#59 E:\\Apache24\\htdocs\\medify_test-development\\vendor\\laravel\\framework\\src\\Illuminate\\Foundation\\Http\\Kernel.php(134): Illuminate\\Foundation\\Http\\Kernel->sendRequestThroughRouter()
#60 E:\\Apache24\\htdocs\\medify_test-development\\public\\index.php(51): Illuminate\\Foundation\\Http\\Kernel->handle()
#61 E:\\Apache24\\htdocs\\medify_test-development\\vendor\\laravel\\framework\\src\\Illuminate\\Foundation\\resources\\server.php(16): require_once('...')
#62 {main}
"} 
[2026-10-06 06:39:00] local.ERROR: Undefined variable $semua_kategori {"userId":1,"exception":"[object] (Spatie\\LaravelIgnition\\Exceptions\\ViewException(code: 0): Undefined variable $semua_kategori at E:\\Apache24\\htdocs\\medify_test-development\\resources\\views\\master_items\\form\\form.blade.php:126)
[stacktrace]
#0 E:\\Apache24\\htdocs\\medify_test-development\\vendor\\laravel\\framework\\src\\Illuminate\\Foundation\\Bootstrap\\HandleExceptions.php(270): Illuminate\\Foundation\\Bootstrap\\HandleExceptions->handleError()
#1 E:\\Apache24\\htdocs\\medify_test-development\\resources\\views\\master_items\\form\\form.blade.php(126): Illuminate\\Foundation\\Bootstrap\\HandleExceptions->Illuminate\\Foundation\\Bootstrap\\{closure}()
#2 E:\\Apache24\\htdocs\\medify_test-development\\vendor\\laravel\\framework\\src\\Illuminate\\Filesystem\\Filesystem.php(109): require('...')
#3 E:\\Apache24\\htdocs\\medify_test-development\\vendor\\laravel\\framework\\src\\Illuminate\\Filesystem\\Filesystem.php(110): Illuminate\\Filesystem\\Filesystem::Illuminate\\Filesystem\\{closure}()
#4 E:\\Apache24\\htdocs\\medify_test-development\\vendor\\laravel\\framework\\src\\Illuminate\\View\\Engines\\PhpEngine.php(58): Illuminate\\Filesystem\\Filesystem->getRequire()
#5 E:\\Apache24\\htdocs\\medify_test-development\\vendor\\laravel\\framework\\src\\Illuminate\\View\\Engines\\CompilerEngine.php(70): Illuminate\\View\\Engines\\PhpEngine->evaluatePath()
#6 E:\\Apache24\\htdocs\\medify_test-development\\vendor\\laravel\\framework\\src\\Illuminate\\View\\View.php(195): Illuminate\\View\\Engines\\CompilerEngine->get()
#7 E:\\Apache24\\htdocs\\medify_test-development\\vendor\\laravel\\framework\\src\\Illuminate\\View\\View.php(178): Illuminate\\View\\View->getContents()
#8 E:\\Apache24\\htdocs\\medify_test-development\\vendor\\laravel\\framework\\src\\Illuminate\\View\\View.php(147): Illuminate\\View\\View->renderContents()
#9 E:\\Apache24\\htdocs\\medify_test-development\\resources\\views\\master_items\\form\\index.blade.php(19): Illuminate\\View\\View->render()
#10 E:\\Apache24\\htdocs\\medify_test-development\\vendor\\laravel\\framework\\src\\Illuminate\\Filesystem\\Filesystem.php(109): require('...')
#11 E:\\Apache24\\htdocs\\medify_test-development\\vendor\\laravel\\framework\\src\\Illuminate\\Filesystem\\Filesystem.php(110): Illuminate\\Filesystem\\Filesystem::Illuminate\\Filesystem\\{closure}()
#12 E:\\Apache24\\htdocs\\medify_test-development\\vendor\\laravel\\framework\\src\\Illuminate\\View\\Engines\\PhpEngine.php(58): Illuminate\\Filesystem\\Filesystem->getRequire()
#13 E:\\Apache24\\htdocs\\medify_test-development\\vendor\\laravel\\framework\\src\\Illuminate\\View\\Engines\\CompilerEngine.php(70): Illuminate\\View\\Engines\\PhpEngine->evaluatePath()
#14 E:\\Apache24\\htdocs\\medify_test-development\\vendor\\laravel\\framework\\src\\Illuminate\\View\\View.php(195): Illuminate\\View\\Engines\\CompilerEngine->get()
#15 E:\\Apache24\\htdocs\\medify_test-development\\vendor\\laravel\\framework\\src\\Illuminate\\View\\View.php(178): Illuminate\\View\\View->getContents()
#16 E:\\Apache24\\htdocs\\medify_test-development\\vendor\\laravel\\framework\\src\\Illuminate\\View\\View.php(147): Illuminate\\View\\View->renderContents()
#17 E:\\Apache24\\htdocs\\medify_test-development\\vendor\\laravel\\framework\\src\\Illuminate\\Http\\Response.php(69): Illuminate\\View\\View->render()
#18 E:\\Apache24\\htdocs\\medify_test-development\\vendor\\laravel\\framework\\src\\Illuminate\\Http\\Response.php(35): Illuminate\\Http\\Response->setContent()
#19 E:\\Apache24\\htdocs\\medify_test-development\\vendor\\laravel\\framework\\src\\Illuminate\\Routing\\Router.php(906): Illuminate\\Http\\Response->__construct()
#20 E:\\Apache24\\htdocs\\medify_test-development\\vendor\\laravel\\framework\\src\\Illuminate\\Routing\\Router.php(875): Illuminate\\Routing\\Router::toResponse()
#21 E:\\Apache24\\htdocs\\medify_test-development\\vendor\\laravel\\framework\\src\\Illuminate\\Routing\\Router.php(797): Illuminate\\Routing\\Router->prepareResponse()
#22 E:\\Apache24\\htdocs\\medify_test-development\\vendor\\laravel\\framework\\src\\Illuminate\\Pipeline\\Pipeline.php(141): Illuminate\\Routing\\Router->Illuminate\\Routing\\{closure}()
#23 E:\\Apache24\\htdocs\\medify_test-development\\vendor\\laravel\\framework\\src\\Illuminate\\Routing\\Middleware\\SubstituteBindings.php(50): Illuminate\\Pipeline\\Pipeline->Illuminate\\Pipeline\\{closure}()
#24 E:\\Apache24\\htdocs\\medify_test-development\\vendor\\laravel\\framework\\src\\Illuminate\\Pipeline\\Pipeline.php(180): Illuminate\\Routing\\Middleware\\SubstituteBindings->handle()
#25 E:\\Apache24\\htdocs\\medify_test-development\\vendor\\laravel\\framework\\src\\Illuminate\\Foundation\\Http\\Middleware\\VerifyCsrfToken.php(78): Illuminate\\Pipeline\\Pipeline->Illuminate\\Pipeline\\{closure}()
#26 E:\\Apache24\\htdocs\\medify_test-development\\vendor\\laravel\\framework\\src\\Illuminate\\Pipeline\\Pipeline.php(180): Illuminate\\Foundation\\Http\\Middleware\\VerifyCsrfToken->handle()
#27 E:\\Apache24\\htdocs\\medify_test-development\\vendor\\laravel\\framework\\src\\Illuminate\\View\\Middleware\\ShareErrorsFromSession.php(49): Illuminate\\Pipeline\\Pipeline->Illuminate\\Pipeline\\{closure}()
#28 E:\\Apache24\\htdocs\\medify_test-development\\vendor\\laravel\\framework\\src\\Illuminate\\Pipeline\\Pipeline.php(180): Illuminate\\View\\Middleware\\ShareErrorsFromSession->handle()
#29 E:\\Apache24\\htdocs\\medify_test-development\\vendor\\laravel\\framework\\src\\Illuminate\\Session\\Middleware\\StartSession.php(121): Illuminate\\Pipeline\\Pipeline->Illuminate\\Pipeline\\{closure}()
#30 E:\\Apache24\\htdocs\\medify_test-development\\vendor\\laravel\\framework\\src\\Illuminate\\Session\\Middleware\\StartSession.php(64): Illuminate\\Session\\Middleware\\StartSession->handleStatefulRequest()
#31 E:\\Apache24\\htdocs\\medify_test-development\\vendor\\laravel\\framework\\src\\Illuminate\\Pipeline\\Pipeline.php(180): Illuminate\\Session\\Middleware\\StartSession->handle()
#32 E:\\Apache24\\htdocs\\medify_test-development\\vendor\\laravel\\framework\\src\\Illuminate\\Cookie\\Middleware\\AddQueuedCookiesToResponse.php(37): Illuminate\\Pipeline\\Pipeline->Illuminate\\Pipeline\\{closure}()
#33 E:\\Apache24\\htdocs\\medify_test-development\\vendor\\laravel\\framework\\src\\Illuminate\\Pipeline\\Pipeline.php(180): Illuminate\\Cookie\\Middleware\\AddQueuedCookiesToResponse->handle()
#34 E:\\Apache24\\htdocs\\medify_test-development\\vendor\\laravel\\framework\\src\\Illuminate\\Cookie\\Middleware\\EncryptCookies.php(67): Illuminate\\Pipeline\\Pipeline->Illuminate\\Pipeline\\{closure}()
#35 E:\\Apache24\\htdocs\\medify_test-development\\vendor\\laravel\\framework\\src\\Illuminate\\Pipeline\\Pipeline.php(180): Illuminate\\Cookie\\Middleware\\EncryptCookies->handle()
#36 E:\\Apache24\\htdocs\\medify_test-development\\vendor\\laravel\\framework\\src\\Illuminate\\Pipeline\\Pipeline.php(116): Illuminate\\Pipeline\\Pipeline->Illuminate\\Pipeline\\{closure}()
#37 E:\\Apache24\\htdocs\\medify_test-development\\vendor\\laravel\\framework\\src\\Illuminate\\Routing\\Router.php(797): Illuminate\\Pipeline\\Pipeline->then()
#38 E:\\Apache24\\htdocs\\medify_test-development\\vendor\\laravel\\framework\\src\\Illuminate\\Routing\\Router.php(776): Illuminate\\Routing\\Router->runRouteWithinStack()
#39 E:\\Apache24\\htdocs\\medify_test-development\\vendor\\laravel\\framework\\src\\Illuminate\\Routing\\Router.php(740): Illuminate\\Routing\\Router->runRoute()
#40 E:\\Apache24\\htdocs\\medify_test-development\\vendor\\laravel\\framework\\src\\Illuminate\\Routing\\Router.php(729): Illuminate\\Routing\\Router->dispatchToRoute()
#41 E:\\Apache24\\htdocs\\medify_test-development\\vendor\\laravel\\framework\\src\\Illuminate\\Foundation\\Http\\Kernel.php(190): Illuminate\\Routing\\Router->dispatch()
#42 E:\\Apache24\\htdocs\\medify_test-development\\vendor\\laravel\\framework\\src\\Illuminate\\Pipeline\\Pipeline.php(141): Illuminate\\Foundation\\Http\\Kernel->Illuminate\\Foundation\\Http\\{closure}()
#43 E:\\Apache24\\htdocs\\medify_test-development\\vendor\\laravel\\framework\\src\\Illuminate\\Foundation\\Http\\Middleware\\TransformsRequest.php(21): Illuminate\\Pipeline\\Pipeline->Illuminate\\Pipeline\\{closure}()
#44 E:\\Apache24\\htdocs\\medify_test-development\\vendor\\laravel\\framework\\src\\Illuminate\\Foundation\\Http\\Middleware\\ConvertEmptyStringsToNull.php(31): Illuminate\\Foundation\\Http\\Middleware\\TransformsRequest->handle()
#45 E:\\Apache24\\htdocs\\medify_test-development\\vendor\\laravel\\framework\\src\\Illuminate\\Pipeline\\Pipeline.php(180): Illuminate\\Foundation\\Http\\Middleware\\ConvertEmptyStringsToNull->handle()
#46 E:\\Apache24\\htdocs\\medify_test-development\\vendor\\laravel\\framework\\src\\Illuminate\\Foundation\\Http\\Middleware\\TransformsRequest.php(21): Illuminate\\Pipeline\\Pipeline->Illuminate\\Pipeline\\{closure}()
#47 E:\\Apache24\\htdocs\\medify_test-development\\vendor\\laravel\\framework\\src\\Illuminate\\Foundation\\Http\\Middleware\\TrimStrings.php(40): Illuminate\\Foundation\\Http\\Middleware\\TransformsRequest->handle()
#48 E:\\Apache24\\htdocs\\medify_test-development\\vendor\\laravel\\framework\\src\\Illuminate\\Pipeline\\Pipeline.php(180): Illuminate\\Foundation\\Http\\Middleware\\TrimStrings->handle()
#49 E:\\Apache24\\htdocs\\medify_test-development\\vendor\\laravel\\framework\\src\\Illuminate\\Foundation\\Http\\Middleware\\ValidatePostSize.php(27): Illuminate\\Pipeline\\Pipeline->Illuminate\\Pipeline\\{closure}()
#50 E:\\Apache24\\htdocs\\medify_test-development\\vendor\\laravel\\framework\\src\\Illuminate\\Pipeline\\Pipeline.php(180): Illuminate\\Foundation\\Http\\Middleware\\ValidatePostSize->handle()
#51 E:\\Apache24\\htdocs\\medify_test-development\\vendor\\laravel\\framework\\src\\Illuminate\\Foundation\\Http\\Middleware\\PreventRequestsDuringMaintenance.php(86): Illuminate\\Pipeline\\Pipeline->Illuminate\\Pipeline\\{closure}()
#52 E:\\Apache24\\htdocs\\medify_test-development\\vendor\\laravel\\framework\\src\\Illuminate\\Pipeline\\Pipeline.php(180): Illuminate\\Foundation\\Http\\Middleware\\PreventRequestsDuringMaintenance->handle()
#53 E:\\Apache24\\htdocs\\medify_test-development\\vendor\\laravel\\framework\\src\\Illuminate\\Http\\Middleware\\HandleCors.php(49): Illuminate\\Pipeline\\Pipeline->Illuminate\\Pipeline\\{closure}()
#54 E:\\Apache24\\htdocs\\medify_test-development\\vendor\\laravel\\framework\\src\\Illuminate\\Pipeline\\Pipeline.php(180): Illuminate\\Http\\Middleware\\HandleCors->handle()
#55 E:\\Apache24\\htdocs\\medify_test-development\\vendor\\laravel\\framework\\src\\Illuminate\\Http\\Middleware\\TrustProxies.php(39): Illuminate\\Pipeline\\Pipeline->Illuminate\\Pipeline\\{closure}()
#56 E:\\Apache24\\htdocs\\medify_test-development\\vendor\\laravel\\framework\\src\\Illuminate\\Pipeline\\Pipeline.php(180): Illuminate\\Http\\Middleware\\TrustProxies->handle()
#57 E:\\Apache24\\htdocs\\medify_test-development\\vendor\\laravel\\framework\\src\\Illuminate\\Pipeline\\Pipeline.php(116): Illuminate\\Pipeline\\Pipeline->Illuminate\\Pipeline\\{closure}()
#58 E:\\Apache24\\htdocs\\medify_test-development\\vendor\\laravel\\framework\\src\\Illuminate\\Foundation\\Http\\Kernel.php(165): Illuminate\\Pipeline\\Pipeline->then()
#59 E:\\Apache24\\htdocs\\medify_test-development\\vendor\\laravel\\framework\\src\\Illuminate\\Foundation\\Http\\Kernel.php(134): Illuminate\\Foundation\\Http\\Kernel->sendRequestThroughRouter()
#60 E:\\Apache24\\htdocs\\medify_test-development\\public\\index.php(51): Illuminate\\Foundation\\Http\\Kernel->handle()
#61 E:\\Apache24\\htdocs\\medify_test-development\\vendor\\laravel\\framework\\src\\Illuminate\\Foundation\\resources\\server.php(16): require_once('...')
#62 {main}

[previous exception] [object] (ErrorException(code: 0): Undefined variable $semua_kategori at E:\\Apache24\\htdocs\\medify_test-development\\storage\\framework\\views\\ee9e9e73a412c95f97c6844b56b6ed3b8cff893c.php:126)
[stacktrace]
#0 E:\\Apache24\\htdocs\\medify_test-development\\vendor\\laravel\\framework\\src\\Illuminate\\Foundation\\Bootstrap\\HandleExceptions.php(270): Illuminate\\Foundation\\Bootstrap\\HandleExceptions->handleError()
#1 E:\\Apache24\\htdocs\\medify_test-development\\storage\\framework\\views\\ee9e9e73a412c95f97c6844b56b6ed3b8cff893c.php(126): Illuminate\\Foundation\\Bootstrap\\HandleExceptions->Illuminate\\Foundation\\Bootstrap\\{closure}()
#2 E:\\Apache24\\htdocs\\medify_test-development\\vendor\\laravel\\framework\\src\\Illuminate\\Filesystem\\Filesystem.php(109): require('...')
#3 E:\\Apache24\\htdocs\\medify_test-development\\vendor\\laravel\\framework\\src\\Illuminate\\Filesystem\\Filesystem.php(110): Illuminate\\Filesystem\\Filesystem::Illuminate\\Filesystem\\{closure}()
#4 E:\\Apache24\\htdocs\\medify_test-development\\vendor\\laravel\\framework\\src\\Illuminate\\View\\Engines\\PhpEngine.php(58): Illuminate\\Filesystem\\Filesystem->getRequire()
#5 E:\\Apache24\\htdocs\\medify_test-development\\vendor\\laravel\\framework\\src\\Illuminate\\View\\Engines\\CompilerEngine.php(70): Illuminate\\View\\Engines\\PhpEngine->evaluatePath()
#6 E:\\Apache24\\htdocs\\medify_test-development\\vendor\\laravel\\framework\\src\\Illuminate\\View\\View.php(195): Illuminate\\View\\Engines\\CompilerEngine->get()
#7 E:\\Apache24\\htdocs\\medify_test-development\\vendor\\laravel\\framework\\src\\Illuminate\\View\\View.php(178): Illuminate\\View\\View->getContents()
#8 E:\\Apache24\\htdocs\\medify_test-development\\vendor\\laravel\\framework\\src\\Illuminate\\View\\View.php(147): Illuminate\\View\\View->renderContents()
#9 E:\\Apache24\\htdocs\\medify_test-development\\storage\\framework\\views\\aed922246db696779f6f9f5765e26501a70a8ea5.php(17): Illuminate\\View\\View->render()
#10 E:\\Apache24\\htdocs\\medify_test-development\\vendor\\laravel\\framework\\src\\Illuminate\\Filesystem\\Filesystem.php(109): require('...')
#11 E:\\Apache24\\htdocs\\medify_test-development\\vendor\\laravel\\framework\\src\\Illuminate\\Filesystem\\Filesystem.php(110): Illuminate\\Filesystem\\Filesystem::Illuminate\\Filesystem\\{closure}()
#12 E:\\Apache24\\htdocs\\medify_test-development\\vendor\\laravel\\framework\\src\\Illuminate\\View\\Engines\\PhpEngine.php(58): Illuminate\\Filesystem\\Filesystem->getRequire()
#13 E:\\Apache24\\htdocs\\medify_test-development\\vendor\\laravel\\framework\\src\\Illuminate\\View\\Engines\\CompilerEngine.php(70): Illuminate\\View\\Engines\\PhpEngine->evaluatePath()
#14 E:\\Apache24\\htdocs\\medify_test-development\\vendor\\laravel\\framework\\src\\Illuminate\\View\\View.php(195): Illuminate\\View\\Engines\\CompilerEngine->get()
#15 E:\\Apache24\\htdocs\\medify_test-development\\vendor\\laravel\\framework\\src\\Illuminate\\View\\View.php(178): Illuminate\\View\\View->getContents()
#16 E:\\Apache24\\htdocs\\medify_test-development\\vendor\\laravel\\framework\\src\\Illuminate\\View\\View.php(147): Illuminate\\View\\View->renderContents()
#17 E:\\Apache24\\htdocs\\medify_test-development\\vendor\\laravel\\framework\\src\\Illuminate\\Http\\Response.php(69): Illuminate\\View\\View->render()
#18 E:\\Apache24\\htdocs\\medify_test-development\\vendor\\laravel\\framework\\src\\Illuminate\\Http\\Response.php(35): Illuminate\\Http\\Response->setContent()
#19 E:\\Apache24\\htdocs\\medify_test-development\\vendor\\laravel\\framework\\src\\Illuminate\\Routing\\Router.php(906): Illuminate\\Http\\Response->__construct()
#20 E:\\Apache24\\htdocs\\medify_test-development\\vendor\\laravel\\framework\\src\\Illuminate\\Routing\\Router.php(875): Illuminate\\Routing\\Router::toResponse()
#21 E:\\Apache24\\htdocs\\medify_test-development\\vendor\\laravel\\framework\\src\\Illuminate\\Routing\\Router.php(797): Illuminate\\Routing\\Router->prepareResponse()
#22 E:\\Apache24\\htdocs\\medify_test-development\\vendor\\laravel\\framework\\src\\Illuminate\\Pipeline\\Pipeline.php(141): Illuminate\\Routing\\Router->Illuminate\\Routing\\{closure}()
#23 E:\\Apache24\\htdocs\\medify_test-development\\vendor\\laravel\\framework\\src\\Illuminate\\Routing\\Middleware\\SubstituteBindings.php(50): Illuminate\\Pipeline\\Pipeline->Illuminate\\Pipeline\\{closure}()
#24 E:\\Apache24\\htdocs\\medify_test-development\\vendor\\laravel\\framework\\src\\Illuminate\\Pipeline\\Pipeline.php(180): Illuminate\\Routing\\Middleware\\SubstituteBindings->handle()
#25 E:\\Apache24\\htdocs\\medify_test-development\\vendor\\laravel\\framework\\src\\Illuminate\\Foundation\\Http\\Middleware\\VerifyCsrfToken.php(78): Illuminate\\Pipeline\\Pipeline->Illuminate\\Pipeline\\{closure}()
#26 E:\\Apache24\\htdocs\\medify_test-development\\vendor\\laravel\\framework\\src\\Illuminate\\Pipeline\\Pipeline.php(180): Illuminate\\Foundation\\Http\\Middleware\\VerifyCsrfToken->handle()
#27 E:\\Apache24\\htdocs\\medify_test-development\\vendor\\laravel\\framework\\src\\Illuminate\\View\\Middleware\\ShareErrorsFromSession.php(49): Illuminate\\Pipeline\\Pipeline->Illuminate\\Pipeline\\{closure}()
#28 E:\\Apache24\\htdocs\\medify_test-development\\vendor\\laravel\\framework\\src\\Illuminate\\Pipeline\\Pipeline.php(180): Illuminate\\View\\Middleware\\ShareErrorsFromSession->handle()
#29 E:\\Apache24\\htdocs\\medify_test-development\\vendor\\laravel\\framework\\src\\Illuminate\\Session\\Middleware\\StartSession.php(121): Illuminate\\Pipeline\\Pipeline->Illuminate\\Pipeline\\{closure}()
#30 E:\\Apache24\\htdocs\\medify_test-development\\vendor\\laravel\\framework\\src\\Illuminate\\Session\\Middleware\\StartSession.php(64): Illuminate\\Session\\Middleware\\StartSession->handleStatefulRequest()
#31 E:\\Apache24\\htdocs\\medify_test-development\\vendor\\laravel\\framework\\src\\Illuminate\\Pipeline\\Pipeline.php(180): Illuminate\\Session\\Middleware\\StartSession->handle()
#32 E:\\Apache24\\htdocs\\medify_test-development\\vendor\\laravel\\framework\\src\\Illuminate\\Cookie\\Middleware\\AddQueuedCookiesToResponse.php(37): Illuminate\\Pipeline\\Pipeline->Illuminate\\Pipeline\\{closure}()
#33 E:\\Apache24\\htdocs\\medify_test-development\\vendor\\laravel\\framework\\src\\Illuminate\\Pipeline\\Pipeline.php(180): Illuminate\\Cookie\\Middleware\\AddQueuedCookiesToResponse->handle()
#34 E:\\Apache24\\htdocs\\medify_test-development\\vendor\\laravel\\framework\\src\\Illuminate\\Cookie\\Middleware\\EncryptCookies.php(67): Illuminate\\Pipeline\\Pipeline->Illuminate\\Pipeline\\{closure}()
#35 E:\\Apache24\\htdocs\\medify_test-development\\vendor\\laravel\\framework\\src\\Illuminate\\Pipeline\\Pipeline.php(180): Illuminate\\Cookie\\Middleware\\EncryptCookies->handle()
#36 E:\\Apache24\\htdocs\\medify_test-development\\vendor\\laravel\\framework\\src\\Illuminate\\Pipeline\\Pipeline.php(116): Illuminate\\Pipeline\\Pipeline->Illuminate\\Pipeline\\{closure}()
#37 E:\\Apache24\\htdocs\\medify_test-development\\vendor\\laravel\\framework\\src\\Illuminate\\Routing\\Router.php(797): Illuminate\\Pipeline\\Pipeline->then()
#38 E:\\Apache24\\htdocs\\medify_test-development\\vendor\\laravel\\framework\\src\\Illuminate\\Routing\\Router.php(776): Illuminate\\Routing\\Router->runRouteWithinStack()
#39 E:\\Apache24\\htdocs\\medify_test-development\\vendor\\laravel\\framework\\src\\Illuminate\\Routing\\Router.php(740): Illuminate\\Routing\\Router->runRoute()
#40 E:\\Apache24\\htdocs\\medify_test-development\\vendor\\laravel\\framework\\src\\Illuminate\\Routing\\Router.php(729): Illuminate\\Routing\\Router->dispatchToRoute()
#41 E:\\Apache24\\htdocs\\medify_test-development\\vendor\\laravel\\framework\\src\\Illuminate\\Foundation\\Http\\Kernel.php(190): Illuminate\\Routing\\Router->dispatch()
#42 E:\\Apache24\\htdocs\\medify_test-development\\vendor\\laravel\\framework\\src\\Illuminate\\Pipeline\\Pipeline.php(141): Illuminate\\Foundation\\Http\\Kernel->Illuminate\\Foundation\\Http\\{closure}()
#43 E:\\Apache24\\htdocs\\medify_test-development\\vendor\\laravel\\framework\\src\\Illuminate\\Foundation\\Http\\Middleware\\TransformsRequest.php(21): Illuminate\\Pipeline\\Pipeline->Illuminate\\Pipeline\\{closure}()
#44 E:\\Apache24\\htdocs\\medify_test-development\\vendor\\laravel\\framework\\src\\Illuminate\\Foundation\\Http\\Middleware\\ConvertEmptyStringsToNull.php(31): Illuminate\\Foundation\\Http\\Middleware\\TransformsRequest->handle()
#45 E:\\Apache24\\htdocs\\medify_test-development\\vendor\\laravel\\framework\\src\\Illuminate\\Pipeline\\Pipeline.php(180): Illuminate\\Foundation\\Http\\Middleware\\ConvertEmptyStringsToNull->handle()
#46 E:\\Apache24\\htdocs\\medify_test-development\\vendor\\laravel\\framework\\src\\Illuminate\\Foundation\\Http\\Middleware\\TransformsRequest.php(21): Illuminate\\Pipeline\\Pipeline->Illuminate\\Pipeline\\{closure}()
#47 E:\\Apache24\\htdocs\\medify_test-development\\vendor\\laravel\\framework\\src\\Illuminate\\Foundation\\Http\\Middleware\\TrimStrings.php(40): Illuminate\\Foundation\\Http\\Middleware\\TransformsRequest->handle()
#48 E:\\Apache24\\htdocs\\medify_test-development\\vendor\\laravel\\framework\\src\\Illuminate\\Pipeline\\Pipeline.php(180): Illuminate\\Foundation\\Http\\Middleware\\TrimStrings->handle()
#49 E:\\Apache24\\htdocs\\medify_test-development\\vendor\\laravel\\framework\\src\\Illuminate\\Foundation\\Http\\Middleware\\ValidatePostSize.php(27): Illuminate\\Pipeline\\Pipeline->Illuminate\\Pipeline\\{closure}()
#50 E:\\Apache24\\htdocs\\medify_test-development\\vendor\\laravel\\framework\\src\\Illuminate\\Pipeline\\Pipeline.php(180): Illuminate\\Foundation\\Http\\Middleware\\ValidatePostSize->handle()
#51 E:\\Apache24\\htdocs\\medify_test-development\\vendor\\laravel\\framework\\src\\Illuminate\\Foundation\\Http\\Middleware\\PreventRequestsDuringMaintenance.php(86): Illuminate\\Pipeline\\Pipeline->Illuminate\\Pipeline\\{closure}()
#52 E:\\Apache24\\htdocs\\medify_test-development\\vendor\\laravel\\framework\\src\\Illuminate\\Pipeline\\Pipeline.php(180): Illuminate\\Foundation\\Http\\Middleware\\PreventRequestsDuringMaintenance->handle()
#53 E:\\Apache24\\htdocs\\medify_test-development\\vendor\\laravel\\framework\\src\\Illuminate\\Http\\Middleware\\HandleCors.php(49): Illuminate\\Pipeline\\Pipeline->Illuminate\\Pipeline\\{closure}()
#54 E:\\Apache24\\htdocs\\medify_test-development\\vendor\\laravel\\framework\\src\\Illuminate\\Pipeline\\Pipeline.php(180): Illuminate\\Http\\Middleware\\HandleCors->handle()
#55 E:\\Apache24\\htdocs\\medify_test-development\\vendor\\laravel\\framework\\src\\Illuminate\\Http\\Middleware\\TrustProxies.php(39): Illuminate\\Pipeline\\Pipeline->Illuminate\\Pipeline\\{closure}()
#56 E:\\Apache24\\htdocs\\medify_test-development\\vendor\\laravel\\framework\\src\\Illuminate\\Pipeline\\Pipeline.php(180): Illuminate\\Http\\Middleware\\TrustProxies->handle()
#57 E:\\Apache24\\htdocs\\medify_test-development\\vendor\\laravel\\framework\\src\\Illuminate\\Pipeline\\Pipeline.php(116): Illuminate\\Pipeline\\Pipeline->Illuminate\\Pipeline\\{closure}()
#58 E:\\Apache24\\htdocs\\medify_test-development\\vendor\\laravel\\framework\\src\\Illuminate\\Foundation\\Http\\Kernel.php(165): Illuminate\\Pipeline\\Pipeline->then()
#59 E:\\Apache24\\htdocs\\medify_test-development\\vendor\\laravel\\framework\\src\\Illuminate\\Foundation\\Http\\Kernel.php(134): Illuminate\\Foundation\\Http\\Kernel->sendRequestThroughRouter()
#60 E:\\Apache24\\htdocs\\medify_test-development\\public\\index.php(51): Illuminate\\Foundation\\Http\\Kernel->handle()
#61 E:\\Apache24\\htdocs\\medify_test-development\\vendor\\laravel\\framework\\src\\Illuminate\\Foundation\\resources\\server.php(16): require_once('...')
#62 {main}
"} 
[2026-10-06 06:39:10] local.ERROR: Undefined variable $semua_kategori {"userId":1,"exception":"[object] (Spatie\\LaravelIgnition\\Exceptions\\ViewException(code: 0): Undefined variable $semua_kategori at E:\\Apache24\\htdocs\\medify_test-development\\resources\\views\\master_items\\form\\form.blade.php:126)
[stacktrace]
#0 E:\\Apache24\\htdocs\\medify_test-development\\vendor\\laravel\\framework\\src\\Illuminate\\Foundation\\Bootstrap\\HandleExceptions.php(270): Illuminate\\Foundation\\Bootstrap\\HandleExceptions->handleError()
#1 E:\\Apache24\\htdocs\\medify_test-development\\resources\\views\\master_items\\form\\form.blade.php(126): Illuminate\\Foundation\\Bootstrap\\HandleExceptions->Illuminate\\Foundation\\Bootstrap\\{closure}()
#2 E:\\Apache24\\htdocs\\medify_test-development\\vendor\\laravel\\framework\\src\\Illuminate\\Filesystem\\Filesystem.php(109): require('...')
#3 E:\\Apache24\\htdocs\\medify_test-development\\vendor\\laravel\\framework\\src\\Illuminate\\Filesystem\\Filesystem.php(110): Illuminate\\Filesystem\\Filesystem::Illuminate\\Filesystem\\{closure}()
#4 E:\\Apache24\\htdocs\\medify_test-development\\vendor\\laravel\\framework\\src\\Illuminate\\View\\Engines\\PhpEngine.php(58): Illuminate\\Filesystem\\Filesystem->getRequire()
#5 E:\\Apache24\\htdocs\\medify_test-development\\vendor\\laravel\\framework\\src\\Illuminate\\View\\Engines\\CompilerEngine.php(70): Illuminate\\View\\Engines\\PhpEngine->evaluatePath()
#6 E:\\Apache24\\htdocs\\medify_test-development\\vendor\\laravel\\framework\\src\\Illuminate\\View\\View.php(195): Illuminate\\View\\Engines\\CompilerEngine->get()
#7 E:\\Apache24\\htdocs\\medify_test-development\\vendor\\laravel\\framework\\src\\Illuminate\\View\\View.php(178): Illuminate\\View\\View->getContents()
#8 E:\\Apache24\\htdocs\\medify_test-development\\vendor\\laravel\\framework\\src\\Illuminate\\View\\View.php(147): Illuminate\\View\\View->renderContents()
#9 E:\\Apache24\\htdocs\\medify_test-development\\resources\\views\\master_items\\form\\index.blade.php(19): Illuminate\\View\\View->render()
#10 E:\\Apache24\\htdocs\\medify_test-development\\vendor\\laravel\\framework\\src\\Illuminate\\Filesystem\\Filesystem.php(109): require('...')
#11 E:\\Apache24\\htdocs\\medify_test-development\\vendor\\laravel\\framework\\src\\Illuminate\\Filesystem\\Filesystem.php(110): Illuminate\\Filesystem\\Filesystem::Illuminate\\Filesystem\\{closure}()
#12 E:\\Apache24\\htdocs\\medify_test-development\\vendor\\laravel\\framework\\src\\Illuminate\\View\\Engines\\PhpEngine.php(58): Illuminate\\Filesystem\\Filesystem->getRequire()
#13 E:\\Apache24\\htdocs\\medify_test-development\\vendor\\laravel\\framework\\src\\Illuminate\\View\\Engines\\CompilerEngine.php(70): Illuminate\\View\\Engines\\PhpEngine->evaluatePath()
#14 E:\\Apache24\\htdocs\\medify_test-development\\vendor\\laravel\\framework\\src\\Illuminate\\View\\View.php(195): Illuminate\\View\\Engines\\CompilerEngine->get()
#15 E:\\Apache24\\htdocs\\medify_test-development\\vendor\\laravel\\framework\\src\\Illuminate\\View\\View.php(178): Illuminate\\View\\View->getContents()
#16 E:\\Apache24\\htdocs\\medify_test-development\\vendor\\laravel\\framework\\src\\Illuminate\\View\\View.php(147): Illuminate\\View\\View->renderContents()
#17 E:\\Apache24\\htdocs\\medify_test-development\\vendor\\laravel\\framework\\src\\Illuminate\\Http\\Response.php(69): Illuminate\\View\\View->render()
#18 E:\\Apache24\\htdocs\\medify_test-development\\vendor\\laravel\\framework\\src\\Illuminate\\Http\\Response.php(35): Illuminate\\Http\\Response->setContent()
#19 E:\\Apache24\\htdocs\\medify_test-development\\vendor\\laravel\\framework\\src\\Illuminate\\Routing\\Router.php(906): Illuminate\\Http\\Response->__construct()
#20 E:\\Apache24\\htdocs\\medify_test-development\\vendor\\laravel\\framework\\src\\Illuminate\\Routing\\Router.php(875): Illuminate\\Routing\\Router::toResponse()
#21 E:\\Apache24\\htdocs\\medify_test-development\\vendor\\laravel\\framework\\src\\Illuminate\\Routing\\Router.php(797): Illuminate\\Routing\\Router->prepareResponse()
#22 E:\\Apache24\\htdocs\\medify_test-development\\vendor\\laravel\\framework\\src\\Illuminate\\Pipeline\\Pipeline.php(141): Illuminate\\Routing\\Router->Illuminate\\Routing\\{closure}()
#23 E:\\Apache24\\htdocs\\medify_test-development\\vendor\\laravel\\framework\\src\\Illuminate\\Routing\\Middleware\\SubstituteBindings.php(50): Illuminate\\Pipeline\\Pipeline->Illuminate\\Pipeline\\{closure}()
#24 E:\\Apache24\\htdocs\\medify_test-development\\vendor\\laravel\\framework\\src\\Illuminate\\Pipeline\\Pipeline.php(180): Illuminate\\Routing\\Middleware\\SubstituteBindings->handle()
#25 E:\\Apache24\\htdocs\\medify_test-development\\vendor\\laravel\\framework\\src\\Illuminate\\Foundation\\Http\\Middleware\\VerifyCsrfToken.php(78): Illuminate\\Pipeline\\Pipeline->Illuminate\\Pipeline\\{closure}()
#26 E:\\Apache24\\htdocs\\medify_test-development\\vendor\\laravel\\framework\\src\\Illuminate\\Pipeline\\Pipeline.php(180): Illuminate\\Foundation\\Http\\Middleware\\VerifyCsrfToken->handle()
#27 E:\\Apache24\\htdocs\\medify_test-development\\vendor\\laravel\\framework\\src\\Illuminate\\View\\Middleware\\ShareErrorsFromSession.php(49): Illuminate\\Pipeline\\Pipeline->Illuminate\\Pipeline\\{closure}()
#28 E:\\Apache24\\htdocs\\medify_test-development\\vendor\\laravel\\framework\\src\\Illuminate\\Pipeline\\Pipeline.php(180): Illuminate\\View\\Middleware\\ShareErrorsFromSession->handle()
#29 E:\\Apache24\\htdocs\\medify_test-development\\vendor\\laravel\\framework\\src\\Illuminate\\Session\\Middleware\\StartSession.php(121): Illuminate\\Pipeline\\Pipeline->Illuminate\\Pipeline\\{closure}()
#30 E:\\Apache24\\htdocs\\medify_test-development\\vendor\\laravel\\framework\\src\\Illuminate\\Session\\Middleware\\StartSession.php(64): Illuminate\\Session\\Middleware\\StartSession->handleStatefulRequest()
#31 E:\\Apache24\\htdocs\\medify_test-development\\vendor\\laravel\\framework\\src\\Illuminate\\Pipeline\\Pipeline.php(180): Illuminate\\Session\\Middleware\\StartSession->handle()
#32 E:\\Apache24\\htdocs\\medify_test-development\\vendor\\laravel\\framework\\src\\Illuminate\\Cookie\\Middleware\\AddQueuedCookiesToResponse.php(37): Illuminate\\Pipeline\\Pipeline->Illuminate\\Pipeline\\{closure}()
#33 E:\\Apache24\\htdocs\\medify_test-development\\vendor\\laravel\\framework\\src\\Illuminate\\Pipeline\\Pipeline.php(180): Illuminate\\Cookie\\Middleware\\AddQueuedCookiesToResponse->handle()
#34 E:\\Apache24\\htdocs\\medify_test-development\\vendor\\laravel\\framework\\src\\Illuminate\\Cookie\\Middleware\\EncryptCookies.php(67): Illuminate\\Pipeline\\Pipeline->Illuminate\\Pipeline\\{closure}()
#35 E:\\Apache24\\htdocs\\medify_test-development\\vendor\\laravel\\framework\\src\\Illuminate\\Pipeline\\Pipeline.php(180): Illuminate\\Cookie\\Middleware\\EncryptCookies->handle()
#36 E:\\Apache24\\htdocs\\medify_test-development\\vendor\\laravel\\framework\\src\\Illuminate\\Pipeline\\Pipeline.php(116): Illuminate\\Pipeline\\Pipeline->Illuminate\\Pipeline\\{closure}()
#37 E:\\Apache24\\htdocs\\medify_test-development\\vendor\\laravel\\framework\\src\\Illuminate\\Routing\\Router.php(797): Illuminate\\Pipeline\\Pipeline->then()
#38 E:\\Apache24\\htdocs\\medify_test-development\\vendor\\laravel\\framework\\src\\Illuminate\\Routing\\Router.php(776): Illuminate\\Routing\\Router->runRouteWithinStack()
#39 E:\\Apache24\\htdocs\\medify_test-development\\vendor\\laravel\\framework\\src\\Illuminate\\Routing\\Router.php(740): Illuminate\\Routing\\Router->runRoute()
#40 E:\\Apache24\\htdocs\\medify_test-development\\vendor\\laravel\\framework\\src\\Illuminate\\Routing\\Router.php(729): Illuminate\\Routing\\Router->dispatchToRoute()
#41 E:\\Apache24\\htdocs\\medify_test-development\\vendor\\laravel\\framework\\src\\Illuminate\\Foundation\\Http\\Kernel.php(190): Illuminate\\Routing\\Router->dispatch()
#42 E:\\Apache24\\htdocs\\medify_test-development\\vendor\\laravel\\framework\\src\\Illuminate\\Pipeline\\Pipeline.php(141): Illuminate\\Foundation\\Http\\Kernel->Illuminate\\Foundation\\Http\\{closure}()
#43 E:\\Apache24\\htdocs\\medify_test-development\\vendor\\laravel\\framework\\src\\Illuminate\\Foundation\\Http\\Middleware\\TransformsRequest.php(21): Illuminate\\Pipeline\\Pipeline->Illuminate\\Pipeline\\{closure}()
#44 E:\\Apache24\\htdocs\\medify_test-development\\vendor\\laravel\\framework\\src\\Illuminate\\Foundation\\Http\\Middleware\\ConvertEmptyStringsToNull.php(31): Illuminate\\Foundation\\Http\\Middleware\\TransformsRequest->handle()
#45 E:\\Apache24\\htdocs\\medify_test-development\\vendor\\laravel\\framework\\src\\Illuminate\\Pipeline\\Pipeline.php(180): Illuminate\\Foundation\\Http\\Middleware\\ConvertEmptyStringsToNull->handle()
#46 E:\\Apache24\\htdocs\\medify_test-development\\vendor\\laravel\\framework\\src\\Illuminate\\Foundation\\Http\\Middleware\\TransformsRequest.php(21): Illuminate\\Pipeline\\Pipeline->Illuminate\\Pipeline\\{closure}()
#47 E:\\Apache24\\htdocs\\medify_test-development\\vendor\\laravel\\framework\\src\\Illuminate\\Foundation\\Http\\Middleware\\TrimStrings.php(40): Illuminate\\Foundation\\Http\\Middleware\\TransformsRequest->handle()
#48 E:\\Apache24\\htdocs\\medify_test-development\\vendor\\laravel\\framework\\src\\Illuminate\\Pipeline\\Pipeline.php(180): Illuminate\\Foundation\\Http\\Middleware\\TrimStrings->handle()
#49 E:\\Apache24\\htdocs\\medify_test-development\\vendor\\laravel\\framework\\src\\Illuminate\\Foundation\\Http\\Middleware\\ValidatePostSize.php(27): Illuminate\\Pipeline\\Pipeline->Illuminate\\Pipeline\\{closure}()
#50 E:\\Apache24\\htdocs\\medify_test-development\\vendor\\laravel\\framework\\src\\Illuminate\\Pipeline\\Pipeline.php(180): Illuminate\\Foundation\\Http\\Middleware\\ValidatePostSize->handle()
#51 E:\\Apache24\\htdocs\\medify_test-development\\vendor\\laravel\\framework\\src\\Illuminate\\Foundation\\Http\\Middleware\\PreventRequestsDuringMaintenance.php(86): Illuminate\\Pipeline\\Pipeline->Illuminate\\Pipeline\\{closure}()
#52 E:\\Apache24\\htdocs\\medify_test-development\\vendor\\laravel\\framework\\src\\Illuminate\\Pipeline\\Pipeline.php(180): Illuminate\\Foundation\\Http\\Middleware\\PreventRequestsDuringMaintenance->handle()
#53 E:\\Apache24\\htdocs\\medify_test-development\\vendor\\laravel\\framework\\src\\Illuminate\\Http\\Middleware\\HandleCors.php(49): Illuminate\\Pipeline\\Pipeline->Illuminate\\Pipeline\\{closure}()
#54 E:\\Apache24\\htdocs\\medify_test-development\\vendor\\laravel\\framework\\src\\Illuminate\\Pipeline\\Pipeline.php(180): Illuminate\\Http\\Middleware\\HandleCors->handle()
#55 E:\\Apache24\\htdocs\\medify_test-development\\vendor\\laravel\\framework\\src\\Illuminate\\Http\\Middleware\\TrustProxies.php(39): Illuminate\\Pipeline\\Pipeline->Illuminate\\Pipeline\\{closure}()
#56 E:\\Apache24\\htdocs\\medify_test-development\\vendor\\laravel\\framework\\src\\Illuminate\\Pipeline\\Pipeline.php(180): Illuminate\\Http\\Middleware\\TrustProxies->handle()
#57 E:\\Apache24\\htdocs\\medify_test-development\\vendor\\laravel\\framework\\src\\Illuminate\\Pipeline\\Pipeline.php(116): Illuminate\\Pipeline\\Pipeline->Illuminate\\Pipeline\\{closure}()
#58 E:\\Apache24\\htdocs\\medify_test-development\\vendor\\laravel\\framework\\src\\Illuminate\\Foundation\\Http\\Kernel.php(165): Illuminate\\Pipeline\\Pipeline->then()
#59 E:\\Apache24\\htdocs\\medify_test-development\\vendor\\laravel\\framework\\src\\Illuminate\\Foundation\\Http\\Kernel.php(134): Illuminate\\Foundation\\Http\\Kernel->sendRequestThroughRouter()
#60 E:\\Apache24\\htdocs\\medify_test-development\\public\\index.php(51): Illuminate\\Foundation\\Http\\Kernel->handle()
#61 E:\\Apache24\\htdocs\\medify_test-development\\vendor\\laravel\\framework\\src\\Illuminate\\Foundation\\resources\\server.php(16): require_once('...')
#62 {main}

[previous exception] [object] (ErrorException(code: 0): Undefined variable $semua_kategori at E:\\Apache24\\htdocs\\medify_test-development\\storage\\framework\\views\\ee9e9e73a412c95f97c6844b56b6ed3b8cff893c.php:126)
[stacktrace]
#0 E:\\Apache24\\htdocs\\medify_test-development\\vendor\\laravel\\framework\\src\\Illuminate\\Foundation\\Bootstrap\\HandleExceptions.php(270): Illuminate\\Foundation\\Bootstrap\\HandleExceptions->handleError()
#1 E:\\Apache24\\htdocs\\medify_test-development\\storage\\framework\\views\\ee9e9e73a412c95f97c6844b56b6ed3b8cff893c.php(126): Illuminate\\Foundation\\Bootstrap\\HandleExceptions->Illuminate\\Foundation\\Bootstrap\\{closure}()
#2 E:\\Apache24\\htdocs\\medify_test-development\\vendor\\laravel\\framework\\src\\Illuminate\\Filesystem\\Filesystem.php(109): require('...')
#3 E:\\Apache24\\htdocs\\medify_test-development\\vendor\\laravel\\framework\\src\\Illuminate\\Filesystem\\Filesystem.php(110): Illuminate\\Filesystem\\Filesystem::Illuminate\\Filesystem\\{closure}()
#4 E:\\Apache24\\htdocs\\medify_test-development\\vendor\\laravel\\framework\\src\\Illuminate\\View\\Engines\\PhpEngine.php(58): Illuminate\\Filesystem\\Filesystem->getRequire()
#5 E:\\Apache24\\htdocs\\medify_test-development\\vendor\\laravel\\framework\\src\\Illuminate\\View\\Engines\\CompilerEngine.php(70): Illuminate\\View\\Engines\\PhpEngine->evaluatePath()
#6 E:\\Apache24\\htdocs\\medify_test-development\\vendor\\laravel\\framework\\src\\Illuminate\\View\\View.php(195): Illuminate\\View\\Engines\\CompilerEngine->get()
#7 E:\\Apache24\\htdocs\\medify_test-development\\vendor\\laravel\\framework\\src\\Illuminate\\View\\View.php(178): Illuminate\\View\\View->getContents()
#8 E:\\Apache24\\htdocs\\medify_test-development\\vendor\\laravel\\framework\\src\\Illuminate\\View\\View.php(147): Illuminate\\View\\View->renderContents()
#9 E:\\Apache24\\htdocs\\medify_test-development\\storage\\framework\\views\\aed922246db696779f6f9f5765e26501a70a8ea5.php(17): Illuminate\\View\\View->render()
#10 E:\\Apache24\\htdocs\\medify_test-development\\vendor\\laravel\\framework\\src\\Illuminate\\Filesystem\\Filesystem.php(109): require('...')
#11 E:\\Apache24\\htdocs\\medify_test-development\\vendor\\laravel\\framework\\src\\Illuminate\\Filesystem\\Filesystem.php(110): Illuminate\\Filesystem\\Filesystem::Illuminate\\Filesystem\\{closure}()
#12 E:\\Apache24\\htdocs\\medify_test-development\\vendor\\laravel\\framework\\src\\Illuminate\\View\\Engines\\PhpEngine.php(58): Illuminate\\Filesystem\\Filesystem->getRequire()
#13 E:\\Apache24\\htdocs\\medify_test-development\\vendor\\laravel\\framework\\src\\Illuminate\\View\\Engines\\CompilerEngine.php(70): Illuminate\\View\\Engines\\PhpEngine->evaluatePath()
#14 E:\\Apache24\\htdocs\\medify_test-development\\vendor\\laravel\\framework\\src\\Illuminate\\View\\View.php(195): Illuminate\\View\\Engines\\CompilerEngine->get()
#15 E:\\Apache24\\htdocs\\medify_test-development\\vendor\\laravel\\framework\\src\\Illuminate\\View\\View.php(178): Illuminate\\View\\View->getContents()
#16 E:\\Apache24\\htdocs\\medify_test-development\\vendor\\laravel\\framework\\src\\Illuminate\\View\\View.php(147): Illuminate\\View\\View->renderContents()
#17 E:\\Apache24\\htdocs\\medify_test-development\\vendor\\laravel\\framework\\src\\Illuminate\\Http\\Response.php(69): Illuminate\\View\\View->render()
#18 E:\\Apache24\\htdocs\\medify_test-development\\vendor\\laravel\\framework\\src\\Illuminate\\Http\\Response.php(35): Illuminate\\Http\\Response->setContent()
#19 E:\\Apache24\\htdocs\\medify_test-development\\vendor\\laravel\\framework\\src\\Illuminate\\Routing\\Router.php(906): Illuminate\\Http\\Response->__construct()
#20 E:\\Apache24\\htdocs\\medify_test-development\\vendor\\laravel\\framework\\src\\Illuminate\\Routing\\Router.php(875): Illuminate\\Routing\\Router::toResponse()
#21 E:\\Apache24\\htdocs\\medify_test-development\\vendor\\laravel\\framework\\src\\Illuminate\\Routing\\Router.php(797): Illuminate\\Routing\\Router->prepareResponse()
#22 E:\\Apache24\\htdocs\\medify_test-development\\vendor\\laravel\\framework\\src\\Illuminate\\Pipeline\\Pipeline.php(141): Illuminate\\Routing\\Router->Illuminate\\Routing\\{closure}()
#23 E:\\Apache24\\htdocs\\medify_test-development\\vendor\\laravel\\framework\\src\\Illuminate\\Routing\\Middleware\\SubstituteBindings.php(50): Illuminate\\Pipeline\\Pipeline->Illuminate\\Pipeline\\{closure}()
#24 E:\\Apache24\\htdocs\\medify_test-development\\vendor\\laravel\\framework\\src\\Illuminate\\Pipeline\\Pipeline.php(180): Illuminate\\Routing\\Middleware\\SubstituteBindings->handle()
#25 E:\\Apache24\\htdocs\\medify_test-development\\vendor\\laravel\\framework\\src\\Illuminate\\Foundation\\Http\\Middleware\\VerifyCsrfToken.php(78): Illuminate\\Pipeline\\Pipeline->Illuminate\\Pipeline\\{closure}()
#26 E:\\Apache24\\htdocs\\medify_test-development\\vendor\\laravel\\framework\\src\\Illuminate\\Pipeline\\Pipeline.php(180): Illuminate\\Foundation\\Http\\Middleware\\VerifyCsrfToken->handle()
#27 E:\\Apache24\\htdocs\\medify_test-development\\vendor\\laravel\\framework\\src\\Illuminate\\View\\Middleware\\ShareErrorsFromSession.php(49): Illuminate\\Pipeline\\Pipeline->Illuminate\\Pipeline\\{closure}()
#28 E:\\Apache24\\htdocs\\medify_test-development\\vendor\\laravel\\framework\\src\\Illuminate\\Pipeline\\Pipeline.php(180): Illuminate\\View\\Middleware\\ShareErrorsFromSession->handle()
#29 E:\\Apache24\\htdocs\\medify_test-development\\vendor\\laravel\\framework\\src\\Illuminate\\Session\\Middleware\\StartSession.php(121): Illuminate\\Pipeline\\Pipeline->Illuminate\\Pipeline\\{closure}()
#30 E:\\Apache24\\htdocs\\medify_test-development\\vendor\\laravel\\framework\\src\\Illuminate\\Session\\Middleware\\StartSession.php(64): Illuminate\\Session\\Middleware\\StartSession->handleStatefulRequest()
#31 E:\\Apache24\\htdocs\\medify_test-development\\vendor\\laravel\\framework\\src\\Illuminate\\Pipeline\\Pipeline.php(180): Illuminate\\Session\\Middleware\\StartSession->handle()
#32 E:\\Apache24\\htdocs\\medify_test-development\\vendor\\laravel\\framework\\src\\Illuminate\\Cookie\\Middleware\\AddQueuedCookiesToResponse.php(37): Illuminate\\Pipeline\\Pipeline->Illuminate\\Pipeline\\{closure}()
#33 E:\\Apache24\\htdocs\\medify_test-development\\vendor\\laravel\\framework\\src\\Illuminate\\Pipeline\\Pipeline.php(180): Illuminate\\Cookie\\Middleware\\AddQueuedCookiesToResponse->handle()
#34 E:\\Apache24\\htdocs\\medify_test-development\\vendor\\laravel\\framework\\src\\Illuminate\\Cookie\\Middleware\\EncryptCookies.php(67): Illuminate\\Pipeline\\Pipeline->Illuminate\\Pipeline\\{closure}()
#35 E:\\Apache24\\htdocs\\medify_test-development\\vendor\\laravel\\framework\\src\\Illuminate\\Pipeline\\Pipeline.php(180): Illuminate\\Cookie\\Middleware\\EncryptCookies->handle()
#36 E:\\Apache24\\htdocs\\medify_test-development\\vendor\\laravel\\framework\\src\\Illuminate\\Pipeline\\Pipeline.php(116): Illuminate\\Pipeline\\Pipeline->Illuminate\\Pipeline\\{closure}()
#37 E:\\Apache24\\htdocs\\medify_test-development\\vendor\\laravel\\framework\\src\\Illuminate\\Routing\\Router.php(797): Illuminate\\Pipeline\\Pipeline->then()
#38 E:\\Apache24\\htdocs\\medify_test-development\\vendor\\laravel\\framework\\src\\Illuminate\\Routing\\Router.php(776): Illuminate\\Routing\\Router->runRouteWithinStack()
#39 E:\\Apache24\\htdocs\\medify_test-development\\vendor\\laravel\\framework\\src\\Illuminate\\Routing\\Router.php(740): Illuminate\\Routing\\Router->runRoute()
#40 E:\\Apache24\\htdocs\\medify_test-development\\vendor\\laravel\\framework\\src\\Illuminate\\Routing\\Router.php(729): Illuminate\\Routing\\Router->dispatchToRoute()
#41 E:\\Apache24\\htdocs\\medify_test-development\\vendor\\laravel\\framework\\src\\Illuminate\\Foundation\\Http\\Kernel.php(190): Illuminate\\Routing\\Router->dispatch()
#42 E:\\Apache24\\htdocs\\medify_test-development\\vendor\\laravel\\framework\\src\\Illuminate\\Pipeline\\Pipeline.php(141): Illuminate\\Foundation\\Http\\Kernel->Illuminate\\Foundation\\Http\\{closure}()
#43 E:\\Apache24\\htdocs\\medify_test-development\\vendor\\laravel\\framework\\src\\Illuminate\\Foundation\\Http\\Middleware\\TransformsRequest.php(21): Illuminate\\Pipeline\\Pipeline->Illuminate\\Pipeline\\{closure}()
#44 E:\\Apache24\\htdocs\\medify_test-development\\vendor\\laravel\\framework\\src\\Illuminate\\Foundation\\Http\\Middleware\\ConvertEmptyStringsToNull.php(31): Illuminate\\Foundation\\Http\\Middleware\\TransformsRequest->handle()
#45 E:\\Apache24\\htdocs\\medify_test-development\\vendor\\laravel\\framework\\src\\Illuminate\\Pipeline\\Pipeline.php(180): Illuminate\\Foundation\\Http\\Middleware\\ConvertEmptyStringsToNull->handle()
#46 E:\\Apache24\\htdocs\\medify_test-development\\vendor\\laravel\\framework\\src\\Illuminate\\Foundation\\Http\\Middleware\\TransformsRequest.php(21): Illuminate\\Pipeline\\Pipeline->Illuminate\\Pipeline\\{closure}()
#47 E:\\Apache24\\htdocs\\medify_test-development\\vendor\\laravel\\framework\\src\\Illuminate\\Foundation\\Http\\Middleware\\TrimStrings.php(40): Illuminate\\Foundation\\Http\\Middleware\\TransformsRequest->handle()
#48 E:\\Apache24\\htdocs\\medify_test-development\\vendor\\laravel\\framework\\src\\Illuminate\\Pipeline\\Pipeline.php(180): Illuminate\\Foundation\\Http\\Middleware\\TrimStrings->handle()
#49 E:\\Apache24\\htdocs\\medify_test-development\\vendor\\laravel\\framework\\src\\Illuminate\\Foundation\\Http\\Middleware\\ValidatePostSize.php(27): Illuminate\\Pipeline\\Pipeline->Illuminate\\Pipeline\\{closure}()
#50 E:\\Apache24\\htdocs\\medify_test-development\\vendor\\laravel\\framework\\src\\Illuminate\\Pipeline\\Pipeline.php(180): Illuminate\\Foundation\\Http\\Middleware\\ValidatePostSize->handle()
#51 E:\\Apache24\\htdocs\\medify_test-development\\vendor\\laravel\\framework\\src\\Illuminate\\Foundation\\Http\\Middleware\\PreventRequestsDuringMaintenance.php(86): Illuminate\\Pipeline\\Pipeline->Illuminate\\Pipeline\\{closure}()
#52 E:\\Apache24\\htdocs\\medify_test-development\\vendor\\laravel\\framework\\src\\Illuminate\\Pipeline\\Pipeline.php(180): Illuminate\\Foundation\\Http\\Middleware\\PreventRequestsDuringMaintenance->handle()
#53 E:\\Apache24\\htdocs\\medify_test-development\\vendor\\laravel\\framework\\src\\Illuminate\\Http\\Middleware\\HandleCors.php(49): Illuminate\\Pipeline\\Pipeline->Illuminate\\Pipeline\\{closure}()
#54 E:\\Apache24\\htdocs\\medify_test-development\\vendor\\laravel\\framework\\src\\Illuminate\\Pipeline\\Pipeline.php(180): Illuminate\\Http\\Middleware\\HandleCors->handle()
#55 E:\\Apache24\\htdocs\\medify_test-development\\vendor\\laravel\\framework\\src\\Illuminate\\Http\\Middleware\\TrustProxies.php(39): Illuminate\\Pipeline\\Pipeline->Illuminate\\Pipeline\\{closure}()
#56 E:\\Apache24\\htdocs\\medify_test-development\\vendor\\laravel\\framework\\src\\Illuminate\\Pipeline\\Pipeline.php(180): Illuminate\\Http\\Middleware\\TrustProxies->handle()
#57 E:\\Apache24\\htdocs\\medify_test-development\\vendor\\laravel\\framework\\src\\Illuminate\\Pipeline\\Pipeline.php(116): Illuminate\\Pipeline\\Pipeline->Illuminate\\Pipeline\\{closure}()
#58 E:\\Apache24\\htdocs\\medify_test-development\\vendor\\laravel\\framework\\src\\Illuminate\\Foundation\\Http\\Kernel.php(165): Illuminate\\Pipeline\\Pipeline->then()
#59 E:\\Apache24\\htdocs\\medify_test-development\\vendor\\laravel\\framework\\src\\Illuminate\\Foundation\\Http\\Kernel.php(134): Illuminate\\Foundation\\Http\\Kernel->sendRequestThroughRouter()
#60 E:\\Apache24\\htdocs\\medify_test-development\\public\\index.php(51): Illuminate\\Foundation\\Http\\Kernel->handle()
#61 E:\\Apache24\\htdocs\\medify_test-development\\vendor\\laravel\\framework\\src\\Illuminate\\Foundation\\resources\\server.php(16): require_once('...')
#62 {main}
"} 
[2026-10-06 06:41:37] local.ERROR: Undefined variable $semua_kategori {"userId":1,"exception":"[object] (Spatie\\LaravelIgnition\\Exceptions\\ViewException(code: 0): Undefined variable $semua_kategori at E:\\Apache24\\htdocs\\medify_test-development\\resources\\views\\master_items\\form\\form.blade.php:126)
[stacktrace]
#0 E:\\Apache24\\htdocs\\medify_test-development\\vendor\\laravel\\framework\\src\\Illuminate\\Foundation\\Bootstrap\\HandleExceptions.php(270): Illuminate\\Foundation\\Bootstrap\\HandleExceptions->handleError()
#1 E:\\Apache24\\htdocs\\medify_test-development\\resources\\views\\master_items\\form\\form.blade.php(126): Illuminate\\Foundation\\Bootstrap\\HandleExceptions->Illuminate\\Foundation\\Bootstrap\\{closure}()
#2 E:\\Apache24\\htdocs\\medify_test-development\\vendor\\laravel\\framework\\src\\Illuminate\\Filesystem\\Filesystem.php(109): require('...')
#3 E:\\Apache24\\htdocs\\medify_test-development\\vendor\\laravel\\framework\\src\\Illuminate\\Filesystem\\Filesystem.php(110): Illuminate\\Filesystem\\Filesystem::Illuminate\\Filesystem\\{closure}()
#4 E:\\Apache24\\htdocs\\medify_test-development\\vendor\\laravel\\framework\\src\\Illuminate\\View\\Engines\\PhpEngine.php(58): Illuminate\\Filesystem\\Filesystem->getRequire()
#5 E:\\Apache24\\htdocs\\medify_test-development\\vendor\\laravel\\framework\\src\\Illuminate\\View\\Engines\\CompilerEngine.php(70): Illuminate\\View\\Engines\\PhpEngine->evaluatePath()
#6 E:\\Apache24\\htdocs\\medify_test-development\\vendor\\laravel\\framework\\src\\Illuminate\\View\\View.php(195): Illuminate\\View\\Engines\\CompilerEngine->get()
#7 E:\\Apache24\\htdocs\\medify_test-development\\vendor\\laravel\\framework\\src\\Illuminate\\View\\View.php(178): Illuminate\\View\\View->getContents()
#8 E:\\Apache24\\htdocs\\medify_test-development\\vendor\\laravel\\framework\\src\\Illuminate\\View\\View.php(147): Illuminate\\View\\View->renderContents()
#9 E:\\Apache24\\htdocs\\medify_test-development\\resources\\views\\master_items\\form\\index.blade.php(19): Illuminate\\View\\View->render()
#10 E:\\Apache24\\htdocs\\medify_test-development\\vendor\\laravel\\framework\\src\\Illuminate\\Filesystem\\Filesystem.php(109): require('...')
#11 E:\\Apache24\\htdocs\\medify_test-development\\vendor\\laravel\\framework\\src\\Illuminate\\Filesystem\\Filesystem.php(110): Illuminate\\Filesystem\\Filesystem::Illuminate\\Filesystem\\{closure}()
#12 E:\\Apache24\\htdocs\\medify_test-development\\vendor\\laravel\\framework\\src\\Illuminate\\View\\Engines\\PhpEngine.php(58): Illuminate\\Filesystem\\Filesystem->getRequire()
#13 E:\\Apache24\\htdocs\\medify_test-development\\vendor\\laravel\\framework\\src\\Illuminate\\View\\Engines\\CompilerEngine.php(70): Illuminate\\View\\Engines\\PhpEngine->evaluatePath()
#14 E:\\Apache24\\htdocs\\medify_test-development\\vendor\\laravel\\framework\\src\\Illuminate\\View\\View.php(195): Illuminate\\View\\Engines\\CompilerEngine->get()
#15 E:\\Apache24\\htdocs\\medify_test-development\\vendor\\laravel\\framework\\src\\Illuminate\\View\\View.php(178): Illuminate\\View\\View->getContents()
#16 E:\\Apache24\\htdocs\\medify_test-development\\vendor\\laravel\\framework\\src\\Illuminate\\View\\View.php(147): Illuminate\\View\\View->renderContents()
#17 E:\\Apache24\\htdocs\\medify_test-development\\vendor\\laravel\\framework\\src\\Illuminate\\Http\\Response.php(69): Illuminate\\View\\View->render()
#18 E:\\Apache24\\htdocs\\medify_test-development\\vendor\\laravel\\framework\\src\\Illuminate\\Http\\Response.php(35): Illuminate\\Http\\Response->setContent()
#19 E:\\Apache24\\htdocs\\medify_test-development\\vendor\\laravel\\framework\\src\\Illuminate\\Routing\\Router.php(906): Illuminate\\Http\\Response->__construct()
#20 E:\\Apache24\\htdocs\\medify_test-development\\vendor\\laravel\\framework\\src\\Illuminate\\Routing\\Router.php(875): Illuminate\\Routing\\Router::toResponse()
#21 E:\\Apache24\\htdocs\\medify_test-development\\vendor\\laravel\\framework\\src\\Illuminate\\Routing\\Router.php(797): Illuminate\\Routing\\Router->prepareResponse()
#22 E:\\Apache24\\htdocs\\medify_test-development\\vendor\\laravel\\framework\\src\\Illuminate\\Pipeline\\Pipeline.php(141): Illuminate\\Routing\\Router->Illuminate\\Routing\\{closure}()
#23 E:\\Apache24\\htdocs\\medify_test-development\\vendor\\laravel\\framework\\src\\Illuminate\\Routing\\Middleware\\SubstituteBindings.php(50): Illuminate\\Pipeline\\Pipeline->Illuminate\\Pipeline\\{closure}()
#24 E:\\Apache24\\htdocs\\medify_test-development\\vendor\\laravel\\framework\\src\\Illuminate\\Pipeline\\Pipeline.php(180): Illuminate\\Routing\\Middleware\\SubstituteBindings->handle()
#25 E:\\Apache24\\htdocs\\medify_test-development\\vendor\\laravel\\framework\\src\\Illuminate\\Foundation\\Http\\Middleware\\VerifyCsrfToken.php(78): Illuminate\\Pipeline\\Pipeline->Illuminate\\Pipeline\\{closure}()
#26 E:\\Apache24\\htdocs\\medify_test-development\\vendor\\laravel\\framework\\src\\Illuminate\\Pipeline\\Pipeline.php(180): Illuminate\\Foundation\\Http\\Middleware\\VerifyCsrfToken->handle()
#27 E:\\Apache24\\htdocs\\medify_test-development\\vendor\\laravel\\framework\\src\\Illuminate\\View\\Middleware\\ShareErrorsFromSession.php(49): Illuminate\\Pipeline\\Pipeline->Illuminate\\Pipeline\\{closure}()
#28 E:\\Apache24\\htdocs\\medify_test-development\\vendor\\laravel\\framework\\src\\Illuminate\\Pipeline\\Pipeline.php(180): Illuminate\\View\\Middleware\\ShareErrorsFromSession->handle()
#29 E:\\Apache24\\htdocs\\medify_test-development\\vendor\\laravel\\framework\\src\\Illuminate\\Session\\Middleware\\StartSession.php(121): Illuminate\\Pipeline\\Pipeline->Illuminate\\Pipeline\\{closure}()
#30 E:\\Apache24\\htdocs\\medify_test-development\\vendor\\laravel\\framework\\src\\Illuminate\\Session\\Middleware\\StartSession.php(64): Illuminate\\Session\\Middleware\\StartSession->handleStatefulRequest()
#31 E:\\Apache24\\htdocs\\medify_test-development\\vendor\\laravel\\framework\\src\\Illuminate\\Pipeline\\Pipeline.php(180): Illuminate\\Session\\Middleware\\StartSession->handle()
#32 E:\\Apache24\\htdocs\\medify_test-development\\vendor\\laravel\\framework\\src\\Illuminate\\Cookie\\Middleware\\AddQueuedCookiesToResponse.php(37): Illuminate\\Pipeline\\Pipeline->Illuminate\\Pipeline\\{closure}()
#33 E:\\Apache24\\htdocs\\medify_test-development\\vendor\\laravel\\framework\\src\\Illuminate\\Pipeline\\Pipeline.php(180): Illuminate\\Cookie\\Middleware\\AddQueuedCookiesToResponse->handle()
#34 E:\\Apache24\\htdocs\\medify_test-development\\vendor\\laravel\\framework\\src\\Illuminate\\Cookie\\Middleware\\EncryptCookies.php(67): Illuminate\\Pipeline\\Pipeline->Illuminate\\Pipeline\\{closure}()
#35 E:\\Apache24\\htdocs\\medify_test-development\\vendor\\laravel\\framework\\src\\Illuminate\\Pipeline\\Pipeline.php(180): Illuminate\\Cookie\\Middleware\\EncryptCookies->handle()
#36 E:\\Apache24\\htdocs\\medify_test-development\\vendor\\laravel\\framework\\src\\Illuminate\\Pipeline\\Pipeline.php(116): Illuminate\\Pipeline\\Pipeline->Illuminate\\Pipeline\\{closure}()
#37 E:\\Apache24\\htdocs\\medify_test-development\\vendor\\laravel\\framework\\src\\Illuminate\\Routing\\Router.php(797): Illuminate\\Pipeline\\Pipeline->then()
#38 E:\\Apache24\\htdocs\\medify_test-development\\vendor\\laravel\\framework\\src\\Illuminate\\Routing\\Router.php(776): Illuminate\\Routing\\Router->runRouteWithinStack()
#39 E:\\Apache24\\htdocs\\medify_test-development\\vendor\\laravel\\framework\\src\\Illuminate\\Routing\\Router.php(740): Illuminate\\Routing\\Router->runRoute()
#40 E:\\Apache24\\htdocs\\medify_test-development\\vendor\\laravel\\framework\\src\\Illuminate\\Routing\\Router.php(729): Illuminate\\Routing\\Router->dispatchToRoute()
#41 E:\\Apache24\\htdocs\\medify_test-development\\vendor\\laravel\\framework\\src\\Illuminate\\Foundation\\Http\\Kernel.php(190): Illuminate\\Routing\\Router->dispatch()
#42 E:\\Apache24\\htdocs\\medify_test-development\\vendor\\laravel\\framework\\src\\Illuminate\\Pipeline\\Pipeline.php(141): Illuminate\\Foundation\\Http\\Kernel->Illuminate\\Foundation\\Http\\{closure}()
#43 E:\\Apache24\\htdocs\\medify_test-development\\vendor\\laravel\\framework\\src\\Illuminate\\Foundation\\Http\\Middleware\\TransformsRequest.php(21): Illuminate\\Pipeline\\Pipeline->Illuminate\\Pipeline\\{closure}()
#44 E:\\Apache24\\htdocs\\medify_test-development\\vendor\\laravel\\framework\\src\\Illuminate\\Foundation\\Http\\Middleware\\ConvertEmptyStringsToNull.php(31): Illuminate\\Foundation\\Http\\Middleware\\TransformsRequest->handle()
#45 E:\\Apache24\\htdocs\\medify_test-development\\vendor\\laravel\\framework\\src\\Illuminate\\Pipeline\\Pipeline.php(180): Illuminate\\Foundation\\Http\\Middleware\\ConvertEmptyStringsToNull->handle()
#46 E:\\Apache24\\htdocs\\medify_test-development\\vendor\\laravel\\framework\\src\\Illuminate\\Foundation\\Http\\Middleware\\TransformsRequest.php(21): Illuminate\\Pipeline\\Pipeline->Illuminate\\Pipeline\\{closure}()
#47 E:\\Apache24\\htdocs\\medify_test-development\\vendor\\laravel\\framework\\src\\Illuminate\\Foundation\\Http\\Middleware\\TrimStrings.php(40): Illuminate\\Foundation\\Http\\Middleware\\TransformsRequest->handle()
#48 E:\\Apache24\\htdocs\\medify_test-development\\vendor\\laravel\\framework\\src\\Illuminate\\Pipeline\\Pipeline.php(180): Illuminate\\Foundation\\Http\\Middleware\\TrimStrings->handle()
#49 E:\\Apache24\\htdocs\\medify_test-development\\vendor\\laravel\\framework\\src\\Illuminate\\Foundation\\Http\\Middleware\\ValidatePostSize.php(27): Illuminate\\Pipeline\\Pipeline->Illuminate\\Pipeline\\{closure}()
#50 E:\\Apache24\\htdocs\\medify_test-development\\vendor\\laravel\\framework\\src\\Illuminate\\Pipeline\\Pipeline.php(180): Illuminate\\Foundation\\Http\\Middleware\\ValidatePostSize->handle()
#51 E:\\Apache24\\htdocs\\medify_test-development\\vendor\\laravel\\framework\\src\\Illuminate\\Foundation\\Http\\Middleware\\PreventRequestsDuringMaintenance.php(86): Illuminate\\Pipeline\\Pipeline->Illuminate\\Pipeline\\{closure}()
#52 E:\\Apache24\\htdocs\\medify_test-development\\vendor\\laravel\\framework\\src\\Illuminate\\Pipeline\\Pipeline.php(180): Illuminate\\Foundation\\Http\\Middleware\\PreventRequestsDuringMaintenance->handle()
#53 E:\\Apache24\\htdocs\\medify_test-development\\vendor\\laravel\\framework\\src\\Illuminate\\Http\\Middleware\\HandleCors.php(49): Illuminate\\Pipeline\\Pipeline->Illuminate\\Pipeline\\{closure}()
#54 E:\\Apache24\\htdocs\\medify_test-development\\vendor\\laravel\\framework\\src\\Illuminate\\Pipeline\\Pipeline.php(180): Illuminate\\Http\\Middleware\\HandleCors->handle()
#55 E:\\Apache24\\htdocs\\medify_test-development\\vendor\\laravel\\framework\\src\\Illuminate\\Http\\Middleware\\TrustProxies.php(39): Illuminate\\Pipeline\\Pipeline->Illuminate\\Pipeline\\{closure}()
#56 E:\\Apache24\\htdocs\\medify_test-development\\vendor\\laravel\\framework\\src\\Illuminate\\Pipeline\\Pipeline.php(180): Illuminate\\Http\\Middleware\\TrustProxies->handle()
#57 E:\\Apache24\\htdocs\\medify_test-development\\vendor\\laravel\\framework\\src\\Illuminate\\Pipeline\\Pipeline.php(116): Illuminate\\Pipeline\\Pipeline->Illuminate\\Pipeline\\{closure}()
#58 E:\\Apache24\\htdocs\\medify_test-development\\vendor\\laravel\\framework\\src\\Illuminate\\Foundation\\Http\\Kernel.php(165): Illuminate\\Pipeline\\Pipeline->then()
#59 E:\\Apache24\\htdocs\\medify_test-development\\vendor\\laravel\\framework\\src\\Illuminate\\Foundation\\Http\\Kernel.php(134): Illuminate\\Foundation\\Http\\Kernel->sendRequestThroughRouter()
#60 E:\\Apache24\\htdocs\\medify_test-development\\public\\index.php(51): Illuminate\\Foundation\\Http\\Kernel->handle()
#61 E:\\Apache24\\htdocs\\medify_test-development\\vendor\\laravel\\framework\\src\\Illuminate\\Foundation\\resources\\server.php(16): require_once('...')
#62 {main}

[previous exception] [object] (ErrorException(code: 0): Undefined variable $semua_kategori at E:\\Apache24\\htdocs\\medify_test-development\\storage\\framework\\views\\ee9e9e73a412c95f97c6844b56b6ed3b8cff893c.php:126)
[stacktrace]
#0 E:\\Apache24\\htdocs\\medify_test-development\\vendor\\laravel\\framework\\src\\Illuminate\\Foundation\\Bootstrap\\HandleExceptions.php(270): Illuminate\\Foundation\\Bootstrap\\HandleExceptions->handleError()
#1 E:\\Apache24\\htdocs\\medify_test-development\\storage\\framework\\views\\ee9e9e73a412c95f97c6844b56b6ed3b8cff893c.php(126): Illuminate\\Foundation\\Bootstrap\\HandleExceptions->Illuminate\\Foundation\\Bootstrap\\{closure}()
#2 E:\\Apache24\\htdocs\\medify_test-development\\vendor\\laravel\\framework\\src\\Illuminate\\Filesystem\\Filesystem.php(109): require('...')
#3 E:\\Apache24\\htdocs\\medify_test-development\\vendor\\laravel\\framework\\src\\Illuminate\\Filesystem\\Filesystem.php(110): Illuminate\\Filesystem\\Filesystem::Illuminate\\Filesystem\\{closure}()
#4 E:\\Apache24\\htdocs\\medify_test-development\\vendor\\laravel\\framework\\src\\Illuminate\\View\\Engines\\PhpEngine.php(58): Illuminate\\Filesystem\\Filesystem->getRequire()
#5 E:\\Apache24\\htdocs\\medify_test-development\\vendor\\laravel\\framework\\src\\Illuminate\\View\\Engines\\CompilerEngine.php(70): Illuminate\\View\\Engines\\PhpEngine->evaluatePath()
#6 E:\\Apache24\\htdocs\\medify_test-development\\vendor\\laravel\\framework\\src\\Illuminate\\View\\View.php(195): Illuminate\\View\\Engines\\CompilerEngine->get()
#7 E:\\Apache24\\htdocs\\medify_test-development\\vendor\\laravel\\framework\\src\\Illuminate\\View\\View.php(178): Illuminate\\View\\View->getContents()
#8 E:\\Apache24\\htdocs\\medify_test-development\\vendor\\laravel\\framework\\src\\Illuminate\\View\\View.php(147): Illuminate\\View\\View->renderContents()
#9 E:\\Apache24\\htdocs\\medify_test-development\\storage\\framework\\views\\aed922246db696779f6f9f5765e26501a70a8ea5.php(17): Illuminate\\View\\View->render()
#10 E:\\Apache24\\htdocs\\medify_test-development\\vendor\\laravel\\framework\\src\\Illuminate\\Filesystem\\Filesystem.php(109): require('...')
#11 E:\\Apache24\\htdocs\\medify_test-development\\vendor\\laravel\\framework\\src\\Illuminate\\Filesystem\\Filesystem.php(110): Illuminate\\Filesystem\\Filesystem::Illuminate\\Filesystem\\{closure}()
#12 E:\\Apache24\\htdocs\\medify_test-development\\vendor\\laravel\\framework\\src\\Illuminate\\View\\Engines\\PhpEngine.php(58): Illuminate\\Filesystem\\Filesystem->getRequire()
#13 E:\\Apache24\\htdocs\\medify_test-development\\vendor\\laravel\\framework\\src\\Illuminate\\View\\Engines\\CompilerEngine.php(70): Illuminate\\View\\Engines\\PhpEngine->evaluatePath()
#14 E:\\Apache24\\htdocs\\medify_test-development\\vendor\\laravel\\framework\\src\\Illuminate\\View\\View.php(195): Illuminate\\View\\Engines\\CompilerEngine->get()
#15 E:\\Apache24\\htdocs\\medify_test-development\\vendor\\laravel\\framework\\src\\Illuminate\\View\\View.php(178): Illuminate\\View\\View->getContents()
#16 E:\\Apache24\\htdocs\\medify_test-development\\vendor\\laravel\\framework\\src\\Illuminate\\View\\View.php(147): Illuminate\\View\\View->renderContents()
#17 E:\\Apache24\\htdocs\\medify_test-development\\vendor\\laravel\\framework\\src\\Illuminate\\Http\\Response.php(69): Illuminate\\View\\View->render()
#18 E:\\Apache24\\htdocs\\medify_test-development\\vendor\\laravel\\framework\\src\\Illuminate\\Http\\Response.php(35): Illuminate\\Http\\Response->setContent()
#19 E:\\Apache24\\htdocs\\medify_test-development\\vendor\\laravel\\framework\\src\\Illuminate\\Routing\\Router.php(906): Illuminate\\Http\\Response->__construct()
#20 E:\\Apache24\\htdocs\\medify_test-development\\vendor\\laravel\\framework\\src\\Illuminate\\Routing\\Router.php(875): Illuminate\\Routing\\Router::toResponse()
#21 E:\\Apache24\\htdocs\\medify_test-development\\vendor\\laravel\\framework\\src\\Illuminate\\Routing\\Router.php(797): Illuminate\\Routing\\Router->prepareResponse()
#22 E:\\Apache24\\htdocs\\medify_test-development\\vendor\\laravel\\framework\\src\\Illuminate\\Pipeline\\Pipeline.php(141): Illuminate\\Routing\\Router->Illuminate\\Routing\\{closure}()
#23 E:\\Apache24\\htdocs\\medify_test-development\\vendor\\laravel\\framework\\src\\Illuminate\\Routing\\Middleware\\SubstituteBindings.php(50): Illuminate\\Pipeline\\Pipeline->Illuminate\\Pipeline\\{closure}()
#24 E:\\Apache24\\htdocs\\medify_test-development\\vendor\\laravel\\framework\\src\\Illuminate\\Pipeline\\Pipeline.php(180): Illuminate\\Routing\\Middleware\\SubstituteBindings->handle()
#25 E:\\Apache24\\htdocs\\medify_test-development\\vendor\\laravel\\framework\\src\\Illuminate\\Foundation\\Http\\Middleware\\VerifyCsrfToken.php(78): Illuminate\\Pipeline\\Pipeline->Illuminate\\Pipeline\\{closure}()
#26 E:\\Apache24\\htdocs\\medify_test-development\\vendor\\laravel\\framework\\src\\Illuminate\\Pipeline\\Pipeline.php(180): Illuminate\\Foundation\\Http\\Middleware\\VerifyCsrfToken->handle()
#27 E:\\Apache24\\htdocs\\medify_test-development\\vendor\\laravel\\framework\\src\\Illuminate\\View\\Middleware\\ShareErrorsFromSession.php(49): Illuminate\\Pipeline\\Pipeline->Illuminate\\Pipeline\\{closure}()
#28 E:\\Apache24\\htdocs\\medify_test-development\\vendor\\laravel\\framework\\src\\Illuminate\\Pipeline\\Pipeline.php(180): Illuminate\\View\\Middleware\\ShareErrorsFromSession->handle()
#29 E:\\Apache24\\htdocs\\medify_test-development\\vendor\\laravel\\framework\\src\\Illuminate\\Session\\Middleware\\StartSession.php(121): Illuminate\\Pipeline\\Pipeline->Illuminate\\Pipeline\\{closure}()
#30 E:\\Apache24\\htdocs\\medify_test-development\\vendor\\laravel\\framework\\src\\Illuminate\\Session\\Middleware\\StartSession.php(64): Illuminate\\Session\\Middleware\\StartSession->handleStatefulRequest()
#31 E:\\Apache24\\htdocs\\medify_test-development\\vendor\\laravel\\framework\\src\\Illuminate\\Pipeline\\Pipeline.php(180): Illuminate\\Session\\Middleware\\StartSession->handle()
#32 E:\\Apache24\\htdocs\\medify_test-development\\vendor\\laravel\\framework\\src\\Illuminate\\Cookie\\Middleware\\AddQueuedCookiesToResponse.php(37): Illuminate\\Pipeline\\Pipeline->Illuminate\\Pipeline\\{closure}()
#33 E:\\Apache24\\htdocs\\medify_test-development\\vendor\\laravel\\framework\\src\\Illuminate\\Pipeline\\Pipeline.php(180): Illuminate\\Cookie\\Middleware\\AddQueuedCookiesToResponse->handle()
#34 E:\\Apache24\\htdocs\\medify_test-development\\vendor\\laravel\\framework\\src\\Illuminate\\Cookie\\Middleware\\EncryptCookies.php(67): Illuminate\\Pipeline\\Pipeline->Illuminate\\Pipeline\\{closure}()
#35 E:\\Apache24\\htdocs\\medify_test-development\\vendor\\laravel\\framework\\src\\Illuminate\\Pipeline\\Pipeline.php(180): Illuminate\\Cookie\\Middleware\\EncryptCookies->handle()
#36 E:\\Apache24\\htdocs\\medify_test-development\\vendor\\laravel\\framework\\src\\Illuminate\\Pipeline\\Pipeline.php(116): Illuminate\\Pipeline\\Pipeline->Illuminate\\Pipeline\\{closure}()
#37 E:\\Apache24\\htdocs\\medify_test-development\\vendor\\laravel\\framework\\src\\Illuminate\\Routing\\Router.php(797): Illuminate\\Pipeline\\Pipeline->then()
#38 E:\\Apache24\\htdocs\\medify_test-development\\vendor\\laravel\\framework\\src\\Illuminate\\Routing\\Router.php(776): Illuminate\\Routing\\Router->runRouteWithinStack()
#39 E:\\Apache24\\htdocs\\medify_test-development\\vendor\\laravel\\framework\\src\\Illuminate\\Routing\\Router.php(740): Illuminate\\Routing\\Router->runRoute()
#40 E:\\Apache24\\htdocs\\medify_test-development\\vendor\\laravel\\framework\\src\\Illuminate\\Routing\\Router.php(729): Illuminate\\Routing\\Router->dispatchToRoute()
#41 E:\\Apache24\\htdocs\\medify_test-development\\vendor\\laravel\\framework\\src\\Illuminate\\Foundation\\Http\\Kernel.php(190): Illuminate\\Routing\\Router->dispatch()
#42 E:\\Apache24\\htdocs\\medify_test-development\\vendor\\laravel\\framework\\src\\Illuminate\\Pipeline\\Pipeline.php(141): Illuminate\\Foundation\\Http\\Kernel->Illuminate\\Foundation\\Http\\{closure}()
#43 E:\\Apache24\\htdocs\\medify_test-development\\vendor\\laravel\\framework\\src\\Illuminate\\Foundation\\Http\\Middleware\\TransformsRequest.php(21): Illuminate\\Pipeline\\Pipeline->Illuminate\\Pipeline\\{closure}()
#44 E:\\Apache24\\htdocs\\medify_test-development\\vendor\\laravel\\framework\\src\\Illuminate\\Foundation\\Http\\Middleware\\ConvertEmptyStringsToNull.php(31): Illuminate\\Foundation\\Http\\Middleware\\TransformsRequest->handle()
#45 E:\\Apache24\\htdocs\\medify_test-development\\vendor\\laravel\\framework\\src\\Illuminate\\Pipeline\\Pipeline.php(180): Illuminate\\Foundation\\Http\\Middleware\\ConvertEmptyStringsToNull->handle()
#46 E:\\Apache24\\htdocs\\medify_test-development\\vendor\\laravel\\framework\\src\\Illuminate\\Foundation\\Http\\Middleware\\TransformsRequest.php(21): Illuminate\\Pipeline\\Pipeline->Illuminate\\Pipeline\\{closure}()
#47 E:\\Apache24\\htdocs\\medify_test-development\\vendor\\laravel\\framework\\src\\Illuminate\\Foundation\\Http\\Middleware\\TrimStrings.php(40): Illuminate\\Foundation\\Http\\Middleware\\TransformsRequest->handle()
#48 E:\\Apache24\\htdocs\\medify_test-development\\vendor\\laravel\\framework\\src\\Illuminate\\Pipeline\\Pipeline.php(180): Illuminate\\Foundation\\Http\\Middleware\\TrimStrings->handle()
#49 E:\\Apache24\\htdocs\\medify_test-development\\vendor\\laravel\\framework\\src\\Illuminate\\Foundation\\Http\\Middleware\\ValidatePostSize.php(27): Illuminate\\Pipeline\\Pipeline->Illuminate\\Pipeline\\{closure}()
#50 E:\\Apache24\\htdocs\\medify_test-development\\vendor\\laravel\\framework\\src\\Illuminate\\Pipeline\\Pipeline.php(180): Illuminate\\Foundation\\Http\\Middleware\\ValidatePostSize->handle()
#51 E:\\Apache24\\htdocs\\medify_test-development\\vendor\\laravel\\framework\\src\\Illuminate\\Foundation\\Http\\Middleware\\PreventRequestsDuringMaintenance.php(86): Illuminate\\Pipeline\\Pipeline->Illuminate\\Pipeline\\{closure}()
#52 E:\\Apache24\\htdocs\\medify_test-development\\vendor\\laravel\\framework\\src\\Illuminate\\Pipeline\\Pipeline.php(180): Illuminate\\Foundation\\Http\\Middleware\\PreventRequestsDuringMaintenance->handle()
#53 E:\\Apache24\\htdocs\\medify_test-development\\vendor\\laravel\\framework\\src\\Illuminate\\Http\\Middleware\\HandleCors.php(49): Illuminate\\Pipeline\\Pipeline->Illuminate\\Pipeline\\{closure}()
#54 E:\\Apache24\\htdocs\\medify_test-development\\vendor\\laravel\\framework\\src\\Illuminate\\Pipeline\\Pipeline.php(180): Illuminate\\Http\\Middleware\\HandleCors->handle()
#55 E:\\Apache24\\htdocs\\medify_test-development\\vendor\\laravel\\framework\\src\\Illuminate\\Http\\Middleware\\TrustProxies.php(39): Illuminate\\Pipeline\\Pipeline->Illuminate\\Pipeline\\{closure}()
#56 E:\\Apache24\\htdocs\\medify_test-development\\vendor\\laravel\\framework\\src\\Illuminate\\Pipeline\\Pipeline.php(180): Illuminate\\Http\\Middleware\\TrustProxies->handle()
#57 E:\\Apache24\\htdocs\\medify_test-development\\vendor\\laravel\\framework\\src\\Illuminate\\Pipeline\\Pipeline.php(116): Illuminate\\Pipeline\\Pipeline->Illuminate\\Pipeline\\{closure}()
#58 E:\\Apache24\\htdocs\\medify_test-development\\vendor\\laravel\\framework\\src\\Illuminate\\Foundation\\Http\\Kernel.php(165): Illuminate\\Pipeline\\Pipeline->then()
#59 E:\\Apache24\\htdocs\\medify_test-development\\vendor\\laravel\\framework\\src\\Illuminate\\Foundation\\Http\\Kernel.php(134): Illuminate\\Foundation\\Http\\Kernel->sendRequestThroughRouter()
#60 E:\\Apache24\\htdocs\\medify_test-development\\public\\index.php(51): Illuminate\\Foundation\\Http\\Kernel->handle()
#61 E:\\Apache24\\htdocs\\medify_test-development\\vendor\\laravel\\framework\\src\\Illuminate\\Foundation\\resources\\server.php(16): require_once('...')
#62 {main}
"} 
[2026-10-06 06:42:24] local.ERROR: Undefined variable $semua_kategori {"userId":1,"exception":"[object] (Spatie\\LaravelIgnition\\Exceptions\\ViewException(code: 0): Undefined variable $semua_kategori at E:\\Apache24\\htdocs\\medify_test-development\\resources\\views\\master_items\\form\\form.blade.php:126)
[stacktrace]
#0 E:\\Apache24\\htdocs\\medify_test-development\\vendor\\laravel\\framework\\src\\Illuminate\\Foundation\\Bootstrap\\HandleExceptions.php(270): Illuminate\\Foundation\\Bootstrap\\HandleExceptions->handleError()
#1 E:\\Apache24\\htdocs\\medify_test-development\\resources\\views\\master_items\\form\\form.blade.php(126): Illuminate\\Foundation\\Bootstrap\\HandleExceptions->Illuminate\\Foundation\\Bootstrap\\{closure}()
#2 E:\\Apache24\\htdocs\\medify_test-development\\vendor\\laravel\\framework\\src\\Illuminate\\Filesystem\\Filesystem.php(109): require('...')
#3 E:\\Apache24\\htdocs\\medify_test-development\\vendor\\laravel\\framework\\src\\Illuminate\\Filesystem\\Filesystem.php(110): Illuminate\\Filesystem\\Filesystem::Illuminate\\Filesystem\\{closure}()
#4 E:\\Apache24\\htdocs\\medify_test-development\\vendor\\laravel\\framework\\src\\Illuminate\\View\\Engines\\PhpEngine.php(58): Illuminate\\Filesystem\\Filesystem->getRequire()
#5 E:\\Apache24\\htdocs\\medify_test-development\\vendor\\laravel\\framework\\src\\Illuminate\\View\\Engines\\CompilerEngine.php(70): Illuminate\\View\\Engines\\PhpEngine->evaluatePath()
#6 E:\\Apache24\\htdocs\\medify_test-development\\vendor\\laravel\\framework\\src\\Illuminate\\View\\View.php(195): Illuminate\\View\\Engines\\CompilerEngine->get()
#7 E:\\Apache24\\htdocs\\medify_test-development\\vendor\\laravel\\framework\\src\\Illuminate\\View\\View.php(178): Illuminate\\View\\View->getContents()
#8 E:\\Apache24\\htdocs\\medify_test-development\\vendor\\laravel\\framework\\src\\Illuminate\\View\\View.php(147): Illuminate\\View\\View->renderContents()
#9 E:\\Apache24\\htdocs\\medify_test-development\\resources\\views\\master_items\\form\\index.blade.php(19): Illuminate\\View\\View->render()
#10 E:\\Apache24\\htdocs\\medify_test-development\\vendor\\laravel\\framework\\src\\Illuminate\\Filesystem\\Filesystem.php(109): require('...')
#11 E:\\Apache24\\htdocs\\medify_test-development\\vendor\\laravel\\framework\\src\\Illuminate\\Filesystem\\Filesystem.php(110): Illuminate\\Filesystem\\Filesystem::Illuminate\\Filesystem\\{closure}()
#12 E:\\Apache24\\htdocs\\medify_test-development\\vendor\\laravel\\framework\\src\\Illuminate\\View\\Engines\\PhpEngine.php(58): Illuminate\\Filesystem\\Filesystem->getRequire()
#13 E:\\Apache24\\htdocs\\medify_test-development\\vendor\\laravel\\framework\\src\\Illuminate\\View\\Engines\\CompilerEngine.php(70): Illuminate\\View\\Engines\\PhpEngine->evaluatePath()
#14 E:\\Apache24\\htdocs\\medify_test-development\\vendor\\laravel\\framework\\src\\Illuminate\\View\\View.php(195): Illuminate\\View\\Engines\\CompilerEngine->get()
#15 E:\\Apache24\\htdocs\\medify_test-development\\vendor\\laravel\\framework\\src\\Illuminate\\View\\View.php(178): Illuminate\\View\\View->getContents()
#16 E:\\Apache24\\htdocs\\medify_test-development\\vendor\\laravel\\framework\\src\\Illuminate\\View\\View.php(147): Illuminate\\View\\View->renderContents()
#17 E:\\Apache24\\htdocs\\medify_test-development\\vendor\\laravel\\framework\\src\\Illuminate\\Http\\Response.php(69): Illuminate\\View\\View->render()
#18 E:\\Apache24\\htdocs\\medify_test-development\\vendor\\laravel\\framework\\src\\Illuminate\\Http\\Response.php(35): Illuminate\\Http\\Response->setContent()
#19 E:\\Apache24\\htdocs\\medify_test-development\\vendor\\laravel\\framework\\src\\Illuminate\\Routing\\Router.php(906): Illuminate\\Http\\Response->__construct()
#20 E:\\Apache24\\htdocs\\medify_test-development\\vendor\\laravel\\framework\\src\\Illuminate\\Routing\\Router.php(875): Illuminate\\Routing\\Router::toResponse()
#21 E:\\Apache24\\htdocs\\medify_test-development\\vendor\\laravel\\framework\\src\\Illuminate\\Routing\\Router.php(797): Illuminate\\Routing\\Router->prepareResponse()
#22 E:\\Apache24\\htdocs\\medify_test-development\\vendor\\laravel\\framework\\src\\Illuminate\\Pipeline\\Pipeline.php(141): Illuminate\\Routing\\Router->Illuminate\\Routing\\{closure}()
#23 E:\\Apache24\\htdocs\\medify_test-development\\vendor\\laravel\\framework\\src\\Illuminate\\Routing\\Middleware\\SubstituteBindings.php(50): Illuminate\\Pipeline\\Pipeline->Illuminate\\Pipeline\\{closure}()
#24 E:\\Apache24\\htdocs\\medify_test-development\\vendor\\laravel\\framework\\src\\Illuminate\\Pipeline\\Pipeline.php(180): Illuminate\\Routing\\Middleware\\SubstituteBindings->handle()
#25 E:\\Apache24\\htdocs\\medify_test-development\\vendor\\laravel\\framework\\src\\Illuminate\\Foundation\\Http\\Middleware\\VerifyCsrfToken.php(78): Illuminate\\Pipeline\\Pipeline->Illuminate\\Pipeline\\{closure}()
#26 E:\\Apache24\\htdocs\\medify_test-development\\vendor\\laravel\\framework\\src\\Illuminate\\Pipeline\\Pipeline.php(180): Illuminate\\Foundation\\Http\\Middleware\\VerifyCsrfToken->handle()
#27 E:\\Apache24\\htdocs\\medify_test-development\\vendor\\laravel\\framework\\src\\Illuminate\\View\\Middleware\\ShareErrorsFromSession.php(49): Illuminate\\Pipeline\\Pipeline->Illuminate\\Pipeline\\{closure}()
#28 E:\\Apache24\\htdocs\\medify_test-development\\vendor\\laravel\\framework\\src\\Illuminate\\Pipeline\\Pipeline.php(180): Illuminate\\View\\Middleware\\ShareErrorsFromSession->handle()
#29 E:\\Apache24\\htdocs\\medify_test-development\\vendor\\laravel\\framework\\src\\Illuminate\\Session\\Middleware\\StartSession.php(121): Illuminate\\Pipeline\\Pipeline->Illuminate\\Pipeline\\{closure}()
#30 E:\\Apache24\\htdocs\\medify_test-development\\vendor\\laravel\\framework\\src\\Illuminate\\Session\\Middleware\\StartSession.php(64): Illuminate\\Session\\Middleware\\StartSession->handleStatefulRequest()
#31 E:\\Apache24\\htdocs\\medify_test-development\\vendor\\laravel\\framework\\src\\Illuminate\\Pipeline\\Pipeline.php(180): Illuminate\\Session\\Middleware\\StartSession->handle()
#32 E:\\Apache24\\htdocs\\medify_test-development\\vendor\\laravel\\framework\\src\\Illuminate\\Cookie\\Middleware\\AddQueuedCookiesToResponse.php(37): Illuminate\\Pipeline\\Pipeline->Illuminate\\Pipeline\\{closure}()
#33 E:\\Apache24\\htdocs\\medify_test-development\\vendor\\laravel\\framework\\src\\Illuminate\\Pipeline\\Pipeline.php(180): Illuminate\\Cookie\\Middleware\\AddQueuedCookiesToResponse->handle()
#34 E:\\Apache24\\htdocs\\medify_test-development\\vendor\\laravel\\framework\\src\\Illuminate\\Cookie\\Middleware\\EncryptCookies.php(67): Illuminate\\Pipeline\\Pipeline->Illuminate\\Pipeline\\{closure}()
#35 E:\\Apache24\\htdocs\\medify_test-development\\vendor\\laravel\\framework\\src\\Illuminate\\Pipeline\\Pipeline.php(180): Illuminate\\Cookie\\Middleware\\EncryptCookies->handle()
#36 E:\\Apache24\\htdocs\\medify_test-development\\vendor\\laravel\\framework\\src\\Illuminate\\Pipeline\\Pipeline.php(116): Illuminate\\Pipeline\\Pipeline->Illuminate\\Pipeline\\{closure}()
#37 E:\\Apache24\\htdocs\\medify_test-development\\vendor\\laravel\\framework\\src\\Illuminate\\Routing\\Router.php(797): Illuminate\\Pipeline\\Pipeline->then()
#38 E:\\Apache24\\htdocs\\medify_test-development\\vendor\\laravel\\framework\\src\\Illuminate\\Routing\\Router.php(776): Illuminate\\Routing\\Router->runRouteWithinStack()
#39 E:\\Apache24\\htdocs\\medify_test-development\\vendor\\laravel\\framework\\src\\Illuminate\\Routing\\Router.php(740): Illuminate\\Routing\\Router->runRoute()
#40 E:\\Apache24\\htdocs\\medify_test-development\\vendor\\laravel\\framework\\src\\Illuminate\\Routing\\Router.php(729): Illuminate\\Routing\\Router->dispatchToRoute()
#41 E:\\Apache24\\htdocs\\medify_test-development\\vendor\\laravel\\framework\\src\\Illuminate\\Foundation\\Http\\Kernel.php(190): Illuminate\\Routing\\Router->dispatch()
#42 E:\\Apache24\\htdocs\\medify_test-development\\vendor\\laravel\\framework\\src\\Illuminate\\Pipeline\\Pipeline.php(141): Illuminate\\Foundation\\Http\\Kernel->Illuminate\\Foundation\\Http\\{closure}()
#43 E:\\Apache24\\htdocs\\medify_test-development\\vendor\\laravel\\framework\\src\\Illuminate\\Foundation\\Http\\Middleware\\TransformsRequest.php(21): Illuminate\\Pipeline\\Pipeline->Illuminate\\Pipeline\\{closure}()
#44 E:\\Apache24\\htdocs\\medify_test-development\\vendor\\laravel\\framework\\src\\Illuminate\\Foundation\\Http\\Middleware\\ConvertEmptyStringsToNull.php(31): Illuminate\\Foundation\\Http\\Middleware\\TransformsRequest->handle()
#45 E:\\Apache24\\htdocs\\medify_test-development\\vendor\\laravel\\framework\\src\\Illuminate\\Pipeline\\Pipeline.php(180): Illuminate\\Foundation\\Http\\Middleware\\ConvertEmptyStringsToNull->handle()
#46 E:\\Apache24\\htdocs\\medify_test-development\\vendor\\laravel\\framework\\src\\Illuminate\\Foundation\\Http\\Middleware\\TransformsRequest.php(21): Illuminate\\Pipeline\\Pipeline->Illuminate\\Pipeline\\{closure}()
#47 E:\\Apache24\\htdocs\\medify_test-development\\vendor\\laravel\\framework\\src\\Illuminate\\Foundation\\Http\\Middleware\\TrimStrings.php(40): Illuminate\\Foundation\\Http\\Middleware\\TransformsRequest->handle()
#48 E:\\Apache24\\htdocs\\medify_test-development\\vendor\\laravel\\framework\\src\\Illuminate\\Pipeline\\Pipeline.php(180): Illuminate\\Foundation\\Http\\Middleware\\TrimStrings->handle()
#49 E:\\Apache24\\htdocs\\medify_test-development\\vendor\\laravel\\framework\\src\\Illuminate\\Foundation\\Http\\Middleware\\ValidatePostSize.php(27): Illuminate\\Pipeline\\Pipeline->Illuminate\\Pipeline\\{closure}()
#50 E:\\Apache24\\htdocs\\medify_test-development\\vendor\\laravel\\framework\\src\\Illuminate\\Pipeline\\Pipeline.php(180): Illuminate\\Foundation\\Http\\Middleware\\ValidatePostSize->handle()
#51 E:\\Apache24\\htdocs\\medify_test-development\\vendor\\laravel\\framework\\src\\Illuminate\\Foundation\\Http\\Middleware\\PreventRequestsDuringMaintenance.php(86): Illuminate\\Pipeline\\Pipeline->Illuminate\\Pipeline\\{closure}()
#52 E:\\Apache24\\htdocs\\medify_test-development\\vendor\\laravel\\framework\\src\\Illuminate\\Pipeline\\Pipeline.php(180): Illuminate\\Foundation\\Http\\Middleware\\PreventRequestsDuringMaintenance->handle()
#53 E:\\Apache24\\htdocs\\medify_test-development\\vendor\\laravel\\framework\\src\\Illuminate\\Http\\Middleware\\HandleCors.php(49): Illuminate\\Pipeline\\Pipeline->Illuminate\\Pipeline\\{closure}()
#54 E:\\Apache24\\htdocs\\medify_test-development\\vendor\\laravel\\framework\\src\\Illuminate\\Pipeline\\Pipeline.php(180): Illuminate\\Http\\Middleware\\HandleCors->handle()
#55 E:\\Apache24\\htdocs\\medify_test-development\\vendor\\laravel\\framework\\src\\Illuminate\\Http\\Middleware\\TrustProxies.php(39): Illuminate\\Pipeline\\Pipeline->Illuminate\\Pipeline\\{closure}()
#56 E:\\Apache24\\htdocs\\medify_test-development\\vendor\\laravel\\framework\\src\\Illuminate\\Pipeline\\Pipeline.php(180): Illuminate\\Http\\Middleware\\TrustProxies->handle()
#57 E:\\Apache24\\htdocs\\medify_test-development\\vendor\\laravel\\framework\\src\\Illuminate\\Pipeline\\Pipeline.php(116): Illuminate\\Pipeline\\Pipeline->Illuminate\\Pipeline\\{closure}()
#58 E:\\Apache24\\htdocs\\medify_test-development\\vendor\\laravel\\framework\\src\\Illuminate\\Foundation\\Http\\Kernel.php(165): Illuminate\\Pipeline\\Pipeline->then()
#59 E:\\Apache24\\htdocs\\medify_test-development\\vendor\\laravel\\framework\\src\\Illuminate\\Foundation\\Http\\Kernel.php(134): Illuminate\\Foundation\\Http\\Kernel->sendRequestThroughRouter()
#60 E:\\Apache24\\htdocs\\medify_test-development\\public\\index.php(51): Illuminate\\Foundation\\Http\\Kernel->handle()
#61 E:\\Apache24\\htdocs\\medify_test-development\\vendor\\laravel\\framework\\src\\Illuminate\\Foundation\\resources\\server.php(16): require_once('...')
#62 {main}

[previous exception] [object] (ErrorException(code: 0): Undefined variable $semua_kategori at E:\\Apache24\\htdocs\\medify_test-development\\storage\\framework\\views\\ee9e9e73a412c95f97c6844b56b6ed3b8cff893c.php:126)
[stacktrace]
#0 E:\\Apache24\\htdocs\\medify_test-development\\vendor\\laravel\\framework\\src\\Illuminate\\Foundation\\Bootstrap\\HandleExceptions.php(270): Illuminate\\Foundation\\Bootstrap\\HandleExceptions->handleError()
#1 E:\\Apache24\\htdocs\\medify_test-development\\storage\\framework\\views\\ee9e9e73a412c95f97c6844b56b6ed3b8cff893c.php(126): Illuminate\\Foundation\\Bootstrap\\HandleExceptions->Illuminate\\Foundation\\Bootstrap\\{closure}()
#2 E:\\Apache24\\htdocs\\medify_test-development\\vendor\\laravel\\framework\\src\\Illuminate\\Filesystem\\Filesystem.php(109): require('...')
#3 E:\\Apache24\\htdocs\\medify_test-development\\vendor\\laravel\\framework\\src\\Illuminate\\Filesystem\\Filesystem.php(110): Illuminate\\Filesystem\\Filesystem::Illuminate\\Filesystem\\{closure}()
#4 E:\\Apache24\\htdocs\\medify_test-development\\vendor\\laravel\\framework\\src\\Illuminate\\View\\Engines\\PhpEngine.php(58): Illuminate\\Filesystem\\Filesystem->getRequire()
#5 E:\\Apache24\\htdocs\\medify_test-development\\vendor\\laravel\\framework\\src\\Illuminate\\View\\Engines\\CompilerEngine.php(70): Illuminate\\View\\Engines\\PhpEngine->evaluatePath()
#6 E:\\Apache24\\htdocs\\medify_test-development\\vendor\\laravel\\framework\\src\\Illuminate\\View\\View.php(195): Illuminate\\View\\Engines\\CompilerEngine->get()
#7 E:\\Apache24\\htdocs\\medify_test-development\\vendor\\laravel\\framework\\src\\Illuminate\\View\\View.php(178): Illuminate\\View\\View->getContents()
#8 E:\\Apache24\\htdocs\\medify_test-development\\vendor\\laravel\\framework\\src\\Illuminate\\View\\View.php(147): Illuminate\\View\\View->renderContents()
#9 E:\\Apache24\\htdocs\\medify_test-development\\storage\\framework\\views\\aed922246db696779f6f9f5765e26501a70a8ea5.php(17): Illuminate\\View\\View->render()
#10 E:\\Apache24\\htdocs\\medify_test-development\\vendor\\laravel\\framework\\src\\Illuminate\\Filesystem\\Filesystem.php(109): require('...')
#11 E:\\Apache24\\htdocs\\medify_test-development\\vendor\\laravel\\framework\\src\\Illuminate\\Filesystem\\Filesystem.php(110): Illuminate\\Filesystem\\Filesystem::Illuminate\\Filesystem\\{closure}()
#12 E:\\Apache24\\htdocs\\medify_test-development\\vendor\\laravel\\framework\\src\\Illuminate\\View\\Engines\\PhpEngine.php(58): Illuminate\\Filesystem\\Filesystem->getRequire()
#13 E:\\Apache24\\htdocs\\medify_test-development\\vendor\\laravel\\framework\\src\\Illuminate\\View\\Engines\\CompilerEngine.php(70): Illuminate\\View\\Engines\\PhpEngine->evaluatePath()
#14 E:\\Apache24\\htdocs\\medify_test-development\\vendor\\laravel\\framework\\src\\Illuminate\\View\\View.php(195): Illuminate\\View\\Engines\\CompilerEngine->get()
#15 E:\\Apache24\\htdocs\\medify_test-development\\vendor\\laravel\\framework\\src\\Illuminate\\View\\View.php(178): Illuminate\\View\\View->getContents()
#16 E:\\Apache24\\htdocs\\medify_test-development\\vendor\\laravel\\framework\\src\\Illuminate\\View\\View.php(147): Illuminate\\View\\View->renderContents()
#17 E:\\Apache24\\htdocs\\medify_test-development\\vendor\\laravel\\framework\\src\\Illuminate\\Http\\Response.php(69): Illuminate\\View\\View->render()
#18 E:\\Apache24\\htdocs\\medify_test-development\\vendor\\laravel\\framework\\src\\Illuminate\\Http\\Response.php(35): Illuminate\\Http\\Response->setContent()
#19 E:\\Apache24\\htdocs\\medify_test-development\\vendor\\laravel\\framework\\src\\Illuminate\\Routing\\Router.php(906): Illuminate\\Http\\Response->__construct()
#20 E:\\Apache24\\htdocs\\medify_test-development\\vendor\\laravel\\framework\\src\\Illuminate\\Routing\\Router.php(875): Illuminate\\Routing\\Router::toResponse()
#21 E:\\Apache24\\htdocs\\medify_test-development\\vendor\\laravel\\framework\\src\\Illuminate\\Routing\\Router.php(797): Illuminate\\Routing\\Router->prepareResponse()
#22 E:\\Apache24\\htdocs\\medify_test-development\\vendor\\laravel\\framework\\src\\Illuminate\\Pipeline\\Pipeline.php(141): Illuminate\\Routing\\Router->Illuminate\\Routing\\{closure}()
#23 E:\\Apache24\\htdocs\\medify_test-development\\vendor\\laravel\\framework\\src\\Illuminate\\Routing\\Middleware\\SubstituteBindings.php(50): Illuminate\\Pipeline\\Pipeline->Illuminate\\Pipeline\\{closure}()
#24 E:\\Apache24\\htdocs\\medify_test-development\\vendor\\laravel\\framework\\src\\Illuminate\\Pipeline\\Pipeline.php(180): Illuminate\\Routing\\Middleware\\SubstituteBindings->handle()
#25 E:\\Apache24\\htdocs\\medify_test-development\\vendor\\laravel\\framework\\src\\Illuminate\\Foundation\\Http\\Middleware\\VerifyCsrfToken.php(78): Illuminate\\Pipeline\\Pipeline->Illuminate\\Pipeline\\{closure}()
#26 E:\\Apache24\\htdocs\\medify_test-development\\vendor\\laravel\\framework\\src\\Illuminate\\Pipeline\\Pipeline.php(180): Illuminate\\Foundation\\Http\\Middleware\\VerifyCsrfToken->handle()
#27 E:\\Apache24\\htdocs\\medify_test-development\\vendor\\laravel\\framework\\src\\Illuminate\\View\\Middleware\\ShareErrorsFromSession.php(49): Illuminate\\Pipeline\\Pipeline->Illuminate\\Pipeline\\{closure}()
#28 E:\\Apache24\\htdocs\\medify_test-development\\vendor\\laravel\\framework\\src\\Illuminate\\Pipeline\\Pipeline.php(180): Illuminate\\View\\Middleware\\ShareErrorsFromSession->handle()
#29 E:\\Apache24\\htdocs\\medify_test-development\\vendor\\laravel\\framework\\src\\Illuminate\\Session\\Middleware\\StartSession.php(121): Illuminate\\Pipeline\\Pipeline->Illuminate\\Pipeline\\{closure}()
#30 E:\\Apache24\\htdocs\\medify_test-development\\vendor\\laravel\\framework\\src\\Illuminate\\Session\\Middleware\\StartSession.php(64): Illuminate\\Session\\Middleware\\StartSession->handleStatefulRequest()
#31 E:\\Apache24\\htdocs\\medify_test-development\\vendor\\laravel\\framework\\src\\Illuminate\\Pipeline\\Pipeline.php(180): Illuminate\\Session\\Middleware\\StartSession->handle()
#32 E:\\Apache24\\htdocs\\medify_test-development\\vendor\\laravel\\framework\\src\\Illuminate\\Cookie\\Middleware\\AddQueuedCookiesToResponse.php(37): Illuminate\\Pipeline\\Pipeline->Illuminate\\Pipeline\\{closure}()
#33 E:\\Apache24\\htdocs\\medify_test-development\\vendor\\laravel\\framework\\src\\Illuminate\\Pipeline\\Pipeline.php(180): Illuminate\\Cookie\\Middleware\\AddQueuedCookiesToResponse->handle()
#34 E:\\Apache24\\htdocs\\medify_test-development\\vendor\\laravel\\framework\\src\\Illuminate\\Cookie\\Middleware\\EncryptCookies.php(67): Illuminate\\Pipeline\\Pipeline->Illuminate\\Pipeline\\{closure}()
#35 E:\\Apache24\\htdocs\\medify_test-development\\vendor\\laravel\\framework\\src\\Illuminate\\Pipeline\\Pipeline.php(180): Illuminate\\Cookie\\Middleware\\EncryptCookies->handle()
#36 E:\\Apache24\\htdocs\\medify_test-development\\vendor\\laravel\\framework\\src\\Illuminate\\Pipeline\\Pipeline.php(116): Illuminate\\Pipeline\\Pipeline->Illuminate\\Pipeline\\{closure}()
#37 E:\\Apache24\\htdocs\\medify_test-development\\vendor\\laravel\\framework\\src\\Illuminate\\Routing\\Router.php(797): Illuminate\\Pipeline\\Pipeline->then()
#38 E:\\Apache24\\htdocs\\medify_test-development\\vendor\\laravel\\framework\\src\\Illuminate\\Routing\\Router.php(776): Illuminate\\Routing\\Router->runRouteWithinStack()
#39 E:\\Apache24\\htdocs\\medify_test-development\\vendor\\laravel\\framework\\src\\Illuminate\\Routing\\Router.php(740): Illuminate\\Routing\\Router->runRoute()
#40 E:\\Apache24\\htdocs\\medify_test-development\\vendor\\laravel\\framework\\src\\Illuminate\\Routing\\Router.php(729): Illuminate\\Routing\\Router->dispatchToRoute()
#41 E:\\Apache24\\htdocs\\medify_test-development\\vendor\\laravel\\framework\\src\\Illuminate\\Foundation\\Http\\Kernel.php(190): Illuminate\\Routing\\Router->dispatch()
#42 E:\\Apache24\\htdocs\\medify_test-development\\vendor\\laravel\\framework\\src\\Illuminate\\Pipeline\\Pipeline.php(141): Illuminate\\Foundation\\Http\\Kernel->Illuminate\\Foundation\\Http\\{closure}()
#43 E:\\Apache24\\htdocs\\medify_test-development\\vendor\\laravel\\framework\\src\\Illuminate\\Foundation\\Http\\Middleware\\TransformsRequest.php(21): Illuminate\\Pipeline\\Pipeline->Illuminate\\Pipeline\\{closure}()
#44 E:\\Apache24\\htdocs\\medify_test-development\\vendor\\laravel\\framework\\src\\Illuminate\\Foundation\\Http\\Middleware\\ConvertEmptyStringsToNull.php(31): Illuminate\\Foundation\\Http\\Middleware\\TransformsRequest->handle()
#45 E:\\Apache24\\htdocs\\medify_test-development\\vendor\\laravel\\framework\\src\\Illuminate\\Pipeline\\Pipeline.php(180): Illuminate\\Foundation\\Http\\Middleware\\ConvertEmptyStringsToNull->handle()
#46 E:\\Apache24\\htdocs\\medify_test-development\\vendor\\laravel\\framework\\src\\Illuminate\\Foundation\\Http\\Middleware\\TransformsRequest.php(21): Illuminate\\Pipeline\\Pipeline->Illuminate\\Pipeline\\{closure}()
#47 E:\\Apache24\\htdocs\\medify_test-development\\vendor\\laravel\\framework\\src\\Illuminate\\Foundation\\Http\\Middleware\\TrimStrings.php(40): Illuminate\\Foundation\\Http\\Middleware\\TransformsRequest->handle()
#48 E:\\Apache24\\htdocs\\medify_test-development\\vendor\\laravel\\framework\\src\\Illuminate\\Pipeline\\Pipeline.php(180): Illuminate\\Foundation\\Http\\Middleware\\TrimStrings->handle()
#49 E:\\Apache24\\htdocs\\medify_test-development\\vendor\\laravel\\framework\\src\\Illuminate\\Foundation\\Http\\Middleware\\ValidatePostSize.php(27): Illuminate\\Pipeline\\Pipeline->Illuminate\\Pipeline\\{closure}()
#50 E:\\Apache24\\htdocs\\medify_test-development\\vendor\\laravel\\framework\\src\\Illuminate\\Pipeline\\Pipeline.php(180): Illuminate\\Foundation\\Http\\Middleware\\ValidatePostSize->handle()
#51 E:\\Apache24\\htdocs\\medify_test-development\\vendor\\laravel\\framework\\src\\Illuminate\\Foundation\\Http\\Middleware\\PreventRequestsDuringMaintenance.php(86): Illuminate\\Pipeline\\Pipeline->Illuminate\\Pipeline\\{closure}()
#52 E:\\Apache24\\htdocs\\medify_test-development\\vendor\\laravel\\framework\\src\\Illuminate\\Pipeline\\Pipeline.php(180): Illuminate\\Foundation\\Http\\Middleware\\PreventRequestsDuringMaintenance->handle()
#53 E:\\Apache24\\htdocs\\medify_test-development\\vendor\\laravel\\framework\\src\\Illuminate\\Http\\Middleware\\HandleCors.php(49): Illuminate\\Pipeline\\Pipeline->Illuminate\\Pipeline\\{closure}()
#54 E:\\Apache24\\htdocs\\medify_test-development\\vendor\\laravel\\framework\\src\\Illuminate\\Pipeline\\Pipeline.php(180): Illuminate\\Http\\Middleware\\HandleCors->handle()
#55 E:\\Apache24\\htdocs\\medify_test-development\\vendor\\laravel\\framework\\src\\Illuminate\\Http\\Middleware\\TrustProxies.php(39): Illuminate\\Pipeline\\Pipeline->Illuminate\\Pipeline\\{closure}()
#56 E:\\Apache24\\htdocs\\medify_test-development\\vendor\\laravel\\framework\\src\\Illuminate\\Pipeline\\Pipeline.php(180): Illuminate\\Http\\Middleware\\TrustProxies->handle()
#57 E:\\Apache24\\htdocs\\medify_test-development\\vendor\\laravel\\framework\\src\\Illuminate\\Pipeline\\Pipeline.php(116): Illuminate\\Pipeline\\Pipeline->Illuminate\\Pipeline\\{closure}()
#58 E:\\Apache24\\htdocs\\medify_test-development\\vendor\\laravel\\framework\\src\\Illuminate\\Foundation\\Http\\Kernel.php(165): Illuminate\\Pipeline\\Pipeline->then()
#59 E:\\Apache24\\htdocs\\medify_test-development\\vendor\\laravel\\framework\\src\\Illuminate\\Foundation\\Http\\Kernel.php(134): Illuminate\\Foundation\\Http\\Kernel->sendRequestThroughRouter()
#60 E:\\Apache24\\htdocs\\medify_test-development\\public\\index.php(51): Illuminate\\Foundation\\Http\\Kernel->handle()
#61 E:\\Apache24\\htdocs\\medify_test-development\\vendor\\laravel\\framework\\src\\Illuminate\\Foundation\\resources\\server.php(16): require_once('...')
#62 {main}
"} 
[2026-10-06 06:42:34] local.ERROR: Undefined variable $semua_kategori {"userId":1,"exception":"[object] (Spatie\\LaravelIgnition\\Exceptions\\ViewException(code: 0): Undefined variable $semua_kategori at E:\\Apache24\\htdocs\\medify_test-development\\resources\\views\\master_items\\form\\form.blade.php:126)
[stacktrace]
#0 E:\\Apache24\\htdocs\\medify_test-development\\vendor\\laravel\\framework\\src\\Illuminate\\Foundation\\Bootstrap\\HandleExceptions.php(270): Illuminate\\Foundation\\Bootstrap\\HandleExceptions->handleError()
#1 E:\\Apache24\\htdocs\\medify_test-development\\resources\\views\\master_items\\form\\form.blade.php(126): Illuminate\\Foundation\\Bootstrap\\HandleExceptions->Illuminate\\Foundation\\Bootstrap\\{closure}()
#2 E:\\Apache24\\htdocs\\medify_test-development\\vendor\\laravel\\framework\\src\\Illuminate\\Filesystem\\Filesystem.php(109): require('...')
#3 E:\\Apache24\\htdocs\\medify_test-development\\vendor\\laravel\\framework\\src\\Illuminate\\Filesystem\\Filesystem.php(110): Illuminate\\Filesystem\\Filesystem::Illuminate\\Filesystem\\{closure}()
#4 E:\\Apache24\\htdocs\\medify_test-development\\vendor\\laravel\\framework\\src\\Illuminate\\View\\Engines\\PhpEngine.php(58): Illuminate\\Filesystem\\Filesystem->getRequire()
#5 E:\\Apache24\\htdocs\\medify_test-development\\vendor\\laravel\\framework\\src\\Illuminate\\View\\Engines\\CompilerEngine.php(70): Illuminate\\View\\Engines\\PhpEngine->evaluatePath()
#6 E:\\Apache24\\htdocs\\medify_test-development\\vendor\\laravel\\framework\\src\\Illuminate\\View\\View.php(195): Illuminate\\View\\Engines\\CompilerEngine->get()
#7 E:\\Apache24\\htdocs\\medify_test-development\\vendor\\laravel\\framework\\src\\Illuminate\\View\\View.php(178): Illuminate\\View\\View->getContents()
#8 E:\\Apache24\\htdocs\\medify_test-development\\vendor\\laravel\\framework\\src\\Illuminate\\View\\View.php(147): Illuminate\\View\\View->renderContents()
#9 E:\\Apache24\\htdocs\\medify_test-development\\resources\\views\\master_items\\form\\index.blade.php(19): Illuminate\\View\\View->render()
#10 E:\\Apache24\\htdocs\\medify_test-development\\vendor\\laravel\\framework\\src\\Illuminate\\Filesystem\\Filesystem.php(109): require('...')
#11 E:\\Apache24\\htdocs\\medify_test-development\\vendor\\laravel\\framework\\src\\Illuminate\\Filesystem\\Filesystem.php(110): Illuminate\\Filesystem\\Filesystem::Illuminate\\Filesystem\\{closure}()
#12 E:\\Apache24\\htdocs\\medify_test-development\\vendor\\laravel\\framework\\src\\Illuminate\\View\\Engines\\PhpEngine.php(58): Illuminate\\Filesystem\\Filesystem->getRequire()
#13 E:\\Apache24\\htdocs\\medify_test-development\\vendor\\laravel\\framework\\src\\Illuminate\\View\\Engines\\CompilerEngine.php(70): Illuminate\\View\\Engines\\PhpEngine->evaluatePath()
#14 E:\\Apache24\\htdocs\\medify_test-development\\vendor\\laravel\\framework\\src\\Illuminate\\View\\View.php(195): Illuminate\\View\\Engines\\CompilerEngine->get()
#15 E:\\Apache24\\htdocs\\medify_test-development\\vendor\\laravel\\framework\\src\\Illuminate\\View\\View.php(178): Illuminate\\View\\View->getContents()
#16 E:\\Apache24\\htdocs\\medify_test-development\\vendor\\laravel\\framework\\src\\Illuminate\\View\\View.php(147): Illuminate\\View\\View->renderContents()
#17 E:\\Apache24\\htdocs\\medify_test-development\\vendor\\laravel\\framework\\src\\Illuminate\\Http\\Response.php(69): Illuminate\\View\\View->render()
#18 E:\\Apache24\\htdocs\\medify_test-development\\vendor\\laravel\\framework\\src\\Illuminate\\Http\\Response.php(35): Illuminate\\Http\\Response->setContent()
#19 E:\\Apache24\\htdocs\\medify_test-development\\vendor\\laravel\\framework\\src\\Illuminate\\Routing\\Router.php(906): Illuminate\\Http\\Response->__construct()
#20 E:\\Apache24\\htdocs\\medify_test-development\\vendor\\laravel\\framework\\src\\Illuminate\\Routing\\Router.php(875): Illuminate\\Routing\\Router::toResponse()
#21 E:\\Apache24\\htdocs\\medify_test-development\\vendor\\laravel\\framework\\src\\Illuminate\\Routing\\Router.php(797): Illuminate\\Routing\\Router->prepareResponse()
#22 E:\\Apache24\\htdocs\\medify_test-development\\vendor\\laravel\\framework\\src\\Illuminate\\Pipeline\\Pipeline.php(141): Illuminate\\Routing\\Router->Illuminate\\Routing\\{closure}()
#23 E:\\Apache24\\htdocs\\medify_test-development\\vendor\\laravel\\framework\\src\\Illuminate\\Routing\\Middleware\\SubstituteBindings.php(50): Illuminate\\Pipeline\\Pipeline->Illuminate\\Pipeline\\{closure}()
#24 E:\\Apache24\\htdocs\\medify_test-development\\vendor\\laravel\\framework\\src\\Illuminate\\Pipeline\\Pipeline.php(180): Illuminate\\Routing\\Middleware\\SubstituteBindings->handle()
#25 E:\\Apache24\\htdocs\\medify_test-development\\vendor\\laravel\\framework\\src\\Illuminate\\Foundation\\Http\\Middleware\\VerifyCsrfToken.php(78): Illuminate\\Pipeline\\Pipeline->Illuminate\\Pipeline\\{closure}()
#26 E:\\Apache24\\htdocs\\medify_test-development\\vendor\\laravel\\framework\\src\\Illuminate\\Pipeline\\Pipeline.php(180): Illuminate\\Foundation\\Http\\Middleware\\VerifyCsrfToken->handle()
#27 E:\\Apache24\\htdocs\\medify_test-development\\vendor\\laravel\\framework\\src\\Illuminate\\View\\Middleware\\ShareErrorsFromSession.php(49): Illuminate\\Pipeline\\Pipeline->Illuminate\\Pipeline\\{closure}()
#28 E:\\Apache24\\htdocs\\medify_test-development\\vendor\\laravel\\framework\\src\\Illuminate\\Pipeline\\Pipeline.php(180): Illuminate\\View\\Middleware\\ShareErrorsFromSession->handle()
#29 E:\\Apache24\\htdocs\\medify_test-development\\vendor\\laravel\\framework\\src\\Illuminate\\Session\\Middleware\\StartSession.php(121): Illuminate\\Pipeline\\Pipeline->Illuminate\\Pipeline\\{closure}()
#30 E:\\Apache24\\htdocs\\medify_test-development\\vendor\\laravel\\framework\\src\\Illuminate\\Session\\Middleware\\StartSession.php(64): Illuminate\\Session\\Middleware\\StartSession->handleStatefulRequest()
#31 E:\\Apache24\\htdocs\\medify_test-development\\vendor\\laravel\\framework\\src\\Illuminate\\Pipeline\\Pipeline.php(180): Illuminate\\Session\\Middleware\\StartSession->handle()
#32 E:\\Apache24\\htdocs\\medify_test-development\\vendor\\laravel\\framework\\src\\Illuminate\\Cookie\\Middleware\\AddQueuedCookiesToResponse.php(37): Illuminate\\Pipeline\\Pipeline->Illuminate\\Pipeline\\{closure}()
#33 E:\\Apache24\\htdocs\\medify_test-development\\vendor\\laravel\\framework\\src\\Illuminate\\Pipeline\\Pipeline.php(180): Illuminate\\Cookie\\Middleware\\AddQueuedCookiesToResponse->handle()
#34 E:\\Apache24\\htdocs\\medify_test-development\\vendor\\laravel\\framework\\src\\Illuminate\\Cookie\\Middleware\\EncryptCookies.php(67): Illuminate\\Pipeline\\Pipeline->Illuminate\\Pipeline\\{closure}()
#35 E:\\Apache24\\htdocs\\medify_test-development\\vendor\\laravel\\framework\\src\\Illuminate\\Pipeline\\Pipeline.php(180): Illuminate\\Cookie\\Middleware\\EncryptCookies->handle()
#36 E:\\Apache24\\htdocs\\medify_test-development\\vendor\\laravel\\framework\\src\\Illuminate\\Pipeline\\Pipeline.php(116): Illuminate\\Pipeline\\Pipeline->Illuminate\\Pipeline\\{closure}()
#37 E:\\Apache24\\htdocs\\medify_test-development\\vendor\\laravel\\framework\\src\\Illuminate\\Routing\\Router.php(797): Illuminate\\Pipeline\\Pipeline->then()
#38 E:\\Apache24\\htdocs\\medify_test-development\\vendor\\laravel\\framework\\src\\Illuminate\\Routing\\Router.php(776): Illuminate\\Routing\\Router->runRouteWithinStack()
#39 E:\\Apache24\\htdocs\\medify_test-development\\vendor\\laravel\\framework\\src\\Illuminate\\Routing\\Router.php(740): Illuminate\\Routing\\Router->runRoute()
#40 E:\\Apache24\\htdocs\\medify_test-development\\vendor\\laravel\\framework\\src\\Illuminate\\Routing\\Router.php(729): Illuminate\\Routing\\Router->dispatchToRoute()
#41 E:\\Apache24\\htdocs\\medify_test-development\\vendor\\laravel\\framework\\src\\Illuminate\\Foundation\\Http\\Kernel.php(190): Illuminate\\Routing\\Router->dispatch()
#42 E:\\Apache24\\htdocs\\medify_test-development\\vendor\\laravel\\framework\\src\\Illuminate\\Pipeline\\Pipeline.php(141): Illuminate\\Foundation\\Http\\Kernel->Illuminate\\Foundation\\Http\\{closure}()
#43 E:\\Apache24\\htdocs\\medify_test-development\\vendor\\laravel\\framework\\src\\Illuminate\\Foundation\\Http\\Middleware\\TransformsRequest.php(21): Illuminate\\Pipeline\\Pipeline->Illuminate\\Pipeline\\{closure}()
#44 E:\\Apache24\\htdocs\\medify_test-development\\vendor\\laravel\\framework\\src\\Illuminate\\Foundation\\Http\\Middleware\\ConvertEmptyStringsToNull.php(31): Illuminate\\Foundation\\Http\\Middleware\\TransformsRequest->handle()
#45 E:\\Apache24\\htdocs\\medify_test-development\\vendor\\laravel\\framework\\src\\Illuminate\\Pipeline\\Pipeline.php(180): Illuminate\\Foundation\\Http\\Middleware\\ConvertEmptyStringsToNull->handle()
#46 E:\\Apache24\\htdocs\\medify_test-development\\vendor\\laravel\\framework\\src\\Illuminate\\Foundation\\Http\\Middleware\\TransformsRequest.php(21): Illuminate\\Pipeline\\Pipeline->Illuminate\\Pipeline\\{closure}()
#47 E:\\Apache24\\htdocs\\medify_test-development\\vendor\\laravel\\framework\\src\\Illuminate\\Foundation\\Http\\Middleware\\TrimStrings.php(40): Illuminate\\Foundation\\Http\\Middleware\\TransformsRequest->handle()
#48 E:\\Apache24\\htdocs\\medify_test-development\\vendor\\laravel\\framework\\src\\Illuminate\\Pipeline\\Pipeline.php(180): Illuminate\\Foundation\\Http\\Middleware\\TrimStrings->handle()
#49 E:\\Apache24\\htdocs\\medify_test-development\\vendor\\laravel\\framework\\src\\Illuminate\\Foundation\\Http\\Middleware\\ValidatePostSize.php(27): Illuminate\\Pipeline\\Pipeline->Illuminate\\Pipeline\\{closure}()
#50 E:\\Apache24\\htdocs\\medify_test-development\\vendor\\laravel\\framework\\src\\Illuminate\\Pipeline\\Pipeline.php(180): Illuminate\\Foundation\\Http\\Middleware\\ValidatePostSize->handle()
#51 E:\\Apache24\\htdocs\\medify_test-development\\vendor\\laravel\\framework\\src\\Illuminate\\Foundation\\Http\\Middleware\\PreventRequestsDuringMaintenance.php(86): Illuminate\\Pipeline\\Pipeline->Illuminate\\Pipeline\\{closure}()
#52 E:\\Apache24\\htdocs\\medify_test-development\\vendor\\laravel\\framework\\src\\Illuminate\\Pipeline\\Pipeline.php(180): Illuminate\\Foundation\\Http\\Middleware\\PreventRequestsDuringMaintenance->handle()
#53 E:\\Apache24\\htdocs\\medify_test-development\\vendor\\laravel\\framework\\src\\Illuminate\\Http\\Middleware\\HandleCors.php(49): Illuminate\\Pipeline\\Pipeline->Illuminate\\Pipeline\\{closure}()
#54 E:\\Apache24\\htdocs\\medify_test-development\\vendor\\laravel\\framework\\src\\Illuminate\\Pipeline\\Pipeline.php(180): Illuminate\\Http\\Middleware\\HandleCors->handle()
#55 E:\\Apache24\\htdocs\\medify_test-development\\vendor\\laravel\\framework\\src\\Illuminate\\Http\\Middleware\\TrustProxies.php(39): Illuminate\\Pipeline\\Pipeline->Illuminate\\Pipeline\\{closure}()
#56 E:\\Apache24\\htdocs\\medify_test-development\\vendor\\laravel\\framework\\src\\Illuminate\\Pipeline\\Pipeline.php(180): Illuminate\\Http\\Middleware\\TrustProxies->handle()
#57 E:\\Apache24\\htdocs\\medify_test-development\\vendor\\laravel\\framework\\src\\Illuminate\\Pipeline\\Pipeline.php(116): Illuminate\\Pipeline\\Pipeline->Illuminate\\Pipeline\\{closure}()
#58 E:\\Apache24\\htdocs\\medify_test-development\\vendor\\laravel\\framework\\src\\Illuminate\\Foundation\\Http\\Kernel.php(165): Illuminate\\Pipeline\\Pipeline->then()
#59 E:\\Apache24\\htdocs\\medify_test-development\\vendor\\laravel\\framework\\src\\Illuminate\\Foundation\\Http\\Kernel.php(134): Illuminate\\Foundation\\Http\\Kernel->sendRequestThroughRouter()
#60 E:\\Apache24\\htdocs\\medify_test-development\\public\\index.php(51): Illuminate\\Foundation\\Http\\Kernel->handle()
#61 E:\\Apache24\\htdocs\\medify_test-development\\vendor\\laravel\\framework\\src\\Illuminate\\Foundation\\resources\\server.php(16): require_once('...')
#62 {main}

[previous exception] [object] (ErrorException(code: 0): Undefined variable $semua_kategori at E:\\Apache24\\htdocs\\medify_test-development\\storage\\framework\\views\\ee9e9e73a412c95f97c6844b56b6ed3b8cff893c.php:126)
[stacktrace]
#0 E:\\Apache24\\htdocs\\medify_test-development\\vendor\\laravel\\framework\\src\\Illuminate\\Foundation\\Bootstrap\\HandleExceptions.php(270): Illuminate\\Foundation\\Bootstrap\\HandleExceptions->handleError()
#1 E:\\Apache24\\htdocs\\medify_test-development\\storage\\framework\\views\\ee9e9e73a412c95f97c6844b56b6ed3b8cff893c.php(126): Illuminate\\Foundation\\Bootstrap\\HandleExceptions->Illuminate\\Foundation\\Bootstrap\\{closure}()
#2 E:\\Apache24\\htdocs\\medify_test-development\\vendor\\laravel\\framework\\src\\Illuminate\\Filesystem\\Filesystem.php(109): require('...')
#3 E:\\Apache24\\htdocs\\medify_test-development\\vendor\\laravel\\framework\\src\\Illuminate\\Filesystem\\Filesystem.php(110): Illuminate\\Filesystem\\Filesystem::Illuminate\\Filesystem\\{closure}()
#4 E:\\Apache24\\htdocs\\medify_test-development\\vendor\\laravel\\framework\\src\\Illuminate\\View\\Engines\\PhpEngine.php(58): Illuminate\\Filesystem\\Filesystem->getRequire()
#5 E:\\Apache24\\htdocs\\medify_test-development\\vendor\\laravel\\framework\\src\\Illuminate\\View\\Engines\\CompilerEngine.php(70): Illuminate\\View\\Engines\\PhpEngine->evaluatePath()
#6 E:\\Apache24\\htdocs\\medify_test-development\\vendor\\laravel\\framework\\src\\Illuminate\\View\\View.php(195): Illuminate\\View\\Engines\\CompilerEngine->get()
#7 E:\\Apache24\\htdocs\\medify_test-development\\vendor\\laravel\\framework\\src\\Illuminate\\View\\View.php(178): Illuminate\\View\\View->getContents()
#8 E:\\Apache24\\htdocs\\medify_test-development\\vendor\\laravel\\framework\\src\\Illuminate\\View\\View.php(147): Illuminate\\View\\View->renderContents()
#9 E:\\Apache24\\htdocs\\medify_test-development\\storage\\framework\\views\\aed922246db696779f6f9f5765e26501a70a8ea5.php(17): Illuminate\\View\\View->render()
#10 E:\\Apache24\\htdocs\\medify_test-development\\vendor\\laravel\\framework\\src\\Illuminate\\Filesystem\\Filesystem.php(109): require('...')
#11 E:\\Apache24\\htdocs\\medify_test-development\\vendor\\laravel\\framework\\src\\Illuminate\\Filesystem\\Filesystem.php(110): Illuminate\\Filesystem\\Filesystem::Illuminate\\Filesystem\\{closure}()
#12 E:\\Apache24\\htdocs\\medify_test-development\\vendor\\laravel\\framework\\src\\Illuminate\\View\\Engines\\PhpEngine.php(58): Illuminate\\Filesystem\\Filesystem->getRequire()
#13 E:\\Apache24\\htdocs\\medify_test-development\\vendor\\laravel\\framework\\src\\Illuminate\\View\\Engines\\CompilerEngine.php(70): Illuminate\\View\\Engines\\PhpEngine->evaluatePath()
#14 E:\\Apache24\\htdocs\\medify_test-development\\vendor\\laravel\\framework\\src\\Illuminate\\View\\View.php(195): Illuminate\\View\\Engines\\CompilerEngine->get()
#15 E:\\Apache24\\htdocs\\medify_test-development\\vendor\\laravel\\framework\\src\\Illuminate\\View\\View.php(178): Illuminate\\View\\View->getContents()
#16 E:\\Apache24\\htdocs\\medify_test-development\\vendor\\laravel\\framework\\src\\Illuminate\\View\\View.php(147): Illuminate\\View\\View->renderContents()
#17 E:\\Apache24\\htdocs\\medify_test-development\\vendor\\laravel\\framework\\src\\Illuminate\\Http\\Response.php(69): Illuminate\\View\\View->render()
#18 E:\\Apache24\\htdocs\\medify_test-development\\vendor\\laravel\\framework\\src\\Illuminate\\Http\\Response.php(35): Illuminate\\Http\\Response->setContent()
#19 E:\\Apache24\\htdocs\\medify_test-development\\vendor\\laravel\\framework\\src\\Illuminate\\Routing\\Router.php(906): Illuminate\\Http\\Response->__construct()
#20 E:\\Apache24\\htdocs\\medify_test-development\\vendor\\laravel\\framework\\src\\Illuminate\\Routing\\Router.php(875): Illuminate\\Routing\\Router::toResponse()
#21 E:\\Apache24\\htdocs\\medify_test-development\\vendor\\laravel\\framework\\src\\Illuminate\\Routing\\Router.php(797): Illuminate\\Routing\\Router->prepareResponse()
#22 E:\\Apache24\\htdocs\\medify_test-development\\vendor\\laravel\\framework\\src\\Illuminate\\Pipeline\\Pipeline.php(141): Illuminate\\Routing\\Router->Illuminate\\Routing\\{closure}()
#23 E:\\Apache24\\htdocs\\medify_test-development\\vendor\\laravel\\framework\\src\\Illuminate\\Routing\\Middleware\\SubstituteBindings.php(50): Illuminate\\Pipeline\\Pipeline->Illuminate\\Pipeline\\{closure}()
#24 E:\\Apache24\\htdocs\\medify_test-development\\vendor\\laravel\\framework\\src\\Illuminate\\Pipeline\\Pipeline.php(180): Illuminate\\Routing\\Middleware\\SubstituteBindings->handle()
#25 E:\\Apache24\\htdocs\\medify_test-development\\vendor\\laravel\\framework\\src\\Illuminate\\Foundation\\Http\\Middleware\\VerifyCsrfToken.php(78): Illuminate\\Pipeline\\Pipeline->Illuminate\\Pipeline\\{closure}()
#26 E:\\Apache24\\htdocs\\medify_test-development\\vendor\\laravel\\framework\\src\\Illuminate\\Pipeline\\Pipeline.php(180): Illuminate\\Foundation\\Http\\Middleware\\VerifyCsrfToken->handle()
#27 E:\\Apache24\\htdocs\\medify_test-development\\vendor\\laravel\\framework\\src\\Illuminate\\View\\Middleware\\ShareErrorsFromSession.php(49): Illuminate\\Pipeline\\Pipeline->Illuminate\\Pipeline\\{closure}()
#28 E:\\Apache24\\htdocs\\medify_test-development\\vendor\\laravel\\framework\\src\\Illuminate\\Pipeline\\Pipeline.php(180): Illuminate\\View\\Middleware\\ShareErrorsFromSession->handle()
#29 E:\\Apache24\\htdocs\\medify_test-development\\vendor\\laravel\\framework\\src\\Illuminate\\Session\\Middleware\\StartSession.php(121): Illuminate\\Pipeline\\Pipeline->Illuminate\\Pipeline\\{closure}()
#30 E:\\Apache24\\htdocs\\medify_test-development\\vendor\\laravel\\framework\\src\\Illuminate\\Session\\Middleware\\StartSession.php(64): Illuminate\\Session\\Middleware\\StartSession->handleStatefulRequest()
#31 E:\\Apache24\\htdocs\\medify_test-development\\vendor\\laravel\\framework\\src\\Illuminate\\Pipeline\\Pipeline.php(180): Illuminate\\Session\\Middleware\\StartSession->handle()
#32 E:\\Apache24\\htdocs\\medify_test-development\\vendor\\laravel\\framework\\src\\Illuminate\\Cookie\\Middleware\\AddQueuedCookiesToResponse.php(37): Illuminate\\Pipeline\\Pipeline->Illuminate\\Pipeline\\{closure}()
#33 E:\\Apache24\\htdocs\\medify_test-development\\vendor\\laravel\\framework\\src\\Illuminate\\Pipeline\\Pipeline.php(180): Illuminate\\Cookie\\Middleware\\AddQueuedCookiesToResponse->handle()
#34 E:\\Apache24\\htdocs\\medify_test-development\\vendor\\laravel\\framework\\src\\Illuminate\\Cookie\\Middleware\\EncryptCookies.php(67): Illuminate\\Pipeline\\Pipeline->Illuminate\\Pipeline\\{closure}()
#35 E:\\Apache24\\htdocs\\medify_test-development\\vendor\\laravel\\framework\\src\\Illuminate\\Pipeline\\Pipeline.php(180): Illuminate\\Cookie\\Middleware\\EncryptCookies->handle()
#36 E:\\Apache24\\htdocs\\medify_test-development\\vendor\\laravel\\framework\\src\\Illuminate\\Pipeline\\Pipeline.php(116): Illuminate\\Pipeline\\Pipeline->Illuminate\\Pipeline\\{closure}()
#37 E:\\Apache24\\htdocs\\medify_test-development\\vendor\\laravel\\framework\\src\\Illuminate\\Routing\\Router.php(797): Illuminate\\Pipeline\\Pipeline->then()
#38 E:\\Apache24\\htdocs\\medify_test-development\\vendor\\laravel\\framework\\src\\Illuminate\\Routing\\Router.php(776): Illuminate\\Routing\\Router->runRouteWithinStack()
#39 E:\\Apache24\\htdocs\\medify_test-development\\vendor\\laravel\\framework\\src\\Illuminate\\Routing\\Router.php(740): Illuminate\\Routing\\Router->runRoute()
#40 E:\\Apache24\\htdocs\\medify_test-development\\vendor\\laravel\\framework\\src\\Illuminate\\Routing\\Router.php(729): Illuminate\\Routing\\Router->dispatchToRoute()
#41 E:\\Apache24\\htdocs\\medify_test-development\\vendor\\laravel\\framework\\src\\Illuminate\\Foundation\\Http\\Kernel.php(190): Illuminate\\Routing\\Router->dispatch()
#42 E:\\Apache24\\htdocs\\medify_test-development\\vendor\\laravel\\framework\\src\\Illuminate\\Pipeline\\Pipeline.php(141): Illuminate\\Foundation\\Http\\Kernel->Illuminate\\Foundation\\Http\\{closure}()
#43 E:\\Apache24\\htdocs\\medify_test-development\\vendor\\laravel\\framework\\src\\Illuminate\\Foundation\\Http\\Middleware\\TransformsRequest.php(21): Illuminate\\Pipeline\\Pipeline->Illuminate\\Pipeline\\{closure}()
#44 E:\\Apache24\\htdocs\\medify_test-development\\vendor\\laravel\\framework\\src\\Illuminate\\Foundation\\Http\\Middleware\\ConvertEmptyStringsToNull.php(31): Illuminate\\Foundation\\Http\\Middleware\\TransformsRequest->handle()
#45 E:\\Apache24\\htdocs\\medify_test-development\\vendor\\laravel\\framework\\src\\Illuminate\\Pipeline\\Pipeline.php(180): Illuminate\\Foundation\\Http\\Middleware\\ConvertEmptyStringsToNull->handle()
#46 E:\\Apache24\\htdocs\\medify_test-development\\vendor\\laravel\\framework\\src\\Illuminate\\Foundation\\Http\\Middleware\\TransformsRequest.php(21): Illuminate\\Pipeline\\Pipeline->Illuminate\\Pipeline\\{closure}()
#47 E:\\Apache24\\htdocs\\medify_test-development\\vendor\\laravel\\framework\\src\\Illuminate\\Foundation\\Http\\Middleware\\TrimStrings.php(40): Illuminate\\Foundation\\Http\\Middleware\\TransformsRequest->handle()
#48 E:\\Apache24\\htdocs\\medify_test-development\\vendor\\laravel\\framework\\src\\Illuminate\\Pipeline\\Pipeline.php(180): Illuminate\\Foundation\\Http\\Middleware\\TrimStrings->handle()
#49 E:\\Apache24\\htdocs\\medify_test-development\\vendor\\laravel\\framework\\src\\Illuminate\\Foundation\\Http\\Middleware\\ValidatePostSize.php(27): Illuminate\\Pipeline\\Pipeline->Illuminate\\Pipeline\\{closure}()
#50 E:\\Apache24\\htdocs\\medify_test-development\\vendor\\laravel\\framework\\src\\Illuminate\\Pipeline\\Pipeline.php(180): Illuminate\\Foundation\\Http\\Middleware\\ValidatePostSize->handle()
#51 E:\\Apache24\\htdocs\\medify_test-development\\vendor\\laravel\\framework\\src\\Illuminate\\Foundation\\Http\\Middleware\\PreventRequestsDuringMaintenance.php(86): Illuminate\\Pipeline\\Pipeline->Illuminate\\Pipeline\\{closure}()
#52 E:\\Apache24\\htdocs\\medify_test-development\\vendor\\laravel\\framework\\src\\Illuminate\\Pipeline\\Pipeline.php(180): Illuminate\\Foundation\\Http\\Middleware\\PreventRequestsDuringMaintenance->handle()
#53 E:\\Apache24\\htdocs\\medify_test-development\\vendor\\laravel\\framework\\src\\Illuminate\\Http\\Middleware\\HandleCors.php(49): Illuminate\\Pipeline\\Pipeline->Illuminate\\Pipeline\\{closure}()
#54 E:\\Apache24\\htdocs\\medify_test-development\\vendor\\laravel\\framework\\src\\Illuminate\\Pipeline\\Pipeline.php(180): Illuminate\\Http\\Middleware\\HandleCors->handle()
#55 E:\\Apache24\\htdocs\\medify_test-development\\vendor\\laravel\\framework\\src\\Illuminate\\Http\\Middleware\\TrustProxies.php(39): Illuminate\\Pipeline\\Pipeline->Illuminate\\Pipeline\\{closure}()
#56 E:\\Apache24\\htdocs\\medify_test-development\\vendor\\laravel\\framework\\src\\Illuminate\\Pipeline\\Pipeline.php(180): Illuminate\\Http\\Middleware\\TrustProxies->handle()
#57 E:\\Apache24\\htdocs\\medify_test-development\\vendor\\laravel\\framework\\src\\Illuminate\\Pipeline\\Pipeline.php(116): Illuminate\\Pipeline\\Pipeline->Illuminate\\Pipeline\\{closure}()
#58 E:\\Apache24\\htdocs\\medify_test-development\\vendor\\laravel\\framework\\src\\Illuminate\\Foundation\\Http\\Kernel.php(165): Illuminate\\Pipeline\\Pipeline->then()
#59 E:\\Apache24\\htdocs\\medify_test-development\\vendor\\laravel\\framework\\src\\Illuminate\\Foundation\\Http\\Kernel.php(134): Illuminate\\Foundation\\Http\\Kernel->sendRequestThroughRouter()
#60 E:\\Apache24\\htdocs\\medify_test-development\\public\\index.php(51): Illuminate\\Foundation\\Http\\Kernel->handle()
#61 E:\\Apache24\\htdocs\\medify_test-development\\vendor\\laravel\\framework\\src\\Illuminate\\Foundation\\resources\\server.php(16): require_once('...')
#62 {main}
"} 
[2026-10-06 06:42:49] local.ERROR: Undefined variable $semua_kategori {"userId":1,"exception":"[object] (Spatie\\LaravelIgnition\\Exceptions\\ViewException(code: 0): Undefined variable $semua_kategori at E:\\Apache24\\htdocs\\medify_test-development\\resources\\views\\master_items\\form\\form.blade.php:126)
[stacktrace]
#0 E:\\Apache24\\htdocs\\medify_test-development\\vendor\\laravel\\framework\\src\\Illuminate\\Foundation\\Bootstrap\\HandleExceptions.php(270): Illuminate\\Foundation\\Bootstrap\\HandleExceptions->handleError()
#1 E:\\Apache24\\htdocs\\medify_test-development\\resources\\views\\master_items\\form\\form.blade.php(126): Illuminate\\Foundation\\Bootstrap\\HandleExceptions->Illuminate\\Foundation\\Bootstrap\\{closure}()
#2 E:\\Apache24\\htdocs\\medify_test-development\\vendor\\laravel\\framework\\src\\Illuminate\\Filesystem\\Filesystem.php(109): require('...')
#3 E:\\Apache24\\htdocs\\medify_test-development\\vendor\\laravel\\framework\\src\\Illuminate\\Filesystem\\Filesystem.php(110): Illuminate\\Filesystem\\Filesystem::Illuminate\\Filesystem\\{closure}()
#4 E:\\Apache24\\htdocs\\medify_test-development\\vendor\\laravel\\framework\\src\\Illuminate\\View\\Engines\\PhpEngine.php(58): Illuminate\\Filesystem\\Filesystem->getRequire()
#5 E:\\Apache24\\htdocs\\medify_test-development\\vendor\\laravel\\framework\\src\\Illuminate\\View\\Engines\\CompilerEngine.php(70): Illuminate\\View\\Engines\\PhpEngine->evaluatePath()
#6 E:\\Apache24\\htdocs\\medify_test-development\\vendor\\laravel\\framework\\src\\Illuminate\\View\\View.php(195): Illuminate\\View\\Engines\\CompilerEngine->get()
#7 E:\\Apache24\\htdocs\\medify_test-development\\vendor\\laravel\\framework\\src\\Illuminate\\View\\View.php(178): Illuminate\\View\\View->getContents()
#8 E:\\Apache24\\htdocs\\medify_test-development\\vendor\\laravel\\framework\\src\\Illuminate\\View\\View.php(147): Illuminate\\View\\View->renderContents()
#9 E:\\Apache24\\htdocs\\medify_test-development\\resources\\views\\master_items\\form\\index.blade.php(19): Illuminate\\View\\View->render()
#10 E:\\Apache24\\htdocs\\medify_test-development\\vendor\\laravel\\framework\\src\\Illuminate\\Filesystem\\Filesystem.php(109): require('...')
#11 E:\\Apache24\\htdocs\\medify_test-development\\vendor\\laravel\\framework\\src\\Illuminate\\Filesystem\\Filesystem.php(110): Illuminate\\Filesystem\\Filesystem::Illuminate\\Filesystem\\{closure}()
#12 E:\\Apache24\\htdocs\\medify_test-development\\vendor\\laravel\\framework\\src\\Illuminate\\View\\Engines\\PhpEngine.php(58): Illuminate\\Filesystem\\Filesystem->getRequire()
#13 E:\\Apache24\\htdocs\\medify_test-development\\vendor\\laravel\\framework\\src\\Illuminate\\View\\Engines\\CompilerEngine.php(70): Illuminate\\View\\Engines\\PhpEngine->evaluatePath()
#14 E:\\Apache24\\htdocs\\medify_test-development\\vendor\\laravel\\framework\\src\\Illuminate\\View\\View.php(195): Illuminate\\View\\Engines\\CompilerEngine->get()
#15 E:\\Apache24\\htdocs\\medify_test-development\\vendor\\laravel\\framework\\src\\Illuminate\\View\\View.php(178): Illuminate\\View\\View->getContents()
#16 E:\\Apache24\\htdocs\\medify_test-development\\vendor\\laravel\\framework\\src\\Illuminate\\View\\View.php(147): Illuminate\\View\\View->renderContents()
#17 E:\\Apache24\\htdocs\\medify_test-development\\vendor\\laravel\\framework\\src\\Illuminate\\Http\\Response.php(69): Illuminate\\View\\View->render()
#18 E:\\Apache24\\htdocs\\medify_test-development\\vendor\\laravel\\framework\\src\\Illuminate\\Http\\Response.php(35): Illuminate\\Http\\Response->setContent()
#19 E:\\Apache24\\htdocs\\medify_test-development\\vendor\\laravel\\framework\\src\\Illuminate\\Routing\\Router.php(906): Illuminate\\Http\\Response->__construct()
#20 E:\\Apache24\\htdocs\\medify_test-development\\vendor\\laravel\\framework\\src\\Illuminate\\Routing\\Router.php(875): Illuminate\\Routing\\Router::toResponse()
#21 E:\\Apache24\\htdocs\\medify_test-development\\vendor\\laravel\\framework\\src\\Illuminate\\Routing\\Router.php(797): Illuminate\\Routing\\Router->prepareResponse()
#22 E:\\Apache24\\htdocs\\medify_test-development\\vendor\\laravel\\framework\\src\\Illuminate\\Pipeline\\Pipeline.php(141): Illuminate\\Routing\\Router->Illuminate\\Routing\\{closure}()
#23 E:\\Apache24\\htdocs\\medify_test-development\\vendor\\laravel\\framework\\src\\Illuminate\\Routing\\Middleware\\SubstituteBindings.php(50): Illuminate\\Pipeline\\Pipeline->Illuminate\\Pipeline\\{closure}()
#24 E:\\Apache24\\htdocs\\medify_test-development\\vendor\\laravel\\framework\\src\\Illuminate\\Pipeline\\Pipeline.php(180): Illuminate\\Routing\\Middleware\\SubstituteBindings->handle()
#25 E:\\Apache24\\htdocs\\medify_test-development\\vendor\\laravel\\framework\\src\\Illuminate\\Foundation\\Http\\Middleware\\VerifyCsrfToken.php(78): Illuminate\\Pipeline\\Pipeline->Illuminate\\Pipeline\\{closure}()
#26 E:\\Apache24\\htdocs\\medify_test-development\\vendor\\laravel\\framework\\src\\Illuminate\\Pipeline\\Pipeline.php(180): Illuminate\\Foundation\\Http\\Middleware\\VerifyCsrfToken->handle()
#27 E:\\Apache24\\htdocs\\medify_test-development\\vendor\\laravel\\framework\\src\\Illuminate\\View\\Middleware\\ShareErrorsFromSession.php(49): Illuminate\\Pipeline\\Pipeline->Illuminate\\Pipeline\\{closure}()
#28 E:\\Apache24\\htdocs\\medify_test-development\\vendor\\laravel\\framework\\src\\Illuminate\\Pipeline\\Pipeline.php(180): Illuminate\\View\\Middleware\\ShareErrorsFromSession->handle()
#29 E:\\Apache24\\htdocs\\medify_test-development\\vendor\\laravel\\framework\\src\\Illuminate\\Session\\Middleware\\StartSession.php(121): Illuminate\\Pipeline\\Pipeline->Illuminate\\Pipeline\\{closure}()
#30 E:\\Apache24\\htdocs\\medify_test-development\\vendor\\laravel\\framework\\src\\Illuminate\\Session\\Middleware\\StartSession.php(64): Illuminate\\Session\\Middleware\\StartSession->handleStatefulRequest()
#31 E:\\Apache24\\htdocs\\medify_test-development\\vendor\\laravel\\framework\\src\\Illuminate\\Pipeline\\Pipeline.php(180): Illuminate\\Session\\Middleware\\StartSession->handle()
#32 E:\\Apache24\\htdocs\\medify_test-development\\vendor\\laravel\\framework\\src\\Illuminate\\Cookie\\Middleware\\AddQueuedCookiesToResponse.php(37): Illuminate\\Pipeline\\Pipeline->Illuminate\\Pipeline\\{closure}()
#33 E:\\Apache24\\htdocs\\medify_test-development\\vendor\\laravel\\framework\\src\\Illuminate\\Pipeline\\Pipeline.php(180): Illuminate\\Cookie\\Middleware\\AddQueuedCookiesToResponse->handle()
#34 E:\\Apache24\\htdocs\\medify_test-development\\vendor\\laravel\\framework\\src\\Illuminate\\Cookie\\Middleware\\EncryptCookies.php(67): Illuminate\\Pipeline\\Pipeline->Illuminate\\Pipeline\\{closure}()
#35 E:\\Apache24\\htdocs\\medify_test-development\\vendor\\laravel\\framework\\src\\Illuminate\\Pipeline\\Pipeline.php(180): Illuminate\\Cookie\\Middleware\\EncryptCookies->handle()
#36 E:\\Apache24\\htdocs\\medify_test-development\\vendor\\laravel\\framework\\src\\Illuminate\\Pipeline\\Pipeline.php(116): Illuminate\\Pipeline\\Pipeline->Illuminate\\Pipeline\\{closure}()
#37 E:\\Apache24\\htdocs\\medify_test-development\\vendor\\laravel\\framework\\src\\Illuminate\\Routing\\Router.php(797): Illuminate\\Pipeline\\Pipeline->then()
#38 E:\\Apache24\\htdocs\\medify_test-development\\vendor\\laravel\\framework\\src\\Illuminate\\Routing\\Router.php(776): Illuminate\\Routing\\Router->runRouteWithinStack()
#39 E:\\Apache24\\htdocs\\medify_test-development\\vendor\\laravel\\framework\\src\\Illuminate\\Routing\\Router.php(740): Illuminate\\Routing\\Router->runRoute()
#40 E:\\Apache24\\htdocs\\medify_test-development\\vendor\\laravel\\framework\\src\\Illuminate\\Routing\\Router.php(729): Illuminate\\Routing\\Router->dispatchToRoute()
#41 E:\\Apache24\\htdocs\\medify_test-development\\vendor\\laravel\\framework\\src\\Illuminate\\Foundation\\Http\\Kernel.php(190): Illuminate\\Routing\\Router->dispatch()
#42 E:\\Apache24\\htdocs\\medify_test-development\\vendor\\laravel\\framework\\src\\Illuminate\\Pipeline\\Pipeline.php(141): Illuminate\\Foundation\\Http\\Kernel->Illuminate\\Foundation\\Http\\{closure}()
#43 E:\\Apache24\\htdocs\\medify_test-development\\vendor\\laravel\\framework\\src\\Illuminate\\Foundation\\Http\\Middleware\\TransformsRequest.php(21): Illuminate\\Pipeline\\Pipeline->Illuminate\\Pipeline\\{closure}()
#44 E:\\Apache24\\htdocs\\medify_test-development\\vendor\\laravel\\framework\\src\\Illuminate\\Foundation\\Http\\Middleware\\ConvertEmptyStringsToNull.php(31): Illuminate\\Foundation\\Http\\Middleware\\TransformsRequest->handle()
#45 E:\\Apache24\\htdocs\\medify_test-development\\vendor\\laravel\\framework\\src\\Illuminate\\Pipeline\\Pipeline.php(180): Illuminate\\Foundation\\Http\\Middleware\\ConvertEmptyStringsToNull->handle()
#46 E:\\Apache24\\htdocs\\medify_test-development\\vendor\\laravel\\framework\\src\\Illuminate\\Foundation\\Http\\Middleware\\TransformsRequest.php(21): Illuminate\\Pipeline\\Pipeline->Illuminate\\Pipeline\\{closure}()
#47 E:\\Apache24\\htdocs\\medify_test-development\\vendor\\laravel\\framework\\src\\Illuminate\\Foundation\\Http\\Middleware\\TrimStrings.php(40): Illuminate\\Foundation\\Http\\Middleware\\TransformsRequest->handle()
#48 E:\\Apache24\\htdocs\\medify_test-development\\vendor\\laravel\\framework\\src\\Illuminate\\Pipeline\\Pipeline.php(180): Illuminate\\Foundation\\Http\\Middleware\\TrimStrings->handle()
#49 E:\\Apache24\\htdocs\\medify_test-development\\vendor\\laravel\\framework\\src\\Illuminate\\Foundation\\Http\\Middleware\\ValidatePostSize.php(27): Illuminate\\Pipeline\\Pipeline->Illuminate\\Pipeline\\{closure}()
#50 E:\\Apache24\\htdocs\\medify_test-development\\vendor\\laravel\\framework\\src\\Illuminate\\Pipeline\\Pipeline.php(180): Illuminate\\Foundation\\Http\\Middleware\\ValidatePostSize->handle()
#51 E:\\Apache24\\htdocs\\medify_test-development\\vendor\\laravel\\framework\\src\\Illuminate\\Foundation\\Http\\Middleware\\PreventRequestsDuringMaintenance.php(86): Illuminate\\Pipeline\\Pipeline->Illuminate\\Pipeline\\{closure}()
#52 E:\\Apache24\\htdocs\\medify_test-development\\vendor\\laravel\\framework\\src\\Illuminate\\Pipeline\\Pipeline.php(180): Illuminate\\Foundation\\Http\\Middleware\\PreventRequestsDuringMaintenance->handle()
#53 E:\\Apache24\\htdocs\\medify_test-development\\vendor\\laravel\\framework\\src\\Illuminate\\Http\\Middleware\\HandleCors.php(49): Illuminate\\Pipeline\\Pipeline->Illuminate\\Pipeline\\{closure}()
#54 E:\\Apache24\\htdocs\\medify_test-development\\vendor\\laravel\\framework\\src\\Illuminate\\Pipeline\\Pipeline.php(180): Illuminate\\Http\\Middleware\\HandleCors->handle()
#55 E:\\Apache24\\htdocs\\medify_test-development\\vendor\\laravel\\framework\\src\\Illuminate\\Http\\Middleware\\TrustProxies.php(39): Illuminate\\Pipeline\\Pipeline->Illuminate\\Pipeline\\{closure}()
#56 E:\\Apache24\\htdocs\\medify_test-development\\vendor\\laravel\\framework\\src\\Illuminate\\Pipeline\\Pipeline.php(180): Illuminate\\Http\\Middleware\\TrustProxies->handle()
#57 E:\\Apache24\\htdocs\\medify_test-development\\vendor\\laravel\\framework\\src\\Illuminate\\Pipeline\\Pipeline.php(116): Illuminate\\Pipeline\\Pipeline->Illuminate\\Pipeline\\{closure}()
#58 E:\\Apache24\\htdocs\\medify_test-development\\vendor\\laravel\\framework\\src\\Illuminate\\Foundation\\Http\\Kernel.php(165): Illuminate\\Pipeline\\Pipeline->then()
#59 E:\\Apache24\\htdocs\\medify_test-development\\vendor\\laravel\\framework\\src\\Illuminate\\Foundation\\Http\\Kernel.php(134): Illuminate\\Foundation\\Http\\Kernel->sendRequestThroughRouter()
#60 E:\\Apache24\\htdocs\\medify_test-development\\public\\index.php(51): Illuminate\\Foundation\\Http\\Kernel->handle()
#61 E:\\Apache24\\htdocs\\medify_test-development\\vendor\\laravel\\framework\\src\\Illuminate\\Foundation\\resources\\server.php(16): require_once('...')
#62 {main}

[previous exception] [object] (ErrorException(code: 0): Undefined variable $semua_kategori at E:\\Apache24\\htdocs\\medify_test-development\\storage\\framework\\views\\ee9e9e73a412c95f97c6844b56b6ed3b8cff893c.php:126)
[stacktrace]
#0 E:\\Apache24\\htdocs\\medify_test-development\\vendor\\laravel\\framework\\src\\Illuminate\\Foundation\\Bootstrap\\HandleExceptions.php(270): Illuminate\\Foundation\\Bootstrap\\HandleExceptions->handleError()
#1 E:\\Apache24\\htdocs\\medify_test-development\\storage\\framework\\views\\ee9e9e73a412c95f97c6844b56b6ed3b8cff893c.php(126): Illuminate\\Foundation\\Bootstrap\\HandleExceptions->Illuminate\\Foundation\\Bootstrap\\{closure}()
#2 E:\\Apache24\\htdocs\\medify_test-development\\vendor\\laravel\\framework\\src\\Illuminate\\Filesystem\\Filesystem.php(109): require('...')
#3 E:\\Apache24\\htdocs\\medify_test-development\\vendor\\laravel\\framework\\src\\Illuminate\\Filesystem\\Filesystem.php(110): Illuminate\\Filesystem\\Filesystem::Illuminate\\Filesystem\\{closure}()
#4 E:\\Apache24\\htdocs\\medify_test-development\\vendor\\laravel\\framework\\src\\Illuminate\\View\\Engines\\PhpEngine.php(58): Illuminate\\Filesystem\\Filesystem->getRequire()
#5 E:\\Apache24\\htdocs\\medify_test-development\\vendor\\laravel\\framework\\src\\Illuminate\\View\\Engines\\CompilerEngine.php(70): Illuminate\\View\\Engines\\PhpEngine->evaluatePath()
#6 E:\\Apache24\\htdocs\\medify_test-development\\vendor\\laravel\\framework\\src\\Illuminate\\View\\View.php(195): Illuminate\\View\\Engines\\CompilerEngine->get()
#7 E:\\Apache24\\htdocs\\medify_test-development\\vendor\\laravel\\framework\\src\\Illuminate\\View\\View.php(178): Illuminate\\View\\View->getContents()
#8 E:\\Apache24\\htdocs\\medify_test-development\\vendor\\laravel\\framework\\src\\Illuminate\\View\\View.php(147): Illuminate\\View\\View->renderContents()
#9 E:\\Apache24\\htdocs\\medify_test-development\\storage\\framework\\views\\aed922246db696779f6f9f5765e26501a70a8ea5.php(17): Illuminate\\View\\View->render()
#10 E:\\Apache24\\htdocs\\medify_test-development\\vendor\\laravel\\framework\\src\\Illuminate\\Filesystem\\Filesystem.php(109): require('...')
#11 E:\\Apache24\\htdocs\\medify_test-development\\vendor\\laravel\\framework\\src\\Illuminate\\Filesystem\\Filesystem.php(110): Illuminate\\Filesystem\\Filesystem::Illuminate\\Filesystem\\{closure}()
#12 E:\\Apache24\\htdocs\\medify_test-development\\vendor\\laravel\\framework\\src\\Illuminate\\View\\Engines\\PhpEngine.php(58): Illuminate\\Filesystem\\Filesystem->getRequire()
#13 E:\\Apache24\\htdocs\\medify_test-development\\vendor\\laravel\\framework\\src\\Illuminate\\View\\Engines\\CompilerEngine.php(70): Illuminate\\View\\Engines\\PhpEngine->evaluatePath()
#14 E:\\Apache24\\htdocs\\medify_test-development\\vendor\\laravel\\framework\\src\\Illuminate\\View\\View.php(195): Illuminate\\View\\Engines\\CompilerEngine->get()
#15 E:\\Apache24\\htdocs\\medify_test-development\\vendor\\laravel\\framework\\src\\Illuminate\\View\\View.php(178): Illuminate\\View\\View->getContents()
#16 E:\\Apache24\\htdocs\\medify_test-development\\vendor\\laravel\\framework\\src\\Illuminate\\View\\View.php(147): Illuminate\\View\\View->renderContents()
#17 E:\\Apache24\\htdocs\\medify_test-development\\vendor\\laravel\\framework\\src\\Illuminate\\Http\\Response.php(69): Illuminate\\View\\View->render()
#18 E:\\Apache24\\htdocs\\medify_test-development\\vendor\\laravel\\framework\\src\\Illuminate\\Http\\Response.php(35): Illuminate\\Http\\Response->setContent()
#19 E:\\Apache24\\htdocs\\medify_test-development\\vendor\\laravel\\framework\\src\\Illuminate\\Routing\\Router.php(906): Illuminate\\Http\\Response->__construct()
#20 E:\\Apache24\\htdocs\\medify_test-development\\vendor\\laravel\\framework\\src\\Illuminate\\Routing\\Router.php(875): Illuminate\\Routing\\Router::toResponse()
#21 E:\\Apache24\\htdocs\\medify_test-development\\vendor\\laravel\\framework\\src\\Illuminate\\Routing\\Router.php(797): Illuminate\\Routing\\Router->prepareResponse()
#22 E:\\Apache24\\htdocs\\medify_test-development\\vendor\\laravel\\framework\\src\\Illuminate\\Pipeline\\Pipeline.php(141): Illuminate\\Routing\\Router->Illuminate\\Routing\\{closure}()
#23 E:\\Apache24\\htdocs\\medify_test-development\\vendor\\laravel\\framework\\src\\Illuminate\\Routing\\Middleware\\SubstituteBindings.php(50): Illuminate\\Pipeline\\Pipeline->Illuminate\\Pipeline\\{closure}()
#24 E:\\Apache24\\htdocs\\medify_test-development\\vendor\\laravel\\framework\\src\\Illuminate\\Pipeline\\Pipeline.php(180): Illuminate\\Routing\\Middleware\\SubstituteBindings->handle()
#25 E:\\Apache24\\htdocs\\medify_test-development\\vendor\\laravel\\framework\\src\\Illuminate\\Foundation\\Http\\Middleware\\VerifyCsrfToken.php(78): Illuminate\\Pipeline\\Pipeline->Illuminate\\Pipeline\\{closure}()
#26 E:\\Apache24\\htdocs\\medify_test-development\\vendor\\laravel\\framework\\src\\Illuminate\\Pipeline\\Pipeline.php(180): Illuminate\\Foundation\\Http\\Middleware\\VerifyCsrfToken->handle()
#27 E:\\Apache24\\htdocs\\medify_test-development\\vendor\\laravel\\framework\\src\\Illuminate\\View\\Middleware\\ShareErrorsFromSession.php(49): Illuminate\\Pipeline\\Pipeline->Illuminate\\Pipeline\\{closure}()
#28 E:\\Apache24\\htdocs\\medify_test-development\\vendor\\laravel\\framework\\src\\Illuminate\\Pipeline\\Pipeline.php(180): Illuminate\\View\\Middleware\\ShareErrorsFromSession->handle()
#29 E:\\Apache24\\htdocs\\medify_test-development\\vendor\\laravel\\framework\\src\\Illuminate\\Session\\Middleware\\StartSession.php(121): Illuminate\\Pipeline\\Pipeline->Illuminate\\Pipeline\\{closure}()
#30 E:\\Apache24\\htdocs\\medify_test-development\\vendor\\laravel\\framework\\src\\Illuminate\\Session\\Middleware\\StartSession.php(64): Illuminate\\Session\\Middleware\\StartSession->handleStatefulRequest()
#31 E:\\Apache24\\htdocs\\medify_test-development\\vendor\\laravel\\framework\\src\\Illuminate\\Pipeline\\Pipeline.php(180): Illuminate\\Session\\Middleware\\StartSession->handle()
#32 E:\\Apache24\\htdocs\\medify_test-development\\vendor\\laravel\\framework\\src\\Illuminate\\Cookie\\Middleware\\AddQueuedCookiesToResponse.php(37): Illuminate\\Pipeline\\Pipeline->Illuminate\\Pipeline\\{closure}()
#33 E:\\Apache24\\htdocs\\medify_test-development\\vendor\\laravel\\framework\\src\\Illuminate\\Pipeline\\Pipeline.php(180): Illuminate\\Cookie\\Middleware\\AddQueuedCookiesToResponse->handle()
#34 E:\\Apache24\\htdocs\\medify_test-development\\vendor\\laravel\\framework\\src\\Illuminate\\Cookie\\Middleware\\EncryptCookies.php(67): Illuminate\\Pipeline\\Pipeline->Illuminate\\Pipeline\\{closure}()
#35 E:\\Apache24\\htdocs\\medify_test-development\\vendor\\laravel\\framework\\src\\Illuminate\\Pipeline\\Pipeline.php(180): Illuminate\\Cookie\\Middleware\\EncryptCookies->handle()
#36 E:\\Apache24\\htdocs\\medify_test-development\\vendor\\laravel\\framework\\src\\Illuminate\\Pipeline\\Pipeline.php(116): Illuminate\\Pipeline\\Pipeline->Illuminate\\Pipeline\\{closure}()
#37 E:\\Apache24\\htdocs\\medify_test-development\\vendor\\laravel\\framework\\src\\Illuminate\\Routing\\Router.php(797): Illuminate\\Pipeline\\Pipeline->then()
#38 E:\\Apache24\\htdocs\\medify_test-development\\vendor\\laravel\\framework\\src\\Illuminate\\Routing\\Router.php(776): Illuminate\\Routing\\Router->runRouteWithinStack()
#39 E:\\Apache24\\htdocs\\medify_test-development\\vendor\\laravel\\framework\\src\\Illuminate\\Routing\\Router.php(740): Illuminate\\Routing\\Router->runRoute()
#40 E:\\Apache24\\htdocs\\medify_test-development\\vendor\\laravel\\framework\\src\\Illuminate\\Routing\\Router.php(729): Illuminate\\Routing\\Router->dispatchToRoute()
#41 E:\\Apache24\\htdocs\\medify_test-development\\vendor\\laravel\\framework\\src\\Illuminate\\Foundation\\Http\\Kernel.php(190): Illuminate\\Routing\\Router->dispatch()
#42 E:\\Apache24\\htdocs\\medify_test-development\\vendor\\laravel\\framework\\src\\Illuminate\\Pipeline\\Pipeline.php(141): Illuminate\\Foundation\\Http\\Kernel->Illuminate\\Foundation\\Http\\{closure}()
#43 E:\\Apache24\\htdocs\\medify_test-development\\vendor\\laravel\\framework\\src\\Illuminate\\Foundation\\Http\\Middleware\\TransformsRequest.php(21): Illuminate\\Pipeline\\Pipeline->Illuminate\\Pipeline\\{closure}()
#44 E:\\Apache24\\htdocs\\medify_test-development\\vendor\\laravel\\framework\\src\\Illuminate\\Foundation\\Http\\Middleware\\ConvertEmptyStringsToNull.php(31): Illuminate\\Foundation\\Http\\Middleware\\TransformsRequest->handle()
#45 E:\\Apache24\\htdocs\\medify_test-development\\vendor\\laravel\\framework\\src\\Illuminate\\Pipeline\\Pipeline.php(180): Illuminate\\Foundation\\Http\\Middleware\\ConvertEmptyStringsToNull->handle()
#46 E:\\Apache24\\htdocs\\medify_test-development\\vendor\\laravel\\framework\\src\\Illuminate\\Foundation\\Http\\Middleware\\TransformsRequest.php(21): Illuminate\\Pipeline\\Pipeline->Illuminate\\Pipeline\\{closure}()
#47 E:\\Apache24\\htdocs\\medify_test-development\\vendor\\laravel\\framework\\src\\Illuminate\\Foundation\\Http\\Middleware\\TrimStrings.php(40): Illuminate\\Foundation\\Http\\Middleware\\TransformsRequest->handle()
#48 E:\\Apache24\\htdocs\\medify_test-development\\vendor\\laravel\\framework\\src\\Illuminate\\Pipeline\\Pipeline.php(180): Illuminate\\Foundation\\Http\\Middleware\\TrimStrings->handle()
#49 E:\\Apache24\\htdocs\\medify_test-development\\vendor\\laravel\\framework\\src\\Illuminate\\Foundation\\Http\\Middleware\\ValidatePostSize.php(27): Illuminate\\Pipeline\\Pipeline->Illuminate\\Pipeline\\{closure}()
#50 E:\\Apache24\\htdocs\\medify_test-development\\vendor\\laravel\\framework\\src\\Illuminate\\Pipeline\\Pipeline.php(180): Illuminate\\Foundation\\Http\\Middleware\\ValidatePostSize->handle()
#51 E:\\Apache24\\htdocs\\medify_test-development\\vendor\\laravel\\framework\\src\\Illuminate\\Foundation\\Http\\Middleware\\PreventRequestsDuringMaintenance.php(86): Illuminate\\Pipeline\\Pipeline->Illuminate\\Pipeline\\{closure}()
#52 E:\\Apache24\\htdocs\\medify_test-development\\vendor\\laravel\\framework\\src\\Illuminate\\Pipeline\\Pipeline.php(180): Illuminate\\Foundation\\Http\\Middleware\\PreventRequestsDuringMaintenance->handle()
#53 E:\\Apache24\\htdocs\\medify_test-development\\vendor\\laravel\\framework\\src\\Illuminate\\Http\\Middleware\\HandleCors.php(49): Illuminate\\Pipeline\\Pipeline->Illuminate\\Pipeline\\{closure}()
#54 E:\\Apache24\\htdocs\\medify_test-development\\vendor\\laravel\\framework\\src\\Illuminate\\Pipeline\\Pipeline.php(180): Illuminate\\Http\\Middleware\\HandleCors->handle()
#55 E:\\Apache24\\htdocs\\medify_test-development\\vendor\\laravel\\framework\\src\\Illuminate\\Http\\Middleware\\TrustProxies.php(39): Illuminate\\Pipeline\\Pipeline->Illuminate\\Pipeline\\{closure}()
#56 E:\\Apache24\\htdocs\\medify_test-development\\vendor\\laravel\\framework\\src\\Illuminate\\Pipeline\\Pipeline.php(180): Illuminate\\Http\\Middleware\\TrustProxies->handle()
#57 E:\\Apache24\\htdocs\\medify_test-development\\vendor\\laravel\\framework\\src\\Illuminate\\Pipeline\\Pipeline.php(116): Illuminate\\Pipeline\\Pipeline->Illuminate\\Pipeline\\{closure}()
#58 E:\\Apache24\\htdocs\\medify_test-development\\vendor\\laravel\\framework\\src\\Illuminate\\Foundation\\Http\\Kernel.php(165): Illuminate\\Pipeline\\Pipeline->then()
#59 E:\\Apache24\\htdocs\\medify_test-development\\vendor\\laravel\\framework\\src\\Illuminate\\Foundation\\Http\\Kernel.php(134): Illuminate\\Foundation\\Http\\Kernel->sendRequestThroughRouter()
#60 E:\\Apache24\\htdocs\\medify_test-development\\public\\index.php(51): Illuminate\\Foundation\\Http\\Kernel->handle()
#61 E:\\Apache24\\htdocs\\medify_test-development\\vendor\\laravel\\framework\\src\\Illuminate\\Foundation\\resources\\server.php(16): require_once('...')
#62 {main}
"} 
[2026-10-06 06:42:53] local.ERROR: SQLSTATE[42S02]: Base table or view not found: 1146 Table 'medify_test.kategoris' doesn't exist (SQL: select * from `kategoris`) {"userId":1,"exception":"[object] (Illuminate\\Database\\QueryException(code: 42S02): SQLSTATE[42S02]: Base table or view not found: 1146 Table 'medify_test.kategoris' doesn't exist (SQL: select * from `kategoris`) at E:\\Apache24\\htdocs\\medify_test-development\\vendor\\laravel\\framework\\src\\Illuminate\\Database\\Connection.php:760)
[stacktrace]
#0 E:\\Apache24\\htdocs\\medify_test-development\\vendor\\laravel\\framework\\src\\Illuminate\\Database\\Connection.php(720): Illuminate\\Database\\Connection->runQueryCallback()
#1 E:\\Apache24\\htdocs\\medify_test-development\\vendor\\laravel\\framework\\src\\Illuminate\\Database\\Connection.php(405): Illuminate\\Database\\Connection->run()
#2 E:\\Apache24\\htdocs\\medify_test-development\\vendor\\laravel\\framework\\src\\Illuminate\\Database\\Query\\Builder.php(2705): Illuminate\\Database\\Connection->select()
#3 E:\\Apache24\\htdocs\\medify_test-development\\vendor\\laravel\\framework\\src\\Illuminate\\Database\\Query\\Builder.php(2694): Illuminate\\Database\\Query\\Builder->runSelect()
#4 E:\\Apache24\\htdocs\\medify_test-development\\vendor\\laravel\\framework\\src\\Illuminate\\Database\\Query\\Builder.php(3230): Illuminate\\Database\\Query\\Builder->Illuminate\\Database\\Query\\{closure}()
#5 E:\\Apache24\\htdocs\\medify_test-development\\vendor\\laravel\\framework\\src\\Illuminate\\Database\\Query\\Builder.php(2693): Illuminate\\Database\\Query\\Builder->onceWithColumns()
#6 E:\\Apache24\\htdocs\\medify_test-development\\vendor\\laravel\\framework\\src\\Illuminate\\Database\\Eloquent\\Builder.php(710): Illuminate\\Database\\Query\\Builder->get()
#7 E:\\Apache24\\htdocs\\medify_test-development\\vendor\\laravel\\framework\\src\\Illuminate\\Database\\Eloquent\\Builder.php(694): Illuminate\\Database\\Eloquent\\Builder->getModels()
#8 E:\\Apache24\\htdocs\\medify_test-development\\app\\Http\\Controllers\\KategoriController.php(24): Illuminate\\Database\\Eloquent\\Builder->get()
#9 E:\\Apache24\\htdocs\\medify_test-development\\vendor\\laravel\\framework\\src\\Illuminate\\Routing\\Controller.php(54): App\\Http\\Controllers\\KategoriController->index()
#10 E:\\Apache24\\htdocs\\medify_test-development\\vendor\\laravel\\framework\\src\\Illuminate\\Routing\\ControllerDispatcher.php(43): Illuminate\\Routing\\Controller->callAction()
#11 E:\\Apache24\\htdocs\\medify_test-development\\vendor\\laravel\\framework\\src\\Illuminate\\Routing\\Route.php(259): Illuminate\\Routing\\ControllerDispatcher->dispatch()
#12 E:\\Apache24\\htdocs\\medify_test-development\\vendor\\laravel\\framework\\src\\Illuminate\\Routing\\Route.php(205): Illuminate\\Routing\\Route->runController()
#13 E:\\Apache24\\htdocs\\medify_test-development\\vendor\\laravel\\framework\\src\\Illuminate\\Routing\\Router.php(798): Illuminate\\Routing\\Route->run()
#14 E:\\Apache24\\htdocs\\medify_test-development\\vendor\\laravel\\framework\\src\\Illuminate\\Pipeline\\Pipeline.php(141): Illuminate\\Routing\\Router->Illuminate\\Routing\\{closure}()
#15 E:\\Apache24\\htdocs\\medify_test-development\\vendor\\laravel\\framework\\src\\Illuminate\\Routing\\Middleware\\SubstituteBindings.php(50): Illuminate\\Pipeline\\Pipeline->Illuminate\\Pipeline\\{closure}()
#16 E:\\Apache24\\htdocs\\medify_test-development\\vendor\\laravel\\framework\\src\\Illuminate\\Pipeline\\Pipeline.php(180): Illuminate\\Routing\\Middleware\\SubstituteBindings->handle()
#17 E:\\Apache24\\htdocs\\medify_test-development\\vendor\\laravel\\framework\\src\\Illuminate\\Foundation\\Http\\Middleware\\VerifyCsrfToken.php(78): Illuminate\\Pipeline\\Pipeline->Illuminate\\Pipeline\\{closure}()
#18 E:\\Apache24\\htdocs\\medify_test-development\\vendor\\laravel\\framework\\src\\Illuminate\\Pipeline\\Pipeline.php(180): Illuminate\\Foundation\\Http\\Middleware\\VerifyCsrfToken->handle()
#19 E:\\Apache24\\htdocs\\medify_test-development\\vendor\\laravel\\framework\\src\\Illuminate\\View\\Middleware\\ShareErrorsFromSession.php(49): Illuminate\\Pipeline\\Pipeline->Illuminate\\Pipeline\\{closure}()
#20 E:\\Apache24\\htdocs\\medify_test-development\\vendor\\laravel\\framework\\src\\Illuminate\\Pipeline\\Pipeline.php(180): Illuminate\\View\\Middleware\\ShareErrorsFromSession->handle()
#21 E:\\Apache24\\htdocs\\medify_test-development\\vendor\\laravel\\framework\\src\\Illuminate\\Session\\Middleware\\StartSession.php(121): Illuminate\\Pipeline\\Pipeline->Illuminate\\Pipeline\\{closure}()
#22 E:\\Apache24\\htdocs\\medify_test-development\\vendor\\laravel\\framework\\src\\Illuminate\\Session\\Middleware\\StartSession.php(64): Illuminate\\Session\\Middleware\\StartSession->handleStatefulRequest()
#23 E:\\Apache24\\htdocs\\medify_test-development\\vendor\\laravel\\framework\\src\\Illuminate\\Pipeline\\Pipeline.php(180): Illuminate\\Session\\Middleware\\StartSession->handle()
#24 E:\\Apache24\\htdocs\\medify_test-development\\vendor\\laravel\\framework\\src\\Illuminate\\Cookie\\Middleware\\AddQueuedCookiesToResponse.php(37): Illuminate\\Pipeline\\Pipeline->Illuminate\\Pipeline\\{closure}()
#25 E:\\Apache24\\htdocs\\medify_test-development\\vendor\\laravel\\framework\\src\\Illuminate\\Pipeline\\Pipeline.php(180): Illuminate\\Cookie\\Middleware\\AddQueuedCookiesToResponse->handle()
#26 E:\\Apache24\\htdocs\\medify_test-development\\vendor\\laravel\\framework\\src\\Illuminate\\Cookie\\Middleware\\EncryptCookies.php(67): Illuminate\\Pipeline\\Pipeline->Illuminate\\Pipeline\\{closure}()
#27 E:\\Apache24\\htdocs\\medify_test-development\\vendor\\laravel\\framework\\src\\Illuminate\\Pipeline\\Pipeline.php(180): Illuminate\\Cookie\\Middleware\\EncryptCookies->handle()
#28 E:\\Apache24\\htdocs\\medify_test-development\\vendor\\laravel\\framework\\src\\Illuminate\\Pipeline\\Pipeline.php(116): Illuminate\\Pipeline\\Pipeline->Illuminate\\Pipeline\\{closure}()
#29 E:\\Apache24\\htdocs\\medify_test-development\\vendor\\laravel\\framework\\src\\Illuminate\\Routing\\Router.php(797): Illuminate\\Pipeline\\Pipeline->then()
#30 E:\\Apache24\\htdocs\\medify_test-development\\vendor\\laravel\\framework\\src\\Illuminate\\Routing\\Router.php(776): Illuminate\\Routing\\Router->runRouteWithinStack()
#31 E:\\Apache24\\htdocs\\medify_test-development\\vendor\\laravel\\framework\\src\\Illuminate\\Routing\\Router.php(740): Illuminate\\Routing\\Router->runRoute()
#32 E:\\Apache24\\htdocs\\medify_test-development\\vendor\\laravel\\framework\\src\\Illuminate\\Routing\\Router.php(729): Illuminate\\Routing\\Router->dispatchToRoute()
#33 E:\\Apache24\\htdocs\\medify_test-development\\vendor\\laravel\\framework\\src\\Illuminate\\Foundation\\Http\\Kernel.php(190): Illuminate\\Routing\\Router->dispatch()
#34 E:\\Apache24\\htdocs\\medify_test-development\\vendor\\laravel\\framework\\src\\Illuminate\\Pipeline\\Pipeline.php(141): Illuminate\\Foundation\\Http\\Kernel->Illuminate\\Foundation\\Http\\{closure}()
#35 E:\\Apache24\\htdocs\\medify_test-development\\vendor\\laravel\\framework\\src\\Illuminate\\Foundation\\Http\\Middleware\\TransformsRequest.php(21): Illuminate\\Pipeline\\Pipeline->Illuminate\\Pipeline\\{closure}()
#36 E:\\Apache24\\htdocs\\medify_test-development\\vendor\\laravel\\framework\\src\\Illuminate\\Foundation\\Http\\Middleware\\ConvertEmptyStringsToNull.php(31): Illuminate\\Foundation\\Http\\Middleware\\TransformsRequest->handle()
#37 E:\\Apache24\\htdocs\\medify_test-development\\vendor\\laravel\\framework\\src\\Illuminate\\Pipeline\\Pipeline.php(180): Illuminate\\Foundation\\Http\\Middleware\\ConvertEmptyStringsToNull->handle()
#38 E:\\Apache24\\htdocs\\medify_test-development\\vendor\\laravel\\framework\\src\\Illuminate\\Foundation\\Http\\Middleware\\TransformsRequest.php(21): Illuminate\\Pipeline\\Pipeline->Illuminate\\Pipeline\\{closure}()
#39 E:\\Apache24\\htdocs\\medify_test-development\\vendor\\laravel\\framework\\src\\Illuminate\\Foundation\\Http\\Middleware\\TrimStrings.php(40): Illuminate\\Foundation\\Http\\Middleware\\TransformsRequest->handle()
#40 E:\\Apache24\\htdocs\\medify_test-development\\vendor\\laravel\\framework\\src\\Illuminate\\Pipeline\\Pipeline.php(180): Illuminate\\Foundation\\Http\\Middleware\\TrimStrings->handle()
#41 E:\\Apache24\\htdocs\\medify_test-development\\vendor\\laravel\\framework\\src\\Illuminate\\Foundation\\Http\\Middleware\\ValidatePostSize.php(27): Illuminate\\Pipeline\\Pipeline->Illuminate\\Pipeline\\{closure}()
#42 E:\\Apache24\\htdocs\\medify_test-development\\vendor\\laravel\\framework\\src\\Illuminate\\Pipeline\\Pipeline.php(180): Illuminate\\Foundation\\Http\\Middleware\\ValidatePostSize->handle()
#43 E:\\Apache24\\htdocs\\medify_test-development\\vendor\\laravel\\framework\\src\\Illuminate\\Foundation\\Http\\Middleware\\PreventRequestsDuringMaintenance.php(86): Illuminate\\Pipeline\\Pipeline->Illuminate\\Pipeline\\{closure}()
#44 E:\\Apache24\\htdocs\\medify_test-development\\vendor\\laravel\\framework\\src\\Illuminate\\Pipeline\\Pipeline.php(180): Illuminate\\Foundation\\Http\\Middleware\\PreventRequestsDuringMaintenance->handle()
#45 E:\\Apache24\\htdocs\\medify_test-development\\vendor\\laravel\\framework\\src\\Illuminate\\Http\\Middleware\\HandleCors.php(49): Illuminate\\Pipeline\\Pipeline->Illuminate\\Pipeline\\{closure}()
#46 E:\\Apache24\\htdocs\\medify_test-development\\vendor\\laravel\\framework\\src\\Illuminate\\Pipeline\\Pipeline.php(180): Illuminate\\Http\\Middleware\\HandleCors->handle()
#47 E:\\Apache24\\htdocs\\medify_test-development\\vendor\\laravel\\framework\\src\\Illuminate\\Http\\Middleware\\TrustProxies.php(39): Illuminate\\Pipeline\\Pipeline->Illuminate\\Pipeline\\{closure}()
#48 E:\\Apache24\\htdocs\\medify_test-development\\vendor\\laravel\\framework\\src\\Illuminate\\Pipeline\\Pipeline.php(180): Illuminate\\Http\\Middleware\\TrustProxies->handle()
#49 E:\\Apache24\\htdocs\\medify_test-development\\vendor\\laravel\\framework\\src\\Illuminate\\Pipeline\\Pipeline.php(116): Illuminate\\Pipeline\\Pipeline->Illuminate\\Pipeline\\{closure}()
#50 E:\\Apache24\\htdocs\\medify_test-development\\vendor\\laravel\\framework\\src\\Illuminate\\Foundation\\Http\\Kernel.php(165): Illuminate\\Pipeline\\Pipeline->then()
#51 E:\\Apache24\\htdocs\\medify_test-development\\vendor\\laravel\\framework\\src\\Illuminate\\Foundation\\Http\\Kernel.php(134): Illuminate\\Foundation\\Http\\Kernel->sendRequestThroughRouter()
#52 E:\\Apache24\\htdocs\\medify_test-development\\public\\index.php(51): Illuminate\\Foundation\\Http\\Kernel->handle()
#53 E:\\Apache24\\htdocs\\medify_test-development\\vendor\\laravel\\framework\\src\\Illuminate\\Foundation\\resources\\server.php(16): require_once('...')
#54 {main}

[previous exception] [object] (PDOException(code: 42S02): SQLSTATE[42S02]: Base table or view not found: 1146 Table 'medify_test.kategoris' doesn't exist at E:\\Apache24\\htdocs\\medify_test-development\\vendor\\laravel\\framework\\src\\Illuminate\\Database\\Connection.php:414)
[stacktrace]
#0 E:\\Apache24\\htdocs\\medify_test-development\\vendor\\laravel\\framework\\src\\Illuminate\\Database\\Connection.php(414): PDO->prepare()
#1 E:\\Apache24\\htdocs\\medify_test-development\\vendor\\laravel\\framework\\src\\Illuminate\\Database\\Connection.php(753): Illuminate\\Database\\Connection->Illuminate\\Database\\{closure}()
#2 E:\\Apache24\\htdocs\\medify_test-development\\vendor\\laravel\\framework\\src\\Illuminate\\Database\\Connection.php(720): Illuminate\\Database\\Connection->runQueryCallback()
#3 E:\\Apache24\\htdocs\\medify_test-development\\vendor\\laravel\\framework\\src\\Illuminate\\Database\\Connection.php(405): Illuminate\\Database\\Connection->run()
#4 E:\\Apache24\\htdocs\\medify_test-development\\vendor\\laravel\\framework\\src\\Illuminate\\Database\\Query\\Builder.php(2705): Illuminate\\Database\\Connection->select()
#5 E:\\Apache24\\htdocs\\medify_test-development\\vendor\\laravel\\framework\\src\\Illuminate\\Database\\Query\\Builder.php(2694): Illuminate\\Database\\Query\\Builder->runSelect()
#6 E:\\Apache24\\htdocs\\medify_test-development\\vendor\\laravel\\framework\\src\\Illuminate\\Database\\Query\\Builder.php(3230): Illuminate\\Database\\Query\\Builder->Illuminate\\Database\\Query\\{closure}()
#7 E:\\Apache24\\htdocs\\medify_test-development\\vendor\\laravel\\framework\\src\\Illuminate\\Database\\Query\\Builder.php(2693): Illuminate\\Database\\Query\\Builder->onceWithColumns()
#8 E:\\Apache24\\htdocs\\medify_test-development\\vendor\\laravel\\framework\\src\\Illuminate\\Database\\Eloquent\\Builder.php(710): Illuminate\\Database\\Query\\Builder->get()
#9 E:\\Apache24\\htdocs\\medify_test-development\\vendor\\laravel\\framework\\src\\Illuminate\\Database\\Eloquent\\Builder.php(694): Illuminate\\Database\\Eloquent\\Builder->getModels()
#10 E:\\Apache24\\htdocs\\medify_test-development\\app\\Http\\Controllers\\KategoriController.php(24): Illuminate\\Database\\Eloquent\\Builder->get()
#11 E:\\Apache24\\htdocs\\medify_test-development\\vendor\\laravel\\framework\\src\\Illuminate\\Routing\\Controller.php(54): App\\Http\\Controllers\\KategoriController->index()
#12 E:\\Apache24\\htdocs\\medify_test-development\\vendor\\laravel\\framework\\src\\Illuminate\\Routing\\ControllerDispatcher.php(43): Illuminate\\Routing\\Controller->callAction()
#13 E:\\Apache24\\htdocs\\medify_test-development\\vendor\\laravel\\framework\\src\\Illuminate\\Routing\\Route.php(259): Illuminate\\Routing\\ControllerDispatcher->dispatch()
#14 E:\\Apache24\\htdocs\\medify_test-development\\vendor\\laravel\\framework\\src\\Illuminate\\Routing\\Route.php(205): Illuminate\\Routing\\Route->runController()
#15 E:\\Apache24\\htdocs\\medify_test-development\\vendor\\laravel\\framework\\src\\Illuminate\\Routing\\Router.php(798): Illuminate\\Routing\\Route->run()
#16 E:\\Apache24\\htdocs\\medify_test-development\\vendor\\laravel\\framework\\src\\Illuminate\\Pipeline\\Pipeline.php(141): Illuminate\\Routing\\Router->Illuminate\\Routing\\{closure}()
#17 E:\\Apache24\\htdocs\\medify_test-development\\vendor\\laravel\\framework\\src\\Illuminate\\Routing\\Middleware\\SubstituteBindings.php(50): Illuminate\\Pipeline\\Pipeline->Illuminate\\Pipeline\\{closure}()
#18 E:\\Apache24\\htdocs\\medify_test-development\\vendor\\laravel\\framework\\src\\Illuminate\\Pipeline\\Pipeline.php(180): Illuminate\\Routing\\Middleware\\SubstituteBindings->handle()
#19 E:\\Apache24\\htdocs\\medify_test-development\\vendor\\laravel\\framework\\src\\Illuminate\\Foundation\\Http\\Middleware\\VerifyCsrfToken.php(78): Illuminate\\Pipeline\\Pipeline->Illuminate\\Pipeline\\{closure}()
#20 E:\\Apache24\\htdocs\\medify_test-development\\vendor\\laravel\\framework\\src\\Illuminate\\Pipeline\\Pipeline.php(180): Illuminate\\Foundation\\Http\\Middleware\\VerifyCsrfToken->handle()
#21 E:\\Apache24\\htdocs\\medify_test-development\\vendor\\laravel\\framework\\src\\Illuminate\\View\\Middleware\\ShareErrorsFromSession.php(49): Illuminate\\Pipeline\\Pipeline->Illuminate\\Pipeline\\{closure}()
#22 E:\\Apache24\\htdocs\\medify_test-development\\vendor\\laravel\\framework\\src\\Illuminate\\Pipeline\\Pipeline.php(180): Illuminate\\View\\Middleware\\ShareErrorsFromSession->handle()
#23 E:\\Apache24\\htdocs\\medify_test-development\\vendor\\laravel\\framework\\src\\Illuminate\\Session\\Middleware\\StartSession.php(121): Illuminate\\Pipeline\\Pipeline->Illuminate\\Pipeline\\{closure}()
#24 E:\\Apache24\\htdocs\\medify_test-development\\vendor\\laravel\\framework\\src\\Illuminate\\Session\\Middleware\\StartSession.php(64): Illuminate\\Session\\Middleware\\StartSession->handleStatefulRequest()
#25 E:\\Apache24\\htdocs\\medify_test-development\\vendor\\laravel\\framework\\src\\Illuminate\\Pipeline\\Pipeline.php(180): Illuminate\\Session\\Middleware\\StartSession->handle()
#26 E:\\Apache24\\htdocs\\medify_test-development\\vendor\\laravel\\framework\\src\\Illuminate\\Cookie\\Middleware\\AddQueuedCookiesToResponse.php(37): Illuminate\\Pipeline\\Pipeline->Illuminate\\Pipeline\\{closure}()
#27 E:\\Apache24\\htdocs\\medify_test-development\\vendor\\laravel\\framework\\src\\Illuminate\\Pipeline\\Pipeline.php(180): Illuminate\\Cookie\\Middleware\\AddQueuedCookiesToResponse->handle()
#28 E:\\Apache24\\htdocs\\medify_test-development\\vendor\\laravel\\framework\\src\\Illuminate\\Cookie\\Middleware\\EncryptCookies.php(67): Illuminate\\Pipeline\\Pipeline->Illuminate\\Pipeline\\{closure}()
#29 E:\\Apache24\\htdocs\\medify_test-development\\vendor\\laravel\\framework\\src\\Illuminate\\Pipeline\\Pipeline.php(180): Illuminate\\Cookie\\Middleware\\EncryptCookies->handle()
#30 E:\\Apache24\\htdocs\\medify_test-development\\vendor\\laravel\\framework\\src\\Illuminate\\Pipeline\\Pipeline.php(116): Illuminate\\Pipeline\\Pipeline->Illuminate\\Pipeline\\{closure}()
#31 E:\\Apache24\\htdocs\\medify_test-development\\vendor\\laravel\\framework\\src\\Illuminate\\Routing\\Router.php(797): Illuminate\\Pipeline\\Pipeline->then()
#32 E:\\Apache24\\htdocs\\medify_test-development\\vendor\\laravel\\framework\\src\\Illuminate\\Routing\\Router.php(776): Illuminate\\Routing\\Router->runRouteWithinStack()
#33 E:\\Apache24\\htdocs\\medify_test-development\\vendor\\laravel\\framework\\src\\Illuminate\\Routing\\Router.php(740): Illuminate\\Routing\\Router->runRoute()
#34 E:\\Apache24\\htdocs\\medify_test-development\\vendor\\laravel\\framework\\src\\Illuminate\\Routing\\Router.php(729): Illuminate\\Routing\\Router->dispatchToRoute()
#35 E:\\Apache24\\htdocs\\medify_test-development\\vendor\\laravel\\framework\\src\\Illuminate\\Foundation\\Http\\Kernel.php(190): Illuminate\\Routing\\Router->dispatch()
#36 E:\\Apache24\\htdocs\\medify_test-development\\vendor\\laravel\\framework\\src\\Illuminate\\Pipeline\\Pipeline.php(141): Illuminate\\Foundation\\Http\\Kernel->Illuminate\\Foundation\\Http\\{closure}()
#37 E:\\Apache24\\htdocs\\medify_test-development\\vendor\\laravel\\framework\\src\\Illuminate\\Foundation\\Http\\Middleware\\TransformsRequest.php(21): Illuminate\\Pipeline\\Pipeline->Illuminate\\Pipeline\\{closure}()
#38 E:\\Apache24\\htdocs\\medify_test-development\\vendor\\laravel\\framework\\src\\Illuminate\\Foundation\\Http\\Middleware\\ConvertEmptyStringsToNull.php(31): Illuminate\\Foundation\\Http\\Middleware\\TransformsRequest->handle()
#39 E:\\Apache24\\htdocs\\medify_test-development\\vendor\\laravel\\framework\\src\\Illuminate\\Pipeline\\Pipeline.php(180): Illuminate\\Foundation\\Http\\Middleware\\ConvertEmptyStringsToNull->handle()
#40 E:\\Apache24\\htdocs\\medify_test-development\\vendor\\laravel\\framework\\src\\Illuminate\\Foundation\\Http\\Middleware\\TransformsRequest.php(21): Illuminate\\Pipeline\\Pipeline->Illuminate\\Pipeline\\{closure}()
#41 E:\\Apache24\\htdocs\\medify_test-development\\vendor\\laravel\\framework\\src\\Illuminate\\Foundation\\Http\\Middleware\\TrimStrings.php(40): Illuminate\\Foundation\\Http\\Middleware\\TransformsRequest->handle()
#42 E:\\Apache24\\htdocs\\medify_test-development\\vendor\\laravel\\framework\\src\\Illuminate\\Pipeline\\Pipeline.php(180): Illuminate\\Foundation\\Http\\Middleware\\TrimStrings->handle()
#43 E:\\Apache24\\htdocs\\medify_test-development\\vendor\\laravel\\framework\\src\\Illuminate\\Foundation\\Http\\Middleware\\ValidatePostSize.php(27): Illuminate\\Pipeline\\Pipeline->Illuminate\\Pipeline\\{closure}()
#44 E:\\Apache24\\htdocs\\medify_test-development\\vendor\\laravel\\framework\\src\\Illuminate\\Pipeline\\Pipeline.php(180): Illuminate\\Foundation\\Http\\Middleware\\ValidatePostSize->handle()
#45 E:\\Apache24\\htdocs\\medify_test-development\\vendor\\laravel\\framework\\src\\Illuminate\\Foundation\\Http\\Middleware\\PreventRequestsDuringMaintenance.php(86): Illuminate\\Pipeline\\Pipeline->Illuminate\\Pipeline\\{closure}()
#46 E:\\Apache24\\htdocs\\medify_test-development\\vendor\\laravel\\framework\\src\\Illuminate\\Pipeline\\Pipeline.php(180): Illuminate\\Foundation\\Http\\Middleware\\PreventRequestsDuringMaintenance->handle()
#47 E:\\Apache24\\htdocs\\medify_test-development\\vendor\\laravel\\framework\\src\\Illuminate\\Http\\Middleware\\HandleCors.php(49): Illuminate\\Pipeline\\Pipeline->Illuminate\\Pipeline\\{closure}()
#48 E:\\Apache24\\htdocs\\medify_test-development\\vendor\\laravel\\framework\\src\\Illuminate\\Pipeline\\Pipeline.php(180): Illuminate\\Http\\Middleware\\HandleCors->handle()
#49 E:\\Apache24\\htdocs\\medify_test-development\\vendor\\laravel\\framework\\src\\Illuminate\\Http\\Middleware\\TrustProxies.php(39): Illuminate\\Pipeline\\Pipeline->Illuminate\\Pipeline\\{closure}()
#50 E:\\Apache24\\htdocs\\medify_test-development\\vendor\\laravel\\framework\\src\\Illuminate\\Pipeline\\Pipeline.php(180): Illuminate\\Http\\Middleware\\TrustProxies->handle()
#51 E:\\Apache24\\htdocs\\medify_test-development\\vendor\\laravel\\framework\\src\\Illuminate\\Pipeline\\Pipeline.php(116): Illuminate\\Pipeline\\Pipeline->Illuminate\\Pipeline\\{closure}()
#52 E:\\Apache24\\htdocs\\medify_test-development\\vendor\\laravel\\framework\\src\\Illuminate\\Foundation\\Http\\Kernel.php(165): Illuminate\\Pipeline\\Pipeline->then()
#53 E:\\Apache24\\htdocs\\medify_test-development\\vendor\\laravel\\framework\\src\\Illuminate\\Foundation\\Http\\Kernel.php(134): Illuminate\\Foundation\\Http\\Kernel->sendRequestThroughRouter()
#54 E:\\Apache24\\htdocs\\medify_test-development\\public\\index.php(51): Illuminate\\Foundation\\Http\\Kernel->handle()
#55 E:\\Apache24\\htdocs\\medify_test-development\\vendor\\laravel\\framework\\src\\Illuminate\\Foundation\\resources\\server.php(16): require_once('...')
#56 {main}
"} 
[2026-10-06 06:47:14] local.ERROR: Method App\Http\Controllers\KategoriController::formView does not exist. {"userId":1,"exception":"[object] (BadMethodCallException(code: 0): Method App\\Http\\Controllers\\KategoriController::formView does not exist. at E:\\Apache24\\htdocs\\medify_test-development\\vendor\\laravel\\framework\\src\\Illuminate\\Routing\\Controller.php:68)
[stacktrace]
#0 E:\\Apache24\\htdocs\\medify_test-development\\vendor\\laravel\\framework\\src\\Illuminate\\Routing\\Controller.php(54): Illuminate\\Routing\\Controller->__call()
#1 E:\\Apache24\\htdocs\\medify_test-development\\vendor\\laravel\\framework\\src\\Illuminate\\Routing\\ControllerDispatcher.php(43): Illuminate\\Routing\\Controller->callAction()
#2 E:\\Apache24\\htdocs\\medify_test-development\\vendor\\laravel\\framework\\src\\Illuminate\\Routing\\Route.php(259): Illuminate\\Routing\\ControllerDispatcher->dispatch()
#3 E:\\Apache24\\htdocs\\medify_test-development\\vendor\\laravel\\framework\\src\\Illuminate\\Routing\\Route.php(205): Illuminate\\Routing\\Route->runController()
#4 E:\\Apache24\\htdocs\\medify_test-development\\vendor\\laravel\\framework\\src\\Illuminate\\Routing\\Router.php(798): Illuminate\\Routing\\Route->run()
#5 E:\\Apache24\\htdocs\\medify_test-development\\vendor\\laravel\\framework\\src\\Illuminate\\Pipeline\\Pipeline.php(141): Illuminate\\Routing\\Router->Illuminate\\Routing\\{closure}()
#6 E:\\Apache24\\htdocs\\medify_test-development\\vendor\\laravel\\framework\\src\\Illuminate\\Routing\\Middleware\\SubstituteBindings.php(50): Illuminate\\Pipeline\\Pipeline->Illuminate\\Pipeline\\{closure}()
#7 E:\\Apache24\\htdocs\\medify_test-development\\vendor\\laravel\\framework\\src\\Illuminate\\Pipeline\\Pipeline.php(180): Illuminate\\Routing\\Middleware\\SubstituteBindings->handle()
#8 E:\\Apache24\\htdocs\\medify_test-development\\vendor\\laravel\\framework\\src\\Illuminate\\Foundation\\Http\\Middleware\\VerifyCsrfToken.php(78): Illuminate\\Pipeline\\Pipeline->Illuminate\\Pipeline\\{closure}()
#9 E:\\Apache24\\htdocs\\medify_test-development\\vendor\\laravel\\framework\\src\\Illuminate\\Pipeline\\Pipeline.php(180): Illuminate\\Foundation\\Http\\Middleware\\VerifyCsrfToken->handle()
#10 E:\\Apache24\\htdocs\\medify_test-development\\vendor\\laravel\\framework\\src\\Illuminate\\View\\Middleware\\ShareErrorsFromSession.php(49): Illuminate\\Pipeline\\Pipeline->Illuminate\\Pipeline\\{closure}()
#11 E:\\Apache24\\htdocs\\medify_test-development\\vendor\\laravel\\framework\\src\\Illuminate\\Pipeline\\Pipeline.php(180): Illuminate\\View\\Middleware\\ShareErrorsFromSession->handle()
#12 E:\\Apache24\\htdocs\\medify_test-development\\vendor\\laravel\\framework\\src\\Illuminate\\Session\\Middleware\\StartSession.php(121): Illuminate\\Pipeline\\Pipeline->Illuminate\\Pipeline\\{closure}()
#13 E:\\Apache24\\htdocs\\medify_test-development\\vendor\\laravel\\framework\\src\\Illuminate\\Session\\Middleware\\StartSession.php(64): Illuminate\\Session\\Middleware\\StartSession->handleStatefulRequest()
#14 E:\\Apache24\\htdocs\\medify_test-development\\vendor\\laravel\\framework\\src\\Illuminate\\Pipeline\\Pipeline.php(180): Illuminate\\Session\\Middleware\\StartSession->handle()
#15 E:\\Apache24\\htdocs\\medify_test-development\\vendor\\laravel\\framework\\src\\Illuminate\\Cookie\\Middleware\\AddQueuedCookiesToResponse.php(37): Illuminate\\Pipeline\\Pipeline->Illuminate\\Pipeline\\{closure}()
#16 E:\\Apache24\\htdocs\\medify_test-development\\vendor\\laravel\\framework\\src\\Illuminate\\Pipeline\\Pipeline.php(180): Illuminate\\Cookie\\Middleware\\AddQueuedCookiesToResponse->handle()
#17 E:\\Apache24\\htdocs\\medify_test-development\\vendor\\laravel\\framework\\src\\Illuminate\\Cookie\\Middleware\\EncryptCookies.php(67): Illuminate\\Pipeline\\Pipeline->Illuminate\\Pipeline\\{closure}()
#18 E:\\Apache24\\htdocs\\medify_test-development\\vendor\\laravel\\framework\\src\\Illuminate\\Pipeline\\Pipeline.php(180): Illuminate\\Cookie\\Middleware\\EncryptCookies->handle()
#19 E:\\Apache24\\htdocs\\medify_test-development\\vendor\\laravel\\framework\\src\\Illuminate\\Pipeline\\Pipeline.php(116): Illuminate\\Pipeline\\Pipeline->Illuminate\\Pipeline\\{closure}()
#20 E:\\Apache24\\htdocs\\medify_test-development\\vendor\\laravel\\framework\\src\\Illuminate\\Routing\\Router.php(797): Illuminate\\Pipeline\\Pipeline->then()
#21 E:\\Apache24\\htdocs\\medify_test-development\\vendor\\laravel\\framework\\src\\Illuminate\\Routing\\Router.php(776): Illuminate\\Routing\\Router->runRouteWithinStack()
#22 E:\\Apache24\\htdocs\\medify_test-development\\vendor\\laravel\\framework\\src\\Illuminate\\Routing\\Router.php(740): Illuminate\\Routing\\Router->runRoute()
#23 E:\\Apache24\\htdocs\\medify_test-development\\vendor\\laravel\\framework\\src\\Illuminate\\Routing\\Router.php(729): Illuminate\\Routing\\Router->dispatchToRoute()
#24 E:\\Apache24\\htdocs\\medify_test-development\\vendor\\laravel\\framework\\src\\Illuminate\\Foundation\\Http\\Kernel.php(190): Illuminate\\Routing\\Router->dispatch()
#25 E:\\Apache24\\htdocs\\medify_test-development\\vendor\\laravel\\framework\\src\\Illuminate\\Pipeline\\Pipeline.php(141): Illuminate\\Foundation\\Http\\Kernel->Illuminate\\Foundation\\Http\\{closure}()
#26 E:\\Apache24\\htdocs\\medify_test-development\\vendor\\laravel\\framework\\src\\Illuminate\\Foundation\\Http\\Middleware\\TransformsRequest.php(21): Illuminate\\Pipeline\\Pipeline->Illuminate\\Pipeline\\{closure}()
#27 E:\\Apache24\\htdocs\\medify_test-development\\vendor\\laravel\\framework\\src\\Illuminate\\Foundation\\Http\\Middleware\\ConvertEmptyStringsToNull.php(31): Illuminate\\Foundation\\Http\\Middleware\\TransformsRequest->handle()
#28 E:\\Apache24\\htdocs\\medify_test-development\\vendor\\laravel\\framework\\src\\Illuminate\\Pipeline\\Pipeline.php(180): Illuminate\\Foundation\\Http\\Middleware\\ConvertEmptyStringsToNull->handle()
#29 E:\\Apache24\\htdocs\\medify_test-development\\vendor\\laravel\\framework\\src\\Illuminate\\Foundation\\Http\\Middleware\\TransformsRequest.php(21): Illuminate\\Pipeline\\Pipeline->Illuminate\\Pipeline\\{closure}()
#30 E:\\Apache24\\htdocs\\medify_test-development\\vendor\\laravel\\framework\\src\\Illuminate\\Foundation\\Http\\Middleware\\TrimStrings.php(40): Illuminate\\Foundation\\Http\\Middleware\\TransformsRequest->handle()
#31 E:\\Apache24\\htdocs\\medify_test-development\\vendor\\laravel\\framework\\src\\Illuminate\\Pipeline\\Pipeline.php(180): Illuminate\\Foundation\\Http\\Middleware\\TrimStrings->handle()
#32 E:\\Apache24\\htdocs\\medify_test-development\\vendor\\laravel\\framework\\src\\Illuminate\\Foundation\\Http\\Middleware\\ValidatePostSize.php(27): Illuminate\\Pipeline\\Pipeline->Illuminate\\Pipeline\\{closure}()
#33 E:\\Apache24\\htdocs\\medify_test-development\\vendor\\laravel\\framework\\src\\Illuminate\\Pipeline\\Pipeline.php(180): Illuminate\\Foundation\\Http\\Middleware\\ValidatePostSize->handle()
#34 E:\\Apache24\\htdocs\\medify_test-development\\vendor\\laravel\\framework\\src\\Illuminate\\Foundation\\Http\\Middleware\\PreventRequestsDuringMaintenance.php(86): Illuminate\\Pipeline\\Pipeline->Illuminate\\Pipeline\\{closure}()
#35 E:\\Apache24\\htdocs\\medify_test-development\\vendor\\laravel\\framework\\src\\Illuminate\\Pipeline\\Pipeline.php(180): Illuminate\\Foundation\\Http\\Middleware\\PreventRequestsDuringMaintenance->handle()
#36 E:\\Apache24\\htdocs\\medify_test-development\\vendor\\laravel\\framework\\src\\Illuminate\\Http\\Middleware\\HandleCors.php(49): Illuminate\\Pipeline\\Pipeline->Illuminate\\Pipeline\\{closure}()
#37 E:\\Apache24\\htdocs\\medify_test-development\\vendor\\laravel\\framework\\src\\Illuminate\\Pipeline\\Pipeline.php(180): Illuminate\\Http\\Middleware\\HandleCors->handle()
#38 E:\\Apache24\\htdocs\\medify_test-development\\vendor\\laravel\\framework\\src\\Illuminate\\Http\\Middleware\\TrustProxies.php(39): Illuminate\\Pipeline\\Pipeline->Illuminate\\Pipeline\\{closure}()
#39 E:\\Apache24\\htdocs\\medify_test-development\\vendor\\laravel\\framework\\src\\Illuminate\\Pipeline\\Pipeline.php(180): Illuminate\\Http\\Middleware\\TrustProxies->handle()
#40 E:\\Apache24\\htdocs\\medify_test-development\\vendor\\laravel\\framework\\src\\Illuminate\\Pipeline\\Pipeline.php(116): Illuminate\\Pipeline\\Pipeline->Illuminate\\Pipeline\\{closure}()
#41 E:\\Apache24\\htdocs\\medify_test-development\\vendor\\laravel\\framework\\src\\Illuminate\\Foundation\\Http\\Kernel.php(165): Illuminate\\Pipeline\\Pipeline->then()
#42 E:\\Apache24\\htdocs\\medify_test-development\\vendor\\laravel\\framework\\src\\Illuminate\\Foundation\\Http\\Kernel.php(134): Illuminate\\Foundation\\Http\\Kernel->sendRequestThroughRouter()
#43 E:\\Apache24\\htdocs\\medify_test-development\\public\\index.php(51): Illuminate\\Foundation\\Http\\Kernel->handle()
#44 E:\\Apache24\\htdocs\\medify_test-development\\vendor\\laravel\\framework\\src\\Illuminate\\Foundation\\resources\\server.php(16): require_once('...')
#45 {main}
"} 
[2026-10-06 06:47:38] local.ERROR: Method App\Http\Controllers\KategoriController::formView does not exist. {"userId":1,"exception":"[object] (BadMethodCallException(code: 0): Method App\\Http\\Controllers\\KategoriController::formView does not exist. at E:\\Apache24\\htdocs\\medify_test-development\\vendor\\laravel\\framework\\src\\Illuminate\\Routing\\Controller.php:68)
[stacktrace]
#0 E:\\Apache24\\htdocs\\medify_test-development\\vendor\\laravel\\framework\\src\\Illuminate\\Routing\\Controller.php(54): Illuminate\\Routing\\Controller->__call()
#1 E:\\Apache24\\htdocs\\medify_test-development\\vendor\\laravel\\framework\\src\\Illuminate\\Routing\\ControllerDispatcher.php(43): Illuminate\\Routing\\Controller->callAction()
#2 E:\\Apache24\\htdocs\\medify_test-development\\vendor\\laravel\\framework\\src\\Illuminate\\Routing\\Route.php(259): Illuminate\\Routing\\ControllerDispatcher->dispatch()
#3 E:\\Apache24\\htdocs\\medify_test-development\\vendor\\laravel\\framework\\src\\Illuminate\\Routing\\Route.php(205): Illuminate\\Routing\\Route->runController()
#4 E:\\Apache24\\htdocs\\medify_test-development\\vendor\\laravel\\framework\\src\\Illuminate\\Routing\\Router.php(798): Illuminate\\Routing\\Route->run()
#5 E:\\Apache24\\htdocs\\medify_test-development\\vendor\\laravel\\framework\\src\\Illuminate\\Pipeline\\Pipeline.php(141): Illuminate\\Routing\\Router->Illuminate\\Routing\\{closure}()
#6 E:\\Apache24\\htdocs\\medify_test-development\\vendor\\laravel\\framework\\src\\Illuminate\\Routing\\Middleware\\SubstituteBindings.php(50): Illuminate\\Pipeline\\Pipeline->Illuminate\\Pipeline\\{closure}()
#7 E:\\Apache24\\htdocs\\medify_test-development\\vendor\\laravel\\framework\\src\\Illuminate\\Pipeline\\Pipeline.php(180): Illuminate\\Routing\\Middleware\\SubstituteBindings->handle()
#8 E:\\Apache24\\htdocs\\medify_test-development\\vendor\\laravel\\framework\\src\\Illuminate\\Foundation\\Http\\Middleware\\VerifyCsrfToken.php(78): Illuminate\\Pipeline\\Pipeline->Illuminate\\Pipeline\\{closure}()
#9 E:\\Apache24\\htdocs\\medify_test-development\\vendor\\laravel\\framework\\src\\Illuminate\\Pipeline\\Pipeline.php(180): Illuminate\\Foundation\\Http\\Middleware\\VerifyCsrfToken->handle()
#10 E:\\Apache24\\htdocs\\medify_test-development\\vendor\\laravel\\framework\\src\\Illuminate\\View\\Middleware\\ShareErrorsFromSession.php(49): Illuminate\\Pipeline\\Pipeline->Illuminate\\Pipeline\\{closure}()
#11 E:\\Apache24\\htdocs\\medify_test-development\\vendor\\laravel\\framework\\src\\Illuminate\\Pipeline\\Pipeline.php(180): Illuminate\\View\\Middleware\\ShareErrorsFromSession->handle()
#12 E:\\Apache24\\htdocs\\medify_test-development\\vendor\\laravel\\framework\\src\\Illuminate\\Session\\Middleware\\StartSession.php(121): Illuminate\\Pipeline\\Pipeline->Illuminate\\Pipeline\\{closure}()
#13 E:\\Apache24\\htdocs\\medify_test-development\\vendor\\laravel\\framework\\src\\Illuminate\\Session\\Middleware\\StartSession.php(64): Illuminate\\Session\\Middleware\\StartSession->handleStatefulRequest()
#14 E:\\Apache24\\htdocs\\medify_test-development\\vendor\\laravel\\framework\\src\\Illuminate\\Pipeline\\Pipeline.php(180): Illuminate\\Session\\Middleware\\StartSession->handle()
#15 E:\\Apache24\\htdocs\\medify_test-development\\vendor\\laravel\\framework\\src\\Illuminate\\Cookie\\Middleware\\AddQueuedCookiesToResponse.php(37): Illuminate\\Pipeline\\Pipeline->Illuminate\\Pipeline\\{closure}()
#16 E:\\Apache24\\htdocs\\medify_test-development\\vendor\\laravel\\framework\\src\\Illuminate\\Pipeline\\Pipeline.php(180): Illuminate\\Cookie\\Middleware\\AddQueuedCookiesToResponse->handle()
#17 E:\\Apache24\\htdocs\\medify_test-development\\vendor\\laravel\\framework\\src\\Illuminate\\Cookie\\Middleware\\EncryptCookies.php(67): Illuminate\\Pipeline\\Pipeline->Illuminate\\Pipeline\\{closure}()
#18 E:\\Apache24\\htdocs\\medify_test-development\\vendor\\laravel\\framework\\src\\Illuminate\\Pipeline\\Pipeline.php(180): Illuminate\\Cookie\\Middleware\\EncryptCookies->handle()
#19 E:\\Apache24\\htdocs\\medify_test-development\\vendor\\laravel\\framework\\src\\Illuminate\\Pipeline\\Pipeline.php(116): Illuminate\\Pipeline\\Pipeline->Illuminate\\Pipeline\\{closure}()
#20 E:\\Apache24\\htdocs\\medify_test-development\\vendor\\laravel\\framework\\src\\Illuminate\\Routing\\Router.php(797): Illuminate\\Pipeline\\Pipeline->then()
#21 E:\\Apache24\\htdocs\\medify_test-development\\vendor\\laravel\\framework\\src\\Illuminate\\Routing\\Router.php(776): Illuminate\\Routing\\Router->runRouteWithinStack()
#22 E:\\Apache24\\htdocs\\medify_test-development\\vendor\\laravel\\framework\\src\\Illuminate\\Routing\\Router.php(740): Illuminate\\Routing\\Router->runRoute()
#23 E:\\Apache24\\htdocs\\medify_test-development\\vendor\\laravel\\framework\\src\\Illuminate\\Routing\\Router.php(729): Illuminate\\Routing\\Router->dispatchToRoute()
#24 E:\\Apache24\\htdocs\\medify_test-development\\vendor\\laravel\\framework\\src\\Illuminate\\Foundation\\Http\\Kernel.php(190): Illuminate\\Routing\\Router->dispatch()
#25 E:\\Apache24\\htdocs\\medify_test-development\\vendor\\laravel\\framework\\src\\Illuminate\\Pipeline\\Pipeline.php(141): Illuminate\\Foundation\\Http\\Kernel->Illuminate\\Foundation\\Http\\{closure}()
#26 E:\\Apache24\\htdocs\\medify_test-development\\vendor\\laravel\\framework\\src\\Illuminate\\Foundation\\Http\\Middleware\\TransformsRequest.php(21): Illuminate\\Pipeline\\Pipeline->Illuminate\\Pipeline\\{closure}()
#27 E:\\Apache24\\htdocs\\medify_test-development\\vendor\\laravel\\framework\\src\\Illuminate\\Foundation\\Http\\Middleware\\ConvertEmptyStringsToNull.php(31): Illuminate\\Foundation\\Http\\Middleware\\TransformsRequest->handle()
#28 E:\\Apache24\\htdocs\\medify_test-development\\vendor\\laravel\\framework\\src\\Illuminate\\Pipeline\\Pipeline.php(180): Illuminate\\Foundation\\Http\\Middleware\\ConvertEmptyStringsToNull->handle()
#29 E:\\Apache24\\htdocs\\medify_test-development\\vendor\\laravel\\framework\\src\\Illuminate\\Foundation\\Http\\Middleware\\TransformsRequest.php(21): Illuminate\\Pipeline\\Pipeline->Illuminate\\Pipeline\\{closure}()
#30 E:\\Apache24\\htdocs\\medify_test-development\\vendor\\laravel\\framework\\src\\Illuminate\\Foundation\\Http\\Middleware\\TrimStrings.php(40): Illuminate\\Foundation\\Http\\Middleware\\TransformsRequest->handle()
#31 E:\\Apache24\\htdocs\\medify_test-development\\vendor\\laravel\\framework\\src\\Illuminate\\Pipeline\\Pipeline.php(180): Illuminate\\Foundation\\Http\\Middleware\\TrimStrings->handle()
#32 E:\\Apache24\\htdocs\\medify_test-development\\vendor\\laravel\\framework\\src\\Illuminate\\Foundation\\Http\\Middleware\\ValidatePostSize.php(27): Illuminate\\Pipeline\\Pipeline->Illuminate\\Pipeline\\{closure}()
#33 E:\\Apache24\\htdocs\\medify_test-development\\vendor\\laravel\\framework\\src\\Illuminate\\Pipeline\\Pipeline.php(180): Illuminate\\Foundation\\Http\\Middleware\\ValidatePostSize->handle()
#34 E:\\Apache24\\htdocs\\medify_test-development\\vendor\\laravel\\framework\\src\\Illuminate\\Foundation\\Http\\Middleware\\PreventRequestsDuringMaintenance.php(86): Illuminate\\Pipeline\\Pipeline->Illuminate\\Pipeline\\{closure}()
#35 E:\\Apache24\\htdocs\\medify_test-development\\vendor\\laravel\\framework\\src\\Illuminate\\Pipeline\\Pipeline.php(180): Illuminate\\Foundation\\Http\\Middleware\\PreventRequestsDuringMaintenance->handle()
#36 E:\\Apache24\\htdocs\\medify_test-development\\vendor\\laravel\\framework\\src\\Illuminate\\Http\\Middleware\\HandleCors.php(49): Illuminate\\Pipeline\\Pipeline->Illuminate\\Pipeline\\{closure}()
#37 E:\\Apache24\\htdocs\\medify_test-development\\vendor\\laravel\\framework\\src\\Illuminate\\Pipeline\\Pipeline.php(180): Illuminate\\Http\\Middleware\\HandleCors->handle()
#38 E:\\Apache24\\htdocs\\medify_test-development\\vendor\\laravel\\framework\\src\\Illuminate\\Http\\Middleware\\TrustProxies.php(39): Illuminate\\Pipeline\\Pipeline->Illuminate\\Pipeline\\{closure}()
#39 E:\\Apache24\\htdocs\\medify_test-development\\vendor\\laravel\\framework\\src\\Illuminate\\Pipeline\\Pipeline.php(180): Illuminate\\Http\\Middleware\\TrustProxies->handle()
#40 E:\\Apache24\\htdocs\\medify_test-development\\vendor\\laravel\\framework\\src\\Illuminate\\Pipeline\\Pipeline.php(116): Illuminate\\Pipeline\\Pipeline->Illuminate\\Pipeline\\{closure}()
#41 E:\\Apache24\\htdocs\\medify_test-development\\vendor\\laravel\\framework\\src\\Illuminate\\Foundation\\Http\\Kernel.php(165): Illuminate\\Pipeline\\Pipeline->then()
#42 E:\\Apache24\\htdocs\\medify_test-development\\vendor\\laravel\\framework\\src\\Illuminate\\Foundation\\Http\\Kernel.php(134): Illuminate\\Foundation\\Http\\Kernel->sendRequestThroughRouter()
#43 E:\\Apache24\\htdocs\\medify_test-development\\public\\index.php(51): Illuminate\\Foundation\\Http\\Kernel->handle()
#44 E:\\Apache24\\htdocs\\medify_test-development\\vendor\\laravel\\framework\\src\\Illuminate\\Foundation\\resources\\server.php(16): require_once('...')
#45 {main}
"} 
[2026-10-06 06:47:45] local.ERROR: Method App\Http\Controllers\KategoriController::formView does not exist. {"userId":1,"exception":"[object] (BadMethodCallException(code: 0): Method App\\Http\\Controllers\\KategoriController::formView does not exist. at E:\\Apache24\\htdocs\\medify_test-development\\vendor\\laravel\\framework\\src\\Illuminate\\Routing\\Controller.php:68)
[stacktrace]
#0 E:\\Apache24\\htdocs\\medify_test-development\\vendor\\laravel\\framework\\src\\Illuminate\\Routing\\Controller.php(54): Illuminate\\Routing\\Controller->__call()
#1 E:\\Apache24\\htdocs\\medify_test-development\\vendor\\laravel\\framework\\src\\Illuminate\\Routing\\ControllerDispatcher.php(43): Illuminate\\Routing\\Controller->callAction()
#2 E:\\Apache24\\htdocs\\medify_test-development\\vendor\\laravel\\framework\\src\\Illuminate\\Routing\\Route.php(259): Illuminate\\Routing\\ControllerDispatcher->dispatch()
#3 E:\\Apache24\\htdocs\\medify_test-development\\vendor\\laravel\\framework\\src\\Illuminate\\Routing\\Route.php(205): Illuminate\\Routing\\Route->runController()
#4 E:\\Apache24\\htdocs\\medify_test-development\\vendor\\laravel\\framework\\src\\Illuminate\\Routing\\Router.php(798): Illuminate\\Routing\\Route->run()
#5 E:\\Apache24\\htdocs\\medify_test-development\\vendor\\laravel\\framework\\src\\Illuminate\\Pipeline\\Pipeline.php(141): Illuminate\\Routing\\Router->Illuminate\\Routing\\{closure}()
#6 E:\\Apache24\\htdocs\\medify_test-development\\vendor\\laravel\\framework\\src\\Illuminate\\Routing\\Middleware\\SubstituteBindings.php(50): Illuminate\\Pipeline\\Pipeline->Illuminate\\Pipeline\\{closure}()
#7 E:\\Apache24\\htdocs\\medify_test-development\\vendor\\laravel\\framework\\src\\Illuminate\\Pipeline\\Pipeline.php(180): Illuminate\\Routing\\Middleware\\SubstituteBindings->handle()
#8 E:\\Apache24\\htdocs\\medify_test-development\\vendor\\laravel\\framework\\src\\Illuminate\\Foundation\\Http\\Middleware\\VerifyCsrfToken.php(78): Illuminate\\Pipeline\\Pipeline->Illuminate\\Pipeline\\{closure}()
#9 E:\\Apache24\\htdocs\\medify_test-development\\vendor\\laravel\\framework\\src\\Illuminate\\Pipeline\\Pipeline.php(180): Illuminate\\Foundation\\Http\\Middleware\\VerifyCsrfToken->handle()
#10 E:\\Apache24\\htdocs\\medify_test-development\\vendor\\laravel\\framework\\src\\Illuminate\\View\\Middleware\\ShareErrorsFromSession.php(49): Illuminate\\Pipeline\\Pipeline->Illuminate\\Pipeline\\{closure}()
#11 E:\\Apache24\\htdocs\\medify_test-development\\vendor\\laravel\\framework\\src\\Illuminate\\Pipeline\\Pipeline.php(180): Illuminate\\View\\Middleware\\ShareErrorsFromSession->handle()
#12 E:\\Apache24\\htdocs\\medify_test-development\\vendor\\laravel\\framework\\src\\Illuminate\\Session\\Middleware\\StartSession.php(121): Illuminate\\Pipeline\\Pipeline->Illuminate\\Pipeline\\{closure}()
#13 E:\\Apache24\\htdocs\\medify_test-development\\vendor\\laravel\\framework\\src\\Illuminate\\Session\\Middleware\\StartSession.php(64): Illuminate\\Session\\Middleware\\StartSession->handleStatefulRequest()
#14 E:\\Apache24\\htdocs\\medify_test-development\\vendor\\laravel\\framework\\src\\Illuminate\\Pipeline\\Pipeline.php(180): Illuminate\\Session\\Middleware\\StartSession->handle()
#15 E:\\Apache24\\htdocs\\medify_test-development\\vendor\\laravel\\framework\\src\\Illuminate\\Cookie\\Middleware\\AddQueuedCookiesToResponse.php(37): Illuminate\\Pipeline\\Pipeline->Illuminate\\Pipeline\\{closure}()
#16 E:\\Apache24\\htdocs\\medify_test-development\\vendor\\laravel\\framework\\src\\Illuminate\\Pipeline\\Pipeline.php(180): Illuminate\\Cookie\\Middleware\\AddQueuedCookiesToResponse->handle()
#17 E:\\Apache24\\htdocs\\medify_test-development\\vendor\\laravel\\framework\\src\\Illuminate\\Cookie\\Middleware\\EncryptCookies.php(67): Illuminate\\Pipeline\\Pipeline->Illuminate\\Pipeline\\{closure}()
#18 E:\\Apache24\\htdocs\\medify_test-development\\vendor\\laravel\\framework\\src\\Illuminate\\Pipeline\\Pipeline.php(180): Illuminate\\Cookie\\Middleware\\EncryptCookies->handle()
#19 E:\\Apache24\\htdocs\\medify_test-development\\vendor\\laravel\\framework\\src\\Illuminate\\Pipeline\\Pipeline.php(116): Illuminate\\Pipeline\\Pipeline->Illuminate\\Pipeline\\{closure}()
#20 E:\\Apache24\\htdocs\\medify_test-development\\vendor\\laravel\\framework\\src\\Illuminate\\Routing\\Router.php(797): Illuminate\\Pipeline\\Pipeline->then()
#21 E:\\Apache24\\htdocs\\medify_test-development\\vendor\\laravel\\framework\\src\\Illuminate\\Routing\\Router.php(776): Illuminate\\Routing\\Router->runRouteWithinStack()
#22 E:\\Apache24\\htdocs\\medify_test-development\\vendor\\laravel\\framework\\src\\Illuminate\\Routing\\Router.php(740): Illuminate\\Routing\\Router->runRoute()
#23 E:\\Apache24\\htdocs\\medify_test-development\\vendor\\laravel\\framework\\src\\Illuminate\\Routing\\Router.php(729): Illuminate\\Routing\\Router->dispatchToRoute()
#24 E:\\Apache24\\htdocs\\medify_test-development\\vendor\\laravel\\framework\\src\\Illuminate\\Foundation\\Http\\Kernel.php(190): Illuminate\\Routing\\Router->dispatch()
#25 E:\\Apache24\\htdocs\\medify_test-development\\vendor\\laravel\\framework\\src\\Illuminate\\Pipeline\\Pipeline.php(141): Illuminate\\Foundation\\Http\\Kernel->Illuminate\\Foundation\\Http\\{closure}()
#26 E:\\Apache24\\htdocs\\medify_test-development\\vendor\\laravel\\framework\\src\\Illuminate\\Foundation\\Http\\Middleware\\TransformsRequest.php(21): Illuminate\\Pipeline\\Pipeline->Illuminate\\Pipeline\\{closure}()
#27 E:\\Apache24\\htdocs\\medify_test-development\\vendor\\laravel\\framework\\src\\Illuminate\\Foundation\\Http\\Middleware\\ConvertEmptyStringsToNull.php(31): Illuminate\\Foundation\\Http\\Middleware\\TransformsRequest->handle()
#28 E:\\Apache24\\htdocs\\medify_test-development\\vendor\\laravel\\framework\\src\\Illuminate\\Pipeline\\Pipeline.php(180): Illuminate\\Foundation\\Http\\Middleware\\ConvertEmptyStringsToNull->handle()
#29 E:\\Apache24\\htdocs\\medify_test-development\\vendor\\laravel\\framework\\src\\Illuminate\\Foundation\\Http\\Middleware\\TransformsRequest.php(21): Illuminate\\Pipeline\\Pipeline->Illuminate\\Pipeline\\{closure}()
#30 E:\\Apache24\\htdocs\\medify_test-development\\vendor\\laravel\\framework\\src\\Illuminate\\Foundation\\Http\\Middleware\\TrimStrings.php(40): Illuminate\\Foundation\\Http\\Middleware\\TransformsRequest->handle()
#31 E:\\Apache24\\htdocs\\medify_test-development\\vendor\\laravel\\framework\\src\\Illuminate\\Pipeline\\Pipeline.php(180): Illuminate\\Foundation\\Http\\Middleware\\TrimStrings->handle()
#32 E:\\Apache24\\htdocs\\medify_test-development\\vendor\\laravel\\framework\\src\\Illuminate\\Foundation\\Http\\Middleware\\ValidatePostSize.php(27): Illuminate\\Pipeline\\Pipeline->Illuminate\\Pipeline\\{closure}()
#33 E:\\Apache24\\htdocs\\medify_test-development\\vendor\\laravel\\framework\\src\\Illuminate\\Pipeline\\Pipeline.php(180): Illuminate\\Foundation\\Http\\Middleware\\ValidatePostSize->handle()
#34 E:\\Apache24\\htdocs\\medify_test-development\\vendor\\laravel\\framework\\src\\Illuminate\\Foundation\\Http\\Middleware\\PreventRequestsDuringMaintenance.php(86): Illuminate\\Pipeline\\Pipeline->Illuminate\\Pipeline\\{closure}()
#35 E:\\Apache24\\htdocs\\medify_test-development\\vendor\\laravel\\framework\\src\\Illuminate\\Pipeline\\Pipeline.php(180): Illuminate\\Foundation\\Http\\Middleware\\PreventRequestsDuringMaintenance->handle()
#36 E:\\Apache24\\htdocs\\medify_test-development\\vendor\\laravel\\framework\\src\\Illuminate\\Http\\Middleware\\HandleCors.php(49): Illuminate\\Pipeline\\Pipeline->Illuminate\\Pipeline\\{closure}()
#37 E:\\Apache24\\htdocs\\medify_test-development\\vendor\\laravel\\framework\\src\\Illuminate\\Pipeline\\Pipeline.php(180): Illuminate\\Http\\Middleware\\HandleCors->handle()
#38 E:\\Apache24\\htdocs\\medify_test-development\\vendor\\laravel\\framework\\src\\Illuminate\\Http\\Middleware\\TrustProxies.php(39): Illuminate\\Pipeline\\Pipeline->Illuminate\\Pipeline\\{closure}()
#39 E:\\Apache24\\htdocs\\medify_test-development\\vendor\\laravel\\framework\\src\\Illuminate\\Pipeline\\Pipeline.php(180): Illuminate\\Http\\Middleware\\TrustProxies->handle()
#40 E:\\Apache24\\htdocs\\medify_test-development\\vendor\\laravel\\framework\\src\\Illuminate\\Pipeline\\Pipeline.php(116): Illuminate\\Pipeline\\Pipeline->Illuminate\\Pipeline\\{closure}()
#41 E:\\Apache24\\htdocs\\medify_test-development\\vendor\\laravel\\framework\\src\\Illuminate\\Foundation\\Http\\Kernel.php(165): Illuminate\\Pipeline\\Pipeline->then()
#42 E:\\Apache24\\htdocs\\medify_test-development\\vendor\\laravel\\framework\\src\\Illuminate\\Foundation\\Http\\Kernel.php(134): Illuminate\\Foundation\\Http\\Kernel->sendRequestThroughRouter()
#43 E:\\Apache24\\htdocs\\medify_test-development\\public\\index.php(51): Illuminate\\Foundation\\Http\\Kernel->handle()
#44 E:\\Apache24\\htdocs\\medify_test-development\\vendor\\laravel\\framework\\src\\Illuminate\\Foundation\\resources\\server.php(16): require_once('...')
#45 {main}
"} 
[2026-10-06 06:48:40] local.ERROR: Method App\Http\Controllers\KategoriController::formView does not exist. {"userId":1,"exception":"[object] (BadMethodCallException(code: 0): Method App\\Http\\Controllers\\KategoriController::formView does not exist. at E:\\Apache24\\htdocs\\medify_test-development\\vendor\\laravel\\framework\\src\\Illuminate\\Routing\\Controller.php:68)
[stacktrace]
#0 E:\\Apache24\\htdocs\\medify_test-development\\vendor\\laravel\\framework\\src\\Illuminate\\Routing\\Controller.php(54): Illuminate\\Routing\\Controller->__call()
#1 E:\\Apache24\\htdocs\\medify_test-development\\vendor\\laravel\\framework\\src\\Illuminate\\Routing\\ControllerDispatcher.php(43): Illuminate\\Routing\\Controller->callAction()
#2 E:\\Apache24\\htdocs\\medify_test-development\\vendor\\laravel\\framework\\src\\Illuminate\\Routing\\Route.php(259): Illuminate\\Routing\\ControllerDispatcher->dispatch()
#3 E:\\Apache24\\htdocs\\medify_test-development\\vendor\\laravel\\framework\\src\\Illuminate\\Routing\\Route.php(205): Illuminate\\Routing\\Route->runController()
#4 E:\\Apache24\\htdocs\\medify_test-development\\vendor\\laravel\\framework\\src\\Illuminate\\Routing\\Router.php(798): Illuminate\\Routing\\Route->run()
#5 E:\\Apache24\\htdocs\\medify_test-development\\vendor\\laravel\\framework\\src\\Illuminate\\Pipeline\\Pipeline.php(141): Illuminate\\Routing\\Router->Illuminate\\Routing\\{closure}()
#6 E:\\Apache24\\htdocs\\medify_test-development\\vendor\\laravel\\framework\\src\\Illuminate\\Routing\\Middleware\\SubstituteBindings.php(50): Illuminate\\Pipeline\\Pipeline->Illuminate\\Pipeline\\{closure}()
#7 E:\\Apache24\\htdocs\\medify_test-development\\vendor\\laravel\\framework\\src\\Illuminate\\Pipeline\\Pipeline.php(180): Illuminate\\Routing\\Middleware\\SubstituteBindings->handle()
#8 E:\\Apache24\\htdocs\\medify_test-development\\vendor\\laravel\\framework\\src\\Illuminate\\Foundation\\Http\\Middleware\\VerifyCsrfToken.php(78): Illuminate\\Pipeline\\Pipeline->Illuminate\\Pipeline\\{closure}()
#9 E:\\Apache24\\htdocs\\medify_test-development\\vendor\\laravel\\framework\\src\\Illuminate\\Pipeline\\Pipeline.php(180): Illuminate\\Foundation\\Http\\Middleware\\VerifyCsrfToken->handle()
#10 E:\\Apache24\\htdocs\\medify_test-development\\vendor\\laravel\\framework\\src\\Illuminate\\View\\Middleware\\ShareErrorsFromSession.php(49): Illuminate\\Pipeline\\Pipeline->Illuminate\\Pipeline\\{closure}()
#11 E:\\Apache24\\htdocs\\medify_test-development\\vendor\\laravel\\framework\\src\\Illuminate\\Pipeline\\Pipeline.php(180): Illuminate\\View\\Middleware\\ShareErrorsFromSession->handle()
#12 E:\\Apache24\\htdocs\\medify_test-development\\vendor\\laravel\\framework\\src\\Illuminate\\Session\\Middleware\\StartSession.php(121): Illuminate\\Pipeline\\Pipeline->Illuminate\\Pipeline\\{closure}()
#13 E:\\Apache24\\htdocs\\medify_test-development\\vendor\\laravel\\framework\\src\\Illuminate\\Session\\Middleware\\StartSession.php(64): Illuminate\\Session\\Middleware\\StartSession->handleStatefulRequest()
#14 E:\\Apache24\\htdocs\\medify_test-development\\vendor\\laravel\\framework\\src\\Illuminate\\Pipeline\\Pipeline.php(180): Illuminate\\Session\\Middleware\\StartSession->handle()
#15 E:\\Apache24\\htdocs\\medify_test-development\\vendor\\laravel\\framework\\src\\Illuminate\\Cookie\\Middleware\\AddQueuedCookiesToResponse.php(37): Illuminate\\Pipeline\\Pipeline->Illuminate\\Pipeline\\{closure}()
#16 E:\\Apache24\\htdocs\\medify_test-development\\vendor\\laravel\\framework\\src\\Illuminate\\Pipeline\\Pipeline.php(180): Illuminate\\Cookie\\Middleware\\AddQueuedCookiesToResponse->handle()
#17 E:\\Apache24\\htdocs\\medify_test-development\\vendor\\laravel\\framework\\src\\Illuminate\\Cookie\\Middleware\\EncryptCookies.php(67): Illuminate\\Pipeline\\Pipeline->Illuminate\\Pipeline\\{closure}()
#18 E:\\Apache24\\htdocs\\medify_test-development\\vendor\\laravel\\framework\\src\\Illuminate\\Pipeline\\Pipeline.php(180): Illuminate\\Cookie\\Middleware\\EncryptCookies->handle()
#19 E:\\Apache24\\htdocs\\medify_test-development\\vendor\\laravel\\framework\\src\\Illuminate\\Pipeline\\Pipeline.php(116): Illuminate\\Pipeline\\Pipeline->Illuminate\\Pipeline\\{closure}()
#20 E:\\Apache24\\htdocs\\medify_test-development\\vendor\\laravel\\framework\\src\\Illuminate\\Routing\\Router.php(797): Illuminate\\Pipeline\\Pipeline->then()
#21 E:\\Apache24\\htdocs\\medify_test-development\\vendor\\laravel\\framework\\src\\Illuminate\\Routing\\Router.php(776): Illuminate\\Routing\\Router->runRouteWithinStack()
#22 E:\\Apache24\\htdocs\\medify_test-development\\vendor\\laravel\\framework\\src\\Illuminate\\Routing\\Router.php(740): Illuminate\\Routing\\Router->runRoute()
#23 E:\\Apache24\\htdocs\\medify_test-development\\vendor\\laravel\\framework\\src\\Illuminate\\Routing\\Router.php(729): Illuminate\\Routing\\Router->dispatchToRoute()
#24 E:\\Apache24\\htdocs\\medify_test-development\\vendor\\laravel\\framework\\src\\Illuminate\\Foundation\\Http\\Kernel.php(190): Illuminate\\Routing\\Router->dispatch()
#25 E:\\Apache24\\htdocs\\medify_test-development\\vendor\\laravel\\framework\\src\\Illuminate\\Pipeline\\Pipeline.php(141): Illuminate\\Foundation\\Http\\Kernel->Illuminate\\Foundation\\Http\\{closure}()
#26 E:\\Apache24\\htdocs\\medify_test-development\\vendor\\laravel\\framework\\src\\Illuminate\\Foundation\\Http\\Middleware\\TransformsRequest.php(21): Illuminate\\Pipeline\\Pipeline->Illuminate\\Pipeline\\{closure}()
#27 E:\\Apache24\\htdocs\\medify_test-development\\vendor\\laravel\\framework\\src\\Illuminate\\Foundation\\Http\\Middleware\\ConvertEmptyStringsToNull.php(31): Illuminate\\Foundation\\Http\\Middleware\\TransformsRequest->handle()
#28 E:\\Apache24\\htdocs\\medify_test-development\\vendor\\laravel\\framework\\src\\Illuminate\\Pipeline\\Pipeline.php(180): Illuminate\\Foundation\\Http\\Middleware\\ConvertEmptyStringsToNull->handle()
#29 E:\\Apache24\\htdocs\\medify_test-development\\vendor\\laravel\\framework\\src\\Illuminate\\Foundation\\Http\\Middleware\\TransformsRequest.php(21): Illuminate\\Pipeline\\Pipeline->Illuminate\\Pipeline\\{closure}()
#30 E:\\Apache24\\htdocs\\medify_test-development\\vendor\\laravel\\framework\\src\\Illuminate\\Foundation\\Http\\Middleware\\TrimStrings.php(40): Illuminate\\Foundation\\Http\\Middleware\\TransformsRequest->handle()
#31 E:\\Apache24\\htdocs\\medify_test-development\\vendor\\laravel\\framework\\src\\Illuminate\\Pipeline\\Pipeline.php(180): Illuminate\\Foundation\\Http\\Middleware\\TrimStrings->handle()
#32 E:\\Apache24\\htdocs\\medify_test-development\\vendor\\laravel\\framework\\src\\Illuminate\\Foundation\\Http\\Middleware\\ValidatePostSize.php(27): Illuminate\\Pipeline\\Pipeline->Illuminate\\Pipeline\\{closure}()
#33 E:\\Apache24\\htdocs\\medify_test-development\\vendor\\laravel\\framework\\src\\Illuminate\\Pipeline\\Pipeline.php(180): Illuminate\\Foundation\\Http\\Middleware\\ValidatePostSize->handle()
#34 E:\\Apache24\\htdocs\\medify_test-development\\vendor\\laravel\\framework\\src\\Illuminate\\Foundation\\Http\\Middleware\\PreventRequestsDuringMaintenance.php(86): Illuminate\\Pipeline\\Pipeline->Illuminate\\Pipeline\\{closure}()
#35 E:\\Apache24\\htdocs\\medify_test-development\\vendor\\laravel\\framework\\src\\Illuminate\\Pipeline\\Pipeline.php(180): Illuminate\\Foundation\\Http\\Middleware\\PreventRequestsDuringMaintenance->handle()
#36 E:\\Apache24\\htdocs\\medify_test-development\\vendor\\laravel\\framework\\src\\Illuminate\\Http\\Middleware\\HandleCors.php(49): Illuminate\\Pipeline\\Pipeline->Illuminate\\Pipeline\\{closure}()
#37 E:\\Apache24\\htdocs\\medify_test-development\\vendor\\laravel\\framework\\src\\Illuminate\\Pipeline\\Pipeline.php(180): Illuminate\\Http\\Middleware\\HandleCors->handle()
#38 E:\\Apache24\\htdocs\\medify_test-development\\vendor\\laravel\\framework\\src\\Illuminate\\Http\\Middleware\\TrustProxies.php(39): Illuminate\\Pipeline\\Pipeline->Illuminate\\Pipeline\\{closure}()
#39 E:\\Apache24\\htdocs\\medify_test-development\\vendor\\laravel\\framework\\src\\Illuminate\\Pipeline\\Pipeline.php(180): Illuminate\\Http\\Middleware\\TrustProxies->handle()
#40 E:\\Apache24\\htdocs\\medify_test-development\\vendor\\laravel\\framework\\src\\Illuminate\\Pipeline\\Pipeline.php(116): Illuminate\\Pipeline\\Pipeline->Illuminate\\Pipeline\\{closure}()
#41 E:\\Apache24\\htdocs\\medify_test-development\\vendor\\laravel\\framework\\src\\Illuminate\\Foundation\\Http\\Kernel.php(165): Illuminate\\Pipeline\\Pipeline->then()
#42 E:\\Apache24\\htdocs\\medify_test-development\\vendor\\laravel\\framework\\src\\Illuminate\\Foundation\\Http\\Kernel.php(134): Illuminate\\Foundation\\Http\\Kernel->sendRequestThroughRouter()
#43 E:\\Apache24\\htdocs\\medify_test-development\\public\\index.php(51): Illuminate\\Foundation\\Http\\Kernel->handle()
#44 E:\\Apache24\\htdocs\\medify_test-development\\vendor\\laravel\\framework\\src\\Illuminate\\Foundation\\resources\\server.php(16): require_once('...')
#45 {main}
"} 
[2026-10-06 06:52:24] local.ERROR: Trait "App\Models\SoftDeletes" not found {"userId":1,"exception":"[object] (Symfony\\Component\\ErrorHandler\\Error\\FatalError(code: 0): Trait \"App\\Models\\SoftDeletes\" not found at E:\\Apache24\\htdocs\\medify_test-development\\app\\Models\\Kategori.php:14)
[stacktrace]
#0 {main}
"} 
[2026-10-06 06:53:29] local.ERROR: Undefined variable $semua_kategori {"userId":1,"exception":"[object] (Spatie\\LaravelIgnition\\Exceptions\\ViewException(code: 0): Undefined variable $semua_kategori at E:\\Apache24\\htdocs\\medify_test-development\\resources\\views\\master_items\\form\\form.blade.php:126)
[stacktrace]
#0 E:\\Apache24\\htdocs\\medify_test-development\\vendor\\laravel\\framework\\src\\Illuminate\\Foundation\\Bootstrap\\HandleExceptions.php(270): Illuminate\\Foundation\\Bootstrap\\HandleExceptions->handleError()
#1 E:\\Apache24\\htdocs\\medify_test-development\\resources\\views\\master_items\\form\\form.blade.php(126): Illuminate\\Foundation\\Bootstrap\\HandleExceptions->Illuminate\\Foundation\\Bootstrap\\{closure}()
#2 E:\\Apache24\\htdocs\\medify_test-development\\vendor\\laravel\\framework\\src\\Illuminate\\Filesystem\\Filesystem.php(109): require('...')
#3 E:\\Apache24\\htdocs\\medify_test-development\\vendor\\laravel\\framework\\src\\Illuminate\\Filesystem\\Filesystem.php(110): Illuminate\\Filesystem\\Filesystem::Illuminate\\Filesystem\\{closure}()
#4 E:\\Apache24\\htdocs\\medify_test-development\\vendor\\laravel\\framework\\src\\Illuminate\\View\\Engines\\PhpEngine.php(58): Illuminate\\Filesystem\\Filesystem->getRequire()
#5 E:\\Apache24\\htdocs\\medify_test-development\\vendor\\laravel\\framework\\src\\Illuminate\\View\\Engines\\CompilerEngine.php(70): Illuminate\\View\\Engines\\PhpEngine->evaluatePath()
#6 E:\\Apache24\\htdocs\\medify_test-development\\vendor\\laravel\\framework\\src\\Illuminate\\View\\View.php(195): Illuminate\\View\\Engines\\CompilerEngine->get()
#7 E:\\Apache24\\htdocs\\medify_test-development\\vendor\\laravel\\framework\\src\\Illuminate\\View\\View.php(178): Illuminate\\View\\View->getContents()
#8 E:\\Apache24\\htdocs\\medify_test-development\\vendor\\laravel\\framework\\src\\Illuminate\\View\\View.php(147): Illuminate\\View\\View->renderContents()
#9 E:\\Apache24\\htdocs\\medify_test-development\\resources\\views\\master_items\\form\\index.blade.php(19): Illuminate\\View\\View->render()
#10 E:\\Apache24\\htdocs\\medify_test-development\\vendor\\laravel\\framework\\src\\Illuminate\\Filesystem\\Filesystem.php(109): require('...')
#11 E:\\Apache24\\htdocs\\medify_test-development\\vendor\\laravel\\framework\\src\\Illuminate\\Filesystem\\Filesystem.php(110): Illuminate\\Filesystem\\Filesystem::Illuminate\\Filesystem\\{closure}()
#12 E:\\Apache24\\htdocs\\medify_test-development\\vendor\\laravel\\framework\\src\\Illuminate\\View\\Engines\\PhpEngine.php(58): Illuminate\\Filesystem\\Filesystem->getRequire()
#13 E:\\Apache24\\htdocs\\medify_test-development\\vendor\\laravel\\framework\\src\\Illuminate\\View\\Engines\\CompilerEngine.php(70): Illuminate\\View\\Engines\\PhpEngine->evaluatePath()
#14 E:\\Apache24\\htdocs\\medify_test-development\\vendor\\laravel\\framework\\src\\Illuminate\\View\\View.php(195): Illuminate\\View\\Engines\\CompilerEngine->get()
#15 E:\\Apache24\\htdocs\\medify_test-development\\vendor\\laravel\\framework\\src\\Illuminate\\View\\View.php(178): Illuminate\\View\\View->getContents()
#16 E:\\Apache24\\htdocs\\medify_test-development\\vendor\\laravel\\framework\\src\\Illuminate\\View\\View.php(147): Illuminate\\View\\View->renderContents()
#17 E:\\Apache24\\htdocs\\medify_test-development\\vendor\\laravel\\framework\\src\\Illuminate\\Http\\Response.php(69): Illuminate\\View\\View->render()
#18 E:\\Apache24\\htdocs\\medify_test-development\\vendor\\laravel\\framework\\src\\Illuminate\\Http\\Response.php(35): Illuminate\\Http\\Response->setContent()
#19 E:\\Apache24\\htdocs\\medify_test-development\\vendor\\laravel\\framework\\src\\Illuminate\\Routing\\Router.php(906): Illuminate\\Http\\Response->__construct()
#20 E:\\Apache24\\htdocs\\medify_test-development\\vendor\\laravel\\framework\\src\\Illuminate\\Routing\\Router.php(875): Illuminate\\Routing\\Router::toResponse()
#21 E:\\Apache24\\htdocs\\medify_test-development\\vendor\\laravel\\framework\\src\\Illuminate\\Routing\\Router.php(797): Illuminate\\Routing\\Router->prepareResponse()
#22 E:\\Apache24\\htdocs\\medify_test-development\\vendor\\laravel\\framework\\src\\Illuminate\\Pipeline\\Pipeline.php(141): Illuminate\\Routing\\Router->Illuminate\\Routing\\{closure}()
#23 E:\\Apache24\\htdocs\\medify_test-development\\vendor\\laravel\\framework\\src\\Illuminate\\Routing\\Middleware\\SubstituteBindings.php(50): Illuminate\\Pipeline\\Pipeline->Illuminate\\Pipeline\\{closure}()
#24 E:\\Apache24\\htdocs\\medify_test-development\\vendor\\laravel\\framework\\src\\Illuminate\\Pipeline\\Pipeline.php(180): Illuminate\\Routing\\Middleware\\SubstituteBindings->handle()
#25 E:\\Apache24\\htdocs\\medify_test-development\\vendor\\laravel\\framework\\src\\Illuminate\\Foundation\\Http\\Middleware\\VerifyCsrfToken.php(78): Illuminate\\Pipeline\\Pipeline->Illuminate\\Pipeline\\{closure}()
#26 E:\\Apache24\\htdocs\\medify_test-development\\vendor\\laravel\\framework\\src\\Illuminate\\Pipeline\\Pipeline.php(180): Illuminate\\Foundation\\Http\\Middleware\\VerifyCsrfToken->handle()
#27 E:\\Apache24\\htdocs\\medify_test-development\\vendor\\laravel\\framework\\src\\Illuminate\\View\\Middleware\\ShareErrorsFromSession.php(49): Illuminate\\Pipeline\\Pipeline->Illuminate\\Pipeline\\{closure}()
#28 E:\\Apache24\\htdocs\\medify_test-development\\vendor\\laravel\\framework\\src\\Illuminate\\Pipeline\\Pipeline.php(180): Illuminate\\View\\Middleware\\ShareErrorsFromSession->handle()
#29 E:\\Apache24\\htdocs\\medify_test-development\\vendor\\laravel\\framework\\src\\Illuminate\\Session\\Middleware\\StartSession.php(121): Illuminate\\Pipeline\\Pipeline->Illuminate\\Pipeline\\{closure}()
#30 E:\\Apache24\\htdocs\\medify_test-development\\vendor\\laravel\\framework\\src\\Illuminate\\Session\\Middleware\\StartSession.php(64): Illuminate\\Session\\Middleware\\StartSession->handleStatefulRequest()
#31 E:\\Apache24\\htdocs\\medify_test-development\\vendor\\laravel\\framework\\src\\Illuminate\\Pipeline\\Pipeline.php(180): Illuminate\\Session\\Middleware\\StartSession->handle()
#32 E:\\Apache24\\htdocs\\medify_test-development\\vendor\\laravel\\framework\\src\\Illuminate\\Cookie\\Middleware\\AddQueuedCookiesToResponse.php(37): Illuminate\\Pipeline\\Pipeline->Illuminate\\Pipeline\\{closure}()
#33 E:\\Apache24\\htdocs\\medify_test-development\\vendor\\laravel\\framework\\src\\Illuminate\\Pipeline\\Pipeline.php(180): Illuminate\\Cookie\\Middleware\\AddQueuedCookiesToResponse->handle()
#34 E:\\Apache24\\htdocs\\medify_test-development\\vendor\\laravel\\framework\\src\\Illuminate\\Cookie\\Middleware\\EncryptCookies.php(67): Illuminate\\Pipeline\\Pipeline->Illuminate\\Pipeline\\{closure}()
#35 E:\\Apache24\\htdocs\\medify_test-development\\vendor\\laravel\\framework\\src\\Illuminate\\Pipeline\\Pipeline.php(180): Illuminate\\Cookie\\Middleware\\EncryptCookies->handle()
#36 E:\\Apache24\\htdocs\\medify_test-development\\vendor\\laravel\\framework\\src\\Illuminate\\Pipeline\\Pipeline.php(116): Illuminate\\Pipeline\\Pipeline->Illuminate\\Pipeline\\{closure}()
#37 E:\\Apache24\\htdocs\\medify_test-development\\vendor\\laravel\\framework\\src\\Illuminate\\Routing\\Router.php(797): Illuminate\\Pipeline\\Pipeline->then()
#38 E:\\Apache24\\htdocs\\medify_test-development\\vendor\\laravel\\framework\\src\\Illuminate\\Routing\\Router.php(776): Illuminate\\Routing\\Router->runRouteWithinStack()
#39 E:\\Apache24\\htdocs\\medify_test-development\\vendor\\laravel\\framework\\src\\Illuminate\\Routing\\Router.php(740): Illuminate\\Routing\\Router->runRoute()
#40 E:\\Apache24\\htdocs\\medify_test-development\\vendor\\laravel\\framework\\src\\Illuminate\\Routing\\Router.php(729): Illuminate\\Routing\\Router->dispatchToRoute()
#41 E:\\Apache24\\htdocs\\medify_test-development\\vendor\\laravel\\framework\\src\\Illuminate\\Foundation\\Http\\Kernel.php(190): Illuminate\\Routing\\Router->dispatch()
#42 E:\\Apache24\\htdocs\\medify_test-development\\vendor\\laravel\\framework\\src\\Illuminate\\Pipeline\\Pipeline.php(141): Illuminate\\Foundation\\Http\\Kernel->Illuminate\\Foundation\\Http\\{closure}()
#43 E:\\Apache24\\htdocs\\medify_test-development\\vendor\\laravel\\framework\\src\\Illuminate\\Foundation\\Http\\Middleware\\TransformsRequest.php(21): Illuminate\\Pipeline\\Pipeline->Illuminate\\Pipeline\\{closure}()
#44 E:\\Apache24\\htdocs\\medify_test-development\\vendor\\laravel\\framework\\src\\Illuminate\\Foundation\\Http\\Middleware\\ConvertEmptyStringsToNull.php(31): Illuminate\\Foundation\\Http\\Middleware\\TransformsRequest->handle()
#45 E:\\Apache24\\htdocs\\medify_test-development\\vendor\\laravel\\framework\\src\\Illuminate\\Pipeline\\Pipeline.php(180): Illuminate\\Foundation\\Http\\Middleware\\ConvertEmptyStringsToNull->handle()
#46 E:\\Apache24\\htdocs\\medify_test-development\\vendor\\laravel\\framework\\src\\Illuminate\\Foundation\\Http\\Middleware\\TransformsRequest.php(21): Illuminate\\Pipeline\\Pipeline->Illuminate\\Pipeline\\{closure}()
#47 E:\\Apache24\\htdocs\\medify_test-development\\vendor\\laravel\\framework\\src\\Illuminate\\Foundation\\Http\\Middleware\\TrimStrings.php(40): Illuminate\\Foundation\\Http\\Middleware\\TransformsRequest->handle()
#48 E:\\Apache24\\htdocs\\medify_test-development\\vendor\\laravel\\framework\\src\\Illuminate\\Pipeline\\Pipeline.php(180): Illuminate\\Foundation\\Http\\Middleware\\TrimStrings->handle()
#49 E:\\Apache24\\htdocs\\medify_test-development\\vendor\\laravel\\framework\\src\\Illuminate\\Foundation\\Http\\Middleware\\ValidatePostSize.php(27): Illuminate\\Pipeline\\Pipeline->Illuminate\\Pipeline\\{closure}()
#50 E:\\Apache24\\htdocs\\medify_test-development\\vendor\\laravel\\framework\\src\\Illuminate\\Pipeline\\Pipeline.php(180): Illuminate\\Foundation\\Http\\Middleware\\ValidatePostSize->handle()
#51 E:\\Apache24\\htdocs\\medify_test-development\\vendor\\laravel\\framework\\src\\Illuminate\\Foundation\\Http\\Middleware\\PreventRequestsDuringMaintenance.php(86): Illuminate\\Pipeline\\Pipeline->Illuminate\\Pipeline\\{closure}()
#52 E:\\Apache24\\htdocs\\medify_test-development\\vendor\\laravel\\framework\\src\\Illuminate\\Pipeline\\Pipeline.php(180): Illuminate\\Foundation\\Http\\Middleware\\PreventRequestsDuringMaintenance->handle()
#53 E:\\Apache24\\htdocs\\medify_test-development\\vendor\\laravel\\framework\\src\\Illuminate\\Http\\Middleware\\HandleCors.php(49): Illuminate\\Pipeline\\Pipeline->Illuminate\\Pipeline\\{closure}()
#54 E:\\Apache24\\htdocs\\medify_test-development\\vendor\\laravel\\framework\\src\\Illuminate\\Pipeline\\Pipeline.php(180): Illuminate\\Http\\Middleware\\HandleCors->handle()
#55 E:\\Apache24\\htdocs\\medify_test-development\\vendor\\laravel\\framework\\src\\Illuminate\\Http\\Middleware\\TrustProxies.php(39): Illuminate\\Pipeline\\Pipeline->Illuminate\\Pipeline\\{closure}()
#56 E:\\Apache24\\htdocs\\medify_test-development\\vendor\\laravel\\framework\\src\\Illuminate\\Pipeline\\Pipeline.php(180): Illuminate\\Http\\Middleware\\TrustProxies->handle()
#57 E:\\Apache24\\htdocs\\medify_test-development\\vendor\\laravel\\framework\\src\\Illuminate\\Pipeline\\Pipeline.php(116): Illuminate\\Pipeline\\Pipeline->Illuminate\\Pipeline\\{closure}()
#58 E:\\Apache24\\htdocs\\medify_test-development\\vendor\\laravel\\framework\\src\\Illuminate\\Foundation\\Http\\Kernel.php(165): Illuminate\\Pipeline\\Pipeline->then()
#59 E:\\Apache24\\htdocs\\medify_test-development\\vendor\\laravel\\framework\\src\\Illuminate\\Foundation\\Http\\Kernel.php(134): Illuminate\\Foundation\\Http\\Kernel->sendRequestThroughRouter()
#60 E:\\Apache24\\htdocs\\medify_test-development\\public\\index.php(51): Illuminate\\Foundation\\Http\\Kernel->handle()
#61 E:\\Apache24\\htdocs\\medify_test-development\\vendor\\laravel\\framework\\src\\Illuminate\\Foundation\\resources\\server.php(16): require_once('...')
#62 {main}

[previous exception] [object] (ErrorException(code: 0): Undefined variable $semua_kategori at E:\\Apache24\\htdocs\\medify_test-development\\storage\\framework\\views\\ee9e9e73a412c95f97c6844b56b6ed3b8cff893c.php:126)
[stacktrace]
#0 E:\\Apache24\\htdocs\\medify_test-development\\vendor\\laravel\\framework\\src\\Illuminate\\Foundation\\Bootstrap\\HandleExceptions.php(270): Illuminate\\Foundation\\Bootstrap\\HandleExceptions->handleError()
#1 E:\\Apache24\\htdocs\\medify_test-development\\storage\\framework\\views\\ee9e9e73a412c95f97c6844b56b6ed3b8cff893c.php(126): Illuminate\\Foundation\\Bootstrap\\HandleExceptions->Illuminate\\Foundation\\Bootstrap\\{closure}()
#2 E:\\Apache24\\htdocs\\medify_test-development\\vendor\\laravel\\framework\\src\\Illuminate\\Filesystem\\Filesystem.php(109): require('...')
#3 E:\\Apache24\\htdocs\\medify_test-development\\vendor\\laravel\\framework\\src\\Illuminate\\Filesystem\\Filesystem.php(110): Illuminate\\Filesystem\\Filesystem::Illuminate\\Filesystem\\{closure}()
#4 E:\\Apache24\\htdocs\\medify_test-development\\vendor\\laravel\\framework\\src\\Illuminate\\View\\Engines\\PhpEngine.php(58): Illuminate\\Filesystem\\Filesystem->getRequire()
#5 E:\\Apache24\\htdocs\\medify_test-development\\vendor\\laravel\\framework\\src\\Illuminate\\View\\Engines\\CompilerEngine.php(70): Illuminate\\View\\Engines\\PhpEngine->evaluatePath()
#6 E:\\Apache24\\htdocs\\medify_test-development\\vendor\\laravel\\framework\\src\\Illuminate\\View\\View.php(195): Illuminate\\View\\Engines\\CompilerEngine->get()
#7 E:\\Apache24\\htdocs\\medify_test-development\\vendor\\laravel\\framework\\src\\Illuminate\\View\\View.php(178): Illuminate\\View\\View->getContents()
#8 E:\\Apache24\\htdocs\\medify_test-development\\vendor\\laravel\\framework\\src\\Illuminate\\View\\View.php(147): Illuminate\\View\\View->renderContents()
#9 E:\\Apache24\\htdocs\\medify_test-development\\storage\\framework\\views\\aed922246db696779f6f9f5765e26501a70a8ea5.php(17): Illuminate\\View\\View->render()
#10 E:\\Apache24\\htdocs\\medify_test-development\\vendor\\laravel\\framework\\src\\Illuminate\\Filesystem\\Filesystem.php(109): require('...')
#11 E:\\Apache24\\htdocs\\medify_test-development\\vendor\\laravel\\framework\\src\\Illuminate\\Filesystem\\Filesystem.php(110): Illuminate\\Filesystem\\Filesystem::Illuminate\\Filesystem\\{closure}()
#12 E:\\Apache24\\htdocs\\medify_test-development\\vendor\\laravel\\framework\\src\\Illuminate\\View\\Engines\\PhpEngine.php(58): Illuminate\\Filesystem\\Filesystem->getRequire()
#13 E:\\Apache24\\htdocs\\medify_test-development\\vendor\\laravel\\framework\\src\\Illuminate\\View\\Engines\\CompilerEngine.php(70): Illuminate\\View\\Engines\\PhpEngine->evaluatePath()
#14 E:\\Apache24\\htdocs\\medify_test-development\\vendor\\laravel\\framework\\src\\Illuminate\\View\\View.php(195): Illuminate\\View\\Engines\\CompilerEngine->get()
#15 E:\\Apache24\\htdocs\\medify_test-development\\vendor\\laravel\\framework\\src\\Illuminate\\View\\View.php(178): Illuminate\\View\\View->getContents()
#16 E:\\Apache24\\htdocs\\medify_test-development\\vendor\\laravel\\framework\\src\\Illuminate\\View\\View.php(147): Illuminate\\View\\View->renderContents()
#17 E:\\Apache24\\htdocs\\medify_test-development\\vendor\\laravel\\framework\\src\\Illuminate\\Http\\Response.php(69): Illuminate\\View\\View->render()
#18 E:\\Apache24\\htdocs\\medify_test-development\\vendor\\laravel\\framework\\src\\Illuminate\\Http\\Response.php(35): Illuminate\\Http\\Response->setContent()
#19 E:\\Apache24\\htdocs\\medify_test-development\\vendor\\laravel\\framework\\src\\Illuminate\\Routing\\Router.php(906): Illuminate\\Http\\Response->__construct()
#20 E:\\Apache24\\htdocs\\medify_test-development\\vendor\\laravel\\framework\\src\\Illuminate\\Routing\\Router.php(875): Illuminate\\Routing\\Router::toResponse()
#21 E:\\Apache24\\htdocs\\medify_test-development\\vendor\\laravel\\framework\\src\\Illuminate\\Routing\\Router.php(797): Illuminate\\Routing\\Router->prepareResponse()
#22 E:\\Apache24\\htdocs\\medify_test-development\\vendor\\laravel\\framework\\src\\Illuminate\\Pipeline\\Pipeline.php(141): Illuminate\\Routing\\Router->Illuminate\\Routing\\{closure}()
#23 E:\\Apache24\\htdocs\\medify_test-development\\vendor\\laravel\\framework\\src\\Illuminate\\Routing\\Middleware\\SubstituteBindings.php(50): Illuminate\\Pipeline\\Pipeline->Illuminate\\Pipeline\\{closure}()
#24 E:\\Apache24\\htdocs\\medify_test-development\\vendor\\laravel\\framework\\src\\Illuminate\\Pipeline\\Pipeline.php(180): Illuminate\\Routing\\Middleware\\SubstituteBindings->handle()
#25 E:\\Apache24\\htdocs\\medify_test-development\\vendor\\laravel\\framework\\src\\Illuminate\\Foundation\\Http\\Middleware\\VerifyCsrfToken.php(78): Illuminate\\Pipeline\\Pipeline->Illuminate\\Pipeline\\{closure}()
#26 E:\\Apache24\\htdocs\\medify_test-development\\vendor\\laravel\\framework\\src\\Illuminate\\Pipeline\\Pipeline.php(180): Illuminate\\Foundation\\Http\\Middleware\\VerifyCsrfToken->handle()
#27 E:\\Apache24\\htdocs\\medify_test-development\\vendor\\laravel\\framework\\src\\Illuminate\\View\\Middleware\\ShareErrorsFromSession.php(49): Illuminate\\Pipeline\\Pipeline->Illuminate\\Pipeline\\{closure}()
#28 E:\\Apache24\\htdocs\\medify_test-development\\vendor\\laravel\\framework\\src\\Illuminate\\Pipeline\\Pipeline.php(180): Illuminate\\View\\Middleware\\ShareErrorsFromSession->handle()
#29 E:\\Apache24\\htdocs\\medify_test-development\\vendor\\laravel\\framework\\src\\Illuminate\\Session\\Middleware\\StartSession.php(121): Illuminate\\Pipeline\\Pipeline->Illuminate\\Pipeline\\{closure}()
#30 E:\\Apache24\\htdocs\\medify_test-development\\vendor\\laravel\\framework\\src\\Illuminate\\Session\\Middleware\\StartSession.php(64): Illuminate\\Session\\Middleware\\StartSession->handleStatefulRequest()
#31 E:\\Apache24\\htdocs\\medify_test-development\\vendor\\laravel\\framework\\src\\Illuminate\\Pipeline\\Pipeline.php(180): Illuminate\\Session\\Middleware\\StartSession->handle()
#32 E:\\Apache24\\htdocs\\medify_test-development\\vendor\\laravel\\framework\\src\\Illuminate\\Cookie\\Middleware\\AddQueuedCookiesToResponse.php(37): Illuminate\\Pipeline\\Pipeline->Illuminate\\Pipeline\\{closure}()
#33 E:\\Apache24\\htdocs\\medify_test-development\\vendor\\laravel\\framework\\src\\Illuminate\\Pipeline\\Pipeline.php(180): Illuminate\\Cookie\\Middleware\\AddQueuedCookiesToResponse->handle()
#34 E:\\Apache24\\htdocs\\medify_test-development\\vendor\\laravel\\framework\\src\\Illuminate\\Cookie\\Middleware\\EncryptCookies.php(67): Illuminate\\Pipeline\\Pipeline->Illuminate\\Pipeline\\{closure}()
#35 E:\\Apache24\\htdocs\\medify_test-development\\vendor\\laravel\\framework\\src\\Illuminate\\Pipeline\\Pipeline.php(180): Illuminate\\Cookie\\Middleware\\EncryptCookies->handle()
#36 E:\\Apache24\\htdocs\\medify_test-development\\vendor\\laravel\\framework\\src\\Illuminate\\Pipeline\\Pipeline.php(116): Illuminate\\Pipeline\\Pipeline->Illuminate\\Pipeline\\{closure}()
#37 E:\\Apache24\\htdocs\\medify_test-development\\vendor\\laravel\\framework\\src\\Illuminate\\Routing\\Router.php(797): Illuminate\\Pipeline\\Pipeline->then()
#38 E:\\Apache24\\htdocs\\medify_test-development\\vendor\\laravel\\framework\\src\\Illuminate\\Routing\\Router.php(776): Illuminate\\Routing\\Router->runRouteWithinStack()
#39 E:\\Apache24\\htdocs\\medify_test-development\\vendor\\laravel\\framework\\src\\Illuminate\\Routing\\Router.php(740): Illuminate\\Routing\\Router->runRoute()
#40 E:\\Apache24\\htdocs\\medify_test-development\\vendor\\laravel\\framework\\src\\Illuminate\\Routing\\Router.php(729): Illuminate\\Routing\\Router->dispatchToRoute()
#41 E:\\Apache24\\htdocs\\medify_test-development\\vendor\\laravel\\framework\\src\\Illuminate\\Foundation\\Http\\Kernel.php(190): Illuminate\\Routing\\Router->dispatch()
#42 E:\\Apache24\\htdocs\\medify_test-development\\vendor\\laravel\\framework\\src\\Illuminate\\Pipeline\\Pipeline.php(141): Illuminate\\Foundation\\Http\\Kernel->Illuminate\\Foundation\\Http\\{closure}()
#43 E:\\Apache24\\htdocs\\medify_test-development\\vendor\\laravel\\framework\\src\\Illuminate\\Foundation\\Http\\Middleware\\TransformsRequest.php(21): Illuminate\\Pipeline\\Pipeline->Illuminate\\Pipeline\\{closure}()
#44 E:\\Apache24\\htdocs\\medify_test-development\\vendor\\laravel\\framework\\src\\Illuminate\\Foundation\\Http\\Middleware\\ConvertEmptyStringsToNull.php(31): Illuminate\\Foundation\\Http\\Middleware\\TransformsRequest->handle()
#45 E:\\Apache24\\htdocs\\medify_test-development\\vendor\\laravel\\framework\\src\\Illuminate\\Pipeline\\Pipeline.php(180): Illuminate\\Foundation\\Http\\Middleware\\ConvertEmptyStringsToNull->handle()
#46 E:\\Apache24\\htdocs\\medify_test-development\\vendor\\laravel\\framework\\src\\Illuminate\\Foundation\\Http\\Middleware\\TransformsRequest.php(21): Illuminate\\Pipeline\\Pipeline->Illuminate\\Pipeline\\{closure}()
#47 E:\\Apache24\\htdocs\\medify_test-development\\vendor\\laravel\\framework\\src\\Illuminate\\Foundation\\Http\\Middleware\\TrimStrings.php(40): Illuminate\\Foundation\\Http\\Middleware\\TransformsRequest->handle()
#48 E:\\Apache24\\htdocs\\medify_test-development\\vendor\\laravel\\framework\\src\\Illuminate\\Pipeline\\Pipeline.php(180): Illuminate\\Foundation\\Http\\Middleware\\TrimStrings->handle()
#49 E:\\Apache24\\htdocs\\medify_test-development\\vendor\\laravel\\framework\\src\\Illuminate\\Foundation\\Http\\Middleware\\ValidatePostSize.php(27): Illuminate\\Pipeline\\Pipeline->Illuminate\\Pipeline\\{closure}()
#50 E:\\Apache24\\htdocs\\medify_test-development\\vendor\\laravel\\framework\\src\\Illuminate\\Pipeline\\Pipeline.php(180): Illuminate\\Foundation\\Http\\Middleware\\ValidatePostSize->handle()
#51 E:\\Apache24\\htdocs\\medify_test-development\\vendor\\laravel\\framework\\src\\Illuminate\\Foundation\\Http\\Middleware\\PreventRequestsDuringMaintenance.php(86): Illuminate\\Pipeline\\Pipeline->Illuminate\\Pipeline\\{closure}()
#52 E:\\Apache24\\htdocs\\medify_test-development\\vendor\\laravel\\framework\\src\\Illuminate\\Pipeline\\Pipeline.php(180): Illuminate\\Foundation\\Http\\Middleware\\PreventRequestsDuringMaintenance->handle()
#53 E:\\Apache24\\htdocs\\medify_test-development\\vendor\\laravel\\framework\\src\\Illuminate\\Http\\Middleware\\HandleCors.php(49): Illuminate\\Pipeline\\Pipeline->Illuminate\\Pipeline\\{closure}()
#54 E:\\Apache24\\htdocs\\medify_test-development\\vendor\\laravel\\framework\\src\\Illuminate\\Pipeline\\Pipeline.php(180): Illuminate\\Http\\Middleware\\HandleCors->handle()
#55 E:\\Apache24\\htdocs\\medify_test-development\\vendor\\laravel\\framework\\src\\Illuminate\\Http\\Middleware\\TrustProxies.php(39): Illuminate\\Pipeline\\Pipeline->Illuminate\\Pipeline\\{closure}()
#56 E:\\Apache24\\htdocs\\medify_test-development\\vendor\\laravel\\framework\\src\\Illuminate\\Pipeline\\Pipeline.php(180): Illuminate\\Http\\Middleware\\TrustProxies->handle()
#57 E:\\Apache24\\htdocs\\medify_test-development\\vendor\\laravel\\framework\\src\\Illuminate\\Pipeline\\Pipeline.php(116): Illuminate\\Pipeline\\Pipeline->Illuminate\\Pipeline\\{closure}()
#58 E:\\Apache24\\htdocs\\medify_test-development\\vendor\\laravel\\framework\\src\\Illuminate\\Foundation\\Http\\Kernel.php(165): Illuminate\\Pipeline\\Pipeline->then()
#59 E:\\Apache24\\htdocs\\medify_test-development\\vendor\\laravel\\framework\\src\\Illuminate\\Foundation\\Http\\Kernel.php(134): Illuminate\\Foundation\\Http\\Kernel->sendRequestThroughRouter()
#60 E:\\Apache24\\htdocs\\medify_test-development\\public\\index.php(51): Illuminate\\Foundation\\Http\\Kernel->handle()
#61 E:\\Apache24\\htdocs\\medify_test-development\\vendor\\laravel\\framework\\src\\Illuminate\\Foundation\\resources\\server.php(16): require_once('...')
#62 {main}
"} 
[2026-10-06 06:54:32] local.ERROR: Undefined variable $semua_kategori {"userId":1,"exception":"[object] (Spatie\\LaravelIgnition\\Exceptions\\ViewException(code: 0): Undefined variable $semua_kategori at E:\\Apache24\\htdocs\\medify_test-development\\resources\\views\\master_items\\form\\form.blade.php:126)
[stacktrace]
#0 E:\\Apache24\\htdocs\\medify_test-development\\vendor\\laravel\\framework\\src\\Illuminate\\Foundation\\Bootstrap\\HandleExceptions.php(270): Illuminate\\Foundation\\Bootstrap\\HandleExceptions->handleError()
#1 E:\\Apache24\\htdocs\\medify_test-development\\resources\\views\\master_items\\form\\form.blade.php(126): Illuminate\\Foundation\\Bootstrap\\HandleExceptions->Illuminate\\Foundation\\Bootstrap\\{closure}()
#2 E:\\Apache24\\htdocs\\medify_test-development\\vendor\\laravel\\framework\\src\\Illuminate\\Filesystem\\Filesystem.php(109): require('...')
#3 E:\\Apache24\\htdocs\\medify_test-development\\vendor\\laravel\\framework\\src\\Illuminate\\Filesystem\\Filesystem.php(110): Illuminate\\Filesystem\\Filesystem::Illuminate\\Filesystem\\{closure}()
#4 E:\\Apache24\\htdocs\\medify_test-development\\vendor\\laravel\\framework\\src\\Illuminate\\View\\Engines\\PhpEngine.php(58): Illuminate\\Filesystem\\Filesystem->getRequire()
#5 E:\\Apache24\\htdocs\\medify_test-development\\vendor\\laravel\\framework\\src\\Illuminate\\View\\Engines\\CompilerEngine.php(70): Illuminate\\View\\Engines\\PhpEngine->evaluatePath()
#6 E:\\Apache24\\htdocs\\medify_test-development\\vendor\\laravel\\framework\\src\\Illuminate\\View\\View.php(195): Illuminate\\View\\Engines\\CompilerEngine->get()
#7 E:\\Apache24\\htdocs\\medify_test-development\\vendor\\laravel\\framework\\src\\Illuminate\\View\\View.php(178): Illuminate\\View\\View->getContents()
#8 E:\\Apache24\\htdocs\\medify_test-development\\vendor\\laravel\\framework\\src\\Illuminate\\View\\View.php(147): Illuminate\\View\\View->renderContents()
#9 E:\\Apache24\\htdocs\\medify_test-development\\resources\\views\\master_items\\form\\index.blade.php(19): Illuminate\\View\\View->render()
#10 E:\\Apache24\\htdocs\\medify_test-development\\vendor\\laravel\\framework\\src\\Illuminate\\Filesystem\\Filesystem.php(109): require('...')
#11 E:\\Apache24\\htdocs\\medify_test-development\\vendor\\laravel\\framework\\src\\Illuminate\\Filesystem\\Filesystem.php(110): Illuminate\\Filesystem\\Filesystem::Illuminate\\Filesystem\\{closure}()
#12 E:\\Apache24\\htdocs\\medify_test-development\\vendor\\laravel\\framework\\src\\Illuminate\\View\\Engines\\PhpEngine.php(58): Illuminate\\Filesystem\\Filesystem->getRequire()
#13 E:\\Apache24\\htdocs\\medify_test-development\\vendor\\laravel\\framework\\src\\Illuminate\\View\\Engines\\CompilerEngine.php(70): Illuminate\\View\\Engines\\PhpEngine->evaluatePath()
#14 E:\\Apache24\\htdocs\\medify_test-development\\vendor\\laravel\\framework\\src\\Illuminate\\View\\View.php(195): Illuminate\\View\\Engines\\CompilerEngine->get()
#15 E:\\Apache24\\htdocs\\medify_test-development\\vendor\\laravel\\framework\\src\\Illuminate\\View\\View.php(178): Illuminate\\View\\View->getContents()
#16 E:\\Apache24\\htdocs\\medify_test-development\\vendor\\laravel\\framework\\src\\Illuminate\\View\\View.php(147): Illuminate\\View\\View->renderContents()
#17 E:\\Apache24\\htdocs\\medify_test-development\\vendor\\laravel\\framework\\src\\Illuminate\\Http\\Response.php(69): Illuminate\\View\\View->render()
#18 E:\\Apache24\\htdocs\\medify_test-development\\vendor\\laravel\\framework\\src\\Illuminate\\Http\\Response.php(35): Illuminate\\Http\\Response->setContent()
#19 E:\\Apache24\\htdocs\\medify_test-development\\vendor\\laravel\\framework\\src\\Illuminate\\Routing\\Router.php(906): Illuminate\\Http\\Response->__construct()
#20 E:\\Apache24\\htdocs\\medify_test-development\\vendor\\laravel\\framework\\src\\Illuminate\\Routing\\Router.php(875): Illuminate\\Routing\\Router::toResponse()
#21 E:\\Apache24\\htdocs\\medify_test-development\\vendor\\laravel\\framework\\src\\Illuminate\\Routing\\Router.php(797): Illuminate\\Routing\\Router->prepareResponse()
#22 E:\\Apache24\\htdocs\\medify_test-development\\vendor\\laravel\\framework\\src\\Illuminate\\Pipeline\\Pipeline.php(141): Illuminate\\Routing\\Router->Illuminate\\Routing\\{closure}()
#23 E:\\Apache24\\htdocs\\medify_test-development\\vendor\\laravel\\framework\\src\\Illuminate\\Routing\\Middleware\\SubstituteBindings.php(50): Illuminate\\Pipeline\\Pipeline->Illuminate\\Pipeline\\{closure}()
#24 E:\\Apache24\\htdocs\\medify_test-development\\vendor\\laravel\\framework\\src\\Illuminate\\Pipeline\\Pipeline.php(180): Illuminate\\Routing\\Middleware\\SubstituteBindings->handle()
#25 E:\\Apache24\\htdocs\\medify_test-development\\vendor\\laravel\\framework\\src\\Illuminate\\Foundation\\Http\\Middleware\\VerifyCsrfToken.php(78): Illuminate\\Pipeline\\Pipeline->Illuminate\\Pipeline\\{closure}()
#26 E:\\Apache24\\htdocs\\medify_test-development\\vendor\\laravel\\framework\\src\\Illuminate\\Pipeline\\Pipeline.php(180): Illuminate\\Foundation\\Http\\Middleware\\VerifyCsrfToken->handle()
#27 E:\\Apache24\\htdocs\\medify_test-development\\vendor\\laravel\\framework\\src\\Illuminate\\View\\Middleware\\ShareErrorsFromSession.php(49): Illuminate\\Pipeline\\Pipeline->Illuminate\\Pipeline\\{closure}()
#28 E:\\Apache24\\htdocs\\medify_test-development\\vendor\\laravel\\framework\\src\\Illuminate\\Pipeline\\Pipeline.php(180): Illuminate\\View\\Middleware\\ShareErrorsFromSession->handle()
#29 E:\\Apache24\\htdocs\\medify_test-development\\vendor\\laravel\\framework\\src\\Illuminate\\Session\\Middleware\\StartSession.php(121): Illuminate\\Pipeline\\Pipeline->Illuminate\\Pipeline\\{closure}()
#30 E:\\Apache24\\htdocs\\medify_test-development\\vendor\\laravel\\framework\\src\\Illuminate\\Session\\Middleware\\StartSession.php(64): Illuminate\\Session\\Middleware\\StartSession->handleStatefulRequest()
#31 E:\\Apache24\\htdocs\\medify_test-development\\vendor\\laravel\\framework\\src\\Illuminate\\Pipeline\\Pipeline.php(180): Illuminate\\Session\\Middleware\\StartSession->handle()
#32 E:\\Apache24\\htdocs\\medify_test-development\\vendor\\laravel\\framework\\src\\Illuminate\\Cookie\\Middleware\\AddQueuedCookiesToResponse.php(37): Illuminate\\Pipeline\\Pipeline->Illuminate\\Pipeline\\{closure}()
#33 E:\\Apache24\\htdocs\\medify_test-development\\vendor\\laravel\\framework\\src\\Illuminate\\Pipeline\\Pipeline.php(180): Illuminate\\Cookie\\Middleware\\AddQueuedCookiesToResponse->handle()
#34 E:\\Apache24\\htdocs\\medify_test-development\\vendor\\laravel\\framework\\src\\Illuminate\\Cookie\\Middleware\\EncryptCookies.php(67): Illuminate\\Pipeline\\Pipeline->Illuminate\\Pipeline\\{closure}()
#35 E:\\Apache24\\htdocs\\medify_test-development\\vendor\\laravel\\framework\\src\\Illuminate\\Pipeline\\Pipeline.php(180): Illuminate\\Cookie\\Middleware\\EncryptCookies->handle()
#36 E:\\Apache24\\htdocs\\medify_test-development\\vendor\\laravel\\framework\\src\\Illuminate\\Pipeline\\Pipeline.php(116): Illuminate\\Pipeline\\Pipeline->Illuminate\\Pipeline\\{closure}()
#37 E:\\Apache24\\htdocs\\medify_test-development\\vendor\\laravel\\framework\\src\\Illuminate\\Routing\\Router.php(797): Illuminate\\Pipeline\\Pipeline->then()
#38 E:\\Apache24\\htdocs\\medify_test-development\\vendor\\laravel\\framework\\src\\Illuminate\\Routing\\Router.php(776): Illuminate\\Routing\\Router->runRouteWithinStack()
#39 E:\\Apache24\\htdocs\\medify_test-development\\vendor\\laravel\\framework\\src\\Illuminate\\Routing\\Router.php(740): Illuminate\\Routing\\Router->runRoute()
#40 E:\\Apache24\\htdocs\\medify_test-development\\vendor\\laravel\\framework\\src\\Illuminate\\Routing\\Router.php(729): Illuminate\\Routing\\Router->dispatchToRoute()
#41 E:\\Apache24\\htdocs\\medify_test-development\\vendor\\laravel\\framework\\src\\Illuminate\\Foundation\\Http\\Kernel.php(190): Illuminate\\Routing\\Router->dispatch()
#42 E:\\Apache24\\htdocs\\medify_test-development\\vendor\\laravel\\framework\\src\\Illuminate\\Pipeline\\Pipeline.php(141): Illuminate\\Foundation\\Http\\Kernel->Illuminate\\Foundation\\Http\\{closure}()
#43 E:\\Apache24\\htdocs\\medify_test-development\\vendor\\laravel\\framework\\src\\Illuminate\\Foundation\\Http\\Middleware\\TransformsRequest.php(21): Illuminate\\Pipeline\\Pipeline->Illuminate\\Pipeline\\{closure}()
#44 E:\\Apache24\\htdocs\\medify_test-development\\vendor\\laravel\\framework\\src\\Illuminate\\Foundation\\Http\\Middleware\\ConvertEmptyStringsToNull.php(31): Illuminate\\Foundation\\Http\\Middleware\\TransformsRequest->handle()
#45 E:\\Apache24\\htdocs\\medify_test-development\\vendor\\laravel\\framework\\src\\Illuminate\\Pipeline\\Pipeline.php(180): Illuminate\\Foundation\\Http\\Middleware\\ConvertEmptyStringsToNull->handle()
#46 E:\\Apache24\\htdocs\\medify_test-development\\vendor\\laravel\\framework\\src\\Illuminate\\Foundation\\Http\\Middleware\\TransformsRequest.php(21): Illuminate\\Pipeline\\Pipeline->Illuminate\\Pipeline\\{closure}()
#47 E:\\Apache24\\htdocs\\medify_test-development\\vendor\\laravel\\framework\\src\\Illuminate\\Foundation\\Http\\Middleware\\TrimStrings.php(40): Illuminate\\Foundation\\Http\\Middleware\\TransformsRequest->handle()
#48 E:\\Apache24\\htdocs\\medify_test-development\\vendor\\laravel\\framework\\src\\Illuminate\\Pipeline\\Pipeline.php(180): Illuminate\\Foundation\\Http\\Middleware\\TrimStrings->handle()
#49 E:\\Apache24\\htdocs\\medify_test-development\\vendor\\laravel\\framework\\src\\Illuminate\\Foundation\\Http\\Middleware\\ValidatePostSize.php(27): Illuminate\\Pipeline\\Pipeline->Illuminate\\Pipeline\\{closure}()
#50 E:\\Apache24\\htdocs\\medify_test-development\\vendor\\laravel\\framework\\src\\Illuminate\\Pipeline\\Pipeline.php(180): Illuminate\\Foundation\\Http\\Middleware\\ValidatePostSize->handle()
#51 E:\\Apache24\\htdocs\\medify_test-development\\vendor\\laravel\\framework\\src\\Illuminate\\Foundation\\Http\\Middleware\\PreventRequestsDuringMaintenance.php(86): Illuminate\\Pipeline\\Pipeline->Illuminate\\Pipeline\\{closure}()
#52 E:\\Apache24\\htdocs\\medify_test-development\\vendor\\laravel\\framework\\src\\Illuminate\\Pipeline\\Pipeline.php(180): Illuminate\\Foundation\\Http\\Middleware\\PreventRequestsDuringMaintenance->handle()
#53 E:\\Apache24\\htdocs\\medify_test-development\\vendor\\laravel\\framework\\src\\Illuminate\\Http\\Middleware\\HandleCors.php(49): Illuminate\\Pipeline\\Pipeline->Illuminate\\Pipeline\\{closure}()
#54 E:\\Apache24\\htdocs\\medify_test-development\\vendor\\laravel\\framework\\src\\Illuminate\\Pipeline\\Pipeline.php(180): Illuminate\\Http\\Middleware\\HandleCors->handle()
#55 E:\\Apache24\\htdocs\\medify_test-development\\vendor\\laravel\\framework\\src\\Illuminate\\Http\\Middleware\\TrustProxies.php(39): Illuminate\\Pipeline\\Pipeline->Illuminate\\Pipeline\\{closure}()
#56 E:\\Apache24\\htdocs\\medify_test-development\\vendor\\laravel\\framework\\src\\Illuminate\\Pipeline\\Pipeline.php(180): Illuminate\\Http\\Middleware\\TrustProxies->handle()
#57 E:\\Apache24\\htdocs\\medify_test-development\\vendor\\laravel\\framework\\src\\Illuminate\\Pipeline\\Pipeline.php(116): Illuminate\\Pipeline\\Pipeline->Illuminate\\Pipeline\\{closure}()
#58 E:\\Apache24\\htdocs\\medify_test-development\\vendor\\laravel\\framework\\src\\Illuminate\\Foundation\\Http\\Kernel.php(165): Illuminate\\Pipeline\\Pipeline->then()
#59 E:\\Apache24\\htdocs\\medify_test-development\\vendor\\laravel\\framework\\src\\Illuminate\\Foundation\\Http\\Kernel.php(134): Illuminate\\Foundation\\Http\\Kernel->sendRequestThroughRouter()
#60 E:\\Apache24\\htdocs\\medify_test-development\\public\\index.php(51): Illuminate\\Foundation\\Http\\Kernel->handle()
#61 E:\\Apache24\\htdocs\\medify_test-development\\vendor\\laravel\\framework\\src\\Illuminate\\Foundation\\resources\\server.php(16): require_once('...')
#62 {main}

[previous exception] [object] (ErrorException(code: 0): Undefined variable $semua_kategori at E:\\Apache24\\htdocs\\medify_test-development\\storage\\framework\\views\\ee9e9e73a412c95f97c6844b56b6ed3b8cff893c.php:126)
[stacktrace]
#0 E:\\Apache24\\htdocs\\medify_test-development\\vendor\\laravel\\framework\\src\\Illuminate\\Foundation\\Bootstrap\\HandleExceptions.php(270): Illuminate\\Foundation\\Bootstrap\\HandleExceptions->handleError()
#1 E:\\Apache24\\htdocs\\medify_test-development\\storage\\framework\\views\\ee9e9e73a412c95f97c6844b56b6ed3b8cff893c.php(126): Illuminate\\Foundation\\Bootstrap\\HandleExceptions->Illuminate\\Foundation\\Bootstrap\\{closure}()
#2 E:\\Apache24\\htdocs\\medify_test-development\\vendor\\laravel\\framework\\src\\Illuminate\\Filesystem\\Filesystem.php(109): require('...')
#3 E:\\Apache24\\htdocs\\medify_test-development\\vendor\\laravel\\framework\\src\\Illuminate\\Filesystem\\Filesystem.php(110): Illuminate\\Filesystem\\Filesystem::Illuminate\\Filesystem\\{closure}()
#4 E:\\Apache24\\htdocs\\medify_test-development\\vendor\\laravel\\framework\\src\\Illuminate\\View\\Engines\\PhpEngine.php(58): Illuminate\\Filesystem\\Filesystem->getRequire()
#5 E:\\Apache24\\htdocs\\medify_test-development\\vendor\\laravel\\framework\\src\\Illuminate\\View\\Engines\\CompilerEngine.php(70): Illuminate\\View\\Engines\\PhpEngine->evaluatePath()
#6 E:\\Apache24\\htdocs\\medify_test-development\\vendor\\laravel\\framework\\src\\Illuminate\\View\\View.php(195): Illuminate\\View\\Engines\\CompilerEngine->get()
#7 E:\\Apache24\\htdocs\\medify_test-development\\vendor\\laravel\\framework\\src\\Illuminate\\View\\View.php(178): Illuminate\\View\\View->getContents()
#8 E:\\Apache24\\htdocs\\medify_test-development\\vendor\\laravel\\framework\\src\\Illuminate\\View\\View.php(147): Illuminate\\View\\View->renderContents()
#9 E:\\Apache24\\htdocs\\medify_test-development\\storage\\framework\\views\\aed922246db696779f6f9f5765e26501a70a8ea5.php(17): Illuminate\\View\\View->render()
#10 E:\\Apache24\\htdocs\\medify_test-development\\vendor\\laravel\\framework\\src\\Illuminate\\Filesystem\\Filesystem.php(109): require('...')
#11 E:\\Apache24\\htdocs\\medify_test-development\\vendor\\laravel\\framework\\src\\Illuminate\\Filesystem\\Filesystem.php(110): Illuminate\\Filesystem\\Filesystem::Illuminate\\Filesystem\\{closure}()
#12 E:\\Apache24\\htdocs\\medify_test-development\\vendor\\laravel\\framework\\src\\Illuminate\\View\\Engines\\PhpEngine.php(58): Illuminate\\Filesystem\\Filesystem->getRequire()
#13 E:\\Apache24\\htdocs\\medify_test-development\\vendor\\laravel\\framework\\src\\Illuminate\\View\\Engines\\CompilerEngine.php(70): Illuminate\\View\\Engines\\PhpEngine->evaluatePath()
#14 E:\\Apache24\\htdocs\\medify_test-development\\vendor\\laravel\\framework\\src\\Illuminate\\View\\View.php(195): Illuminate\\View\\Engines\\CompilerEngine->get()
#15 E:\\Apache24\\htdocs\\medify_test-development\\vendor\\laravel\\framework\\src\\Illuminate\\View\\View.php(178): Illuminate\\View\\View->getContents()
#16 E:\\Apache24\\htdocs\\medify_test-development\\vendor\\laravel\\framework\\src\\Illuminate\\View\\View.php(147): Illuminate\\View\\View->renderContents()
#17 E:\\Apache24\\htdocs\\medify_test-development\\vendor\\laravel\\framework\\src\\Illuminate\\Http\\Response.php(69): Illuminate\\View\\View->render()
#18 E:\\Apache24\\htdocs\\medify_test-development\\vendor\\laravel\\framework\\src\\Illuminate\\Http\\Response.php(35): Illuminate\\Http\\Response->setContent()
#19 E:\\Apache24\\htdocs\\medify_test-development\\vendor\\laravel\\framework\\src\\Illuminate\\Routing\\Router.php(906): Illuminate\\Http\\Response->__construct()
#20 E:\\Apache24\\htdocs\\medify_test-development\\vendor\\laravel\\framework\\src\\Illuminate\\Routing\\Router.php(875): Illuminate\\Routing\\Router::toResponse()
#21 E:\\Apache24\\htdocs\\medify_test-development\\vendor\\laravel\\framework\\src\\Illuminate\\Routing\\Router.php(797): Illuminate\\Routing\\Router->prepareResponse()
#22 E:\\Apache24\\htdocs\\medify_test-development\\vendor\\laravel\\framework\\src\\Illuminate\\Pipeline\\Pipeline.php(141): Illuminate\\Routing\\Router->Illuminate\\Routing\\{closure}()
#23 E:\\Apache24\\htdocs\\medify_test-development\\vendor\\laravel\\framework\\src\\Illuminate\\Routing\\Middleware\\SubstituteBindings.php(50): Illuminate\\Pipeline\\Pipeline->Illuminate\\Pipeline\\{closure}()
#24 E:\\Apache24\\htdocs\\medify_test-development\\vendor\\laravel\\framework\\src\\Illuminate\\Pipeline\\Pipeline.php(180): Illuminate\\Routing\\Middleware\\SubstituteBindings->handle()
#25 E:\\Apache24\\htdocs\\medify_test-development\\vendor\\laravel\\framework\\src\\Illuminate\\Foundation\\Http\\Middleware\\VerifyCsrfToken.php(78): Illuminate\\Pipeline\\Pipeline->Illuminate\\Pipeline\\{closure}()
#26 E:\\Apache24\\htdocs\\medify_test-development\\vendor\\laravel\\framework\\src\\Illuminate\\Pipeline\\Pipeline.php(180): Illuminate\\Foundation\\Http\\Middleware\\VerifyCsrfToken->handle()
#27 E:\\Apache24\\htdocs\\medify_test-development\\vendor\\laravel\\framework\\src\\Illuminate\\View\\Middleware\\ShareErrorsFromSession.php(49): Illuminate\\Pipeline\\Pipeline->Illuminate\\Pipeline\\{closure}()
#28 E:\\Apache24\\htdocs\\medify_test-development\\vendor\\laravel\\framework\\src\\Illuminate\\Pipeline\\Pipeline.php(180): Illuminate\\View\\Middleware\\ShareErrorsFromSession->handle()
#29 E:\\Apache24\\htdocs\\medify_test-development\\vendor\\laravel\\framework\\src\\Illuminate\\Session\\Middleware\\StartSession.php(121): Illuminate\\Pipeline\\Pipeline->Illuminate\\Pipeline\\{closure}()
#30 E:\\Apache24\\htdocs\\medify_test-development\\vendor\\laravel\\framework\\src\\Illuminate\\Session\\Middleware\\StartSession.php(64): Illuminate\\Session\\Middleware\\StartSession->handleStatefulRequest()
#31 E:\\Apache24\\htdocs\\medify_test-development\\vendor\\laravel\\framework\\src\\Illuminate\\Pipeline\\Pipeline.php(180): Illuminate\\Session\\Middleware\\StartSession->handle()
#32 E:\\Apache24\\htdocs\\medify_test-development\\vendor\\laravel\\framework\\src\\Illuminate\\Cookie\\Middleware\\AddQueuedCookiesToResponse.php(37): Illuminate\\Pipeline\\Pipeline->Illuminate\\Pipeline\\{closure}()
#33 E:\\Apache24\\htdocs\\medify_test-development\\vendor\\laravel\\framework\\src\\Illuminate\\Pipeline\\Pipeline.php(180): Illuminate\\Cookie\\Middleware\\AddQueuedCookiesToResponse->handle()
#34 E:\\Apache24\\htdocs\\medify_test-development\\vendor\\laravel\\framework\\src\\Illuminate\\Cookie\\Middleware\\EncryptCookies.php(67): Illuminate\\Pipeline\\Pipeline->Illuminate\\Pipeline\\{closure}()
#35 E:\\Apache24\\htdocs\\medify_test-development\\vendor\\laravel\\framework\\src\\Illuminate\\Pipeline\\Pipeline.php(180): Illuminate\\Cookie\\Middleware\\EncryptCookies->handle()
#36 E:\\Apache24\\htdocs\\medify_test-development\\vendor\\laravel\\framework\\src\\Illuminate\\Pipeline\\Pipeline.php(116): Illuminate\\Pipeline\\Pipeline->Illuminate\\Pipeline\\{closure}()
#37 E:\\Apache24\\htdocs\\medify_test-development\\vendor\\laravel\\framework\\src\\Illuminate\\Routing\\Router.php(797): Illuminate\\Pipeline\\Pipeline->then()
#38 E:\\Apache24\\htdocs\\medify_test-development\\vendor\\laravel\\framework\\src\\Illuminate\\Routing\\Router.php(776): Illuminate\\Routing\\Router->runRouteWithinStack()
#39 E:\\Apache24\\htdocs\\medify_test-development\\vendor\\laravel\\framework\\src\\Illuminate\\Routing\\Router.php(740): Illuminate\\Routing\\Router->runRoute()
#40 E:\\Apache24\\htdocs\\medify_test-development\\vendor\\laravel\\framework\\src\\Illuminate\\Routing\\Router.php(729): Illuminate\\Routing\\Router->dispatchToRoute()
#41 E:\\Apache24\\htdocs\\medify_test-development\\vendor\\laravel\\framework\\src\\Illuminate\\Foundation\\Http\\Kernel.php(190): Illuminate\\Routing\\Router->dispatch()
#42 E:\\Apache24\\htdocs\\medify_test-development\\vendor\\laravel\\framework\\src\\Illuminate\\Pipeline\\Pipeline.php(141): Illuminate\\Foundation\\Http\\Kernel->Illuminate\\Foundation\\Http\\{closure}()
#43 E:\\Apache24\\htdocs\\medify_test-development\\vendor\\laravel\\framework\\src\\Illuminate\\Foundation\\Http\\Middleware\\TransformsRequest.php(21): Illuminate\\Pipeline\\Pipeline->Illuminate\\Pipeline\\{closure}()
#44 E:\\Apache24\\htdocs\\medify_test-development\\vendor\\laravel\\framework\\src\\Illuminate\\Foundation\\Http\\Middleware\\ConvertEmptyStringsToNull.php(31): Illuminate\\Foundation\\Http\\Middleware\\TransformsRequest->handle()
#45 E:\\Apache24\\htdocs\\medify_test-development\\vendor\\laravel\\framework\\src\\Illuminate\\Pipeline\\Pipeline.php(180): Illuminate\\Foundation\\Http\\Middleware\\ConvertEmptyStringsToNull->handle()
#46 E:\\Apache24\\htdocs\\medify_test-development\\vendor\\laravel\\framework\\src\\Illuminate\\Foundation\\Http\\Middleware\\TransformsRequest.php(21): Illuminate\\Pipeline\\Pipeline->Illuminate\\Pipeline\\{closure}()
#47 E:\\Apache24\\htdocs\\medify_test-development\\vendor\\laravel\\framework\\src\\Illuminate\\Foundation\\Http\\Middleware\\TrimStrings.php(40): Illuminate\\Foundation\\Http\\Middleware\\TransformsRequest->handle()
#48 E:\\Apache24\\htdocs\\medify_test-development\\vendor\\laravel\\framework\\src\\Illuminate\\Pipeline\\Pipeline.php(180): Illuminate\\Foundation\\Http\\Middleware\\TrimStrings->handle()
#49 E:\\Apache24\\htdocs\\medify_test-development\\vendor\\laravel\\framework\\src\\Illuminate\\Foundation\\Http\\Middleware\\ValidatePostSize.php(27): Illuminate\\Pipeline\\Pipeline->Illuminate\\Pipeline\\{closure}()
#50 E:\\Apache24\\htdocs\\medify_test-development\\vendor\\laravel\\framework\\src\\Illuminate\\Pipeline\\Pipeline.php(180): Illuminate\\Foundation\\Http\\Middleware\\ValidatePostSize->handle()
#51 E:\\Apache24\\htdocs\\medify_test-development\\vendor\\laravel\\framework\\src\\Illuminate\\Foundation\\Http\\Middleware\\PreventRequestsDuringMaintenance.php(86): Illuminate\\Pipeline\\Pipeline->Illuminate\\Pipeline\\{closure}()
#52 E:\\Apache24\\htdocs\\medify_test-development\\vendor\\laravel\\framework\\src\\Illuminate\\Pipeline\\Pipeline.php(180): Illuminate\\Foundation\\Http\\Middleware\\PreventRequestsDuringMaintenance->handle()
#53 E:\\Apache24\\htdocs\\medify_test-development\\vendor\\laravel\\framework\\src\\Illuminate\\Http\\Middleware\\HandleCors.php(49): Illuminate\\Pipeline\\Pipeline->Illuminate\\Pipeline\\{closure}()
#54 E:\\Apache24\\htdocs\\medify_test-development\\vendor\\laravel\\framework\\src\\Illuminate\\Pipeline\\Pipeline.php(180): Illuminate\\Http\\Middleware\\HandleCors->handle()
#55 E:\\Apache24\\htdocs\\medify_test-development\\vendor\\laravel\\framework\\src\\Illuminate\\Http\\Middleware\\TrustProxies.php(39): Illuminate\\Pipeline\\Pipeline->Illuminate\\Pipeline\\{closure}()
#56 E:\\Apache24\\htdocs\\medify_test-development\\vendor\\laravel\\framework\\src\\Illuminate\\Pipeline\\Pipeline.php(180): Illuminate\\Http\\Middleware\\TrustProxies->handle()
#57 E:\\Apache24\\htdocs\\medify_test-development\\vendor\\laravel\\framework\\src\\Illuminate\\Pipeline\\Pipeline.php(116): Illuminate\\Pipeline\\Pipeline->Illuminate\\Pipeline\\{closure}()
#58 E:\\Apache24\\htdocs\\medify_test-development\\vendor\\laravel\\framework\\src\\Illuminate\\Foundation\\Http\\Kernel.php(165): Illuminate\\Pipeline\\Pipeline->then()
#59 E:\\Apache24\\htdocs\\medify_test-development\\vendor\\laravel\\framework\\src\\Illuminate\\Foundation\\Http\\Kernel.php(134): Illuminate\\Foundation\\Http\\Kernel->sendRequestThroughRouter()
#60 E:\\Apache24\\htdocs\\medify_test-development\\public\\index.php(51): Illuminate\\Foundation\\Http\\Kernel->handle()
#61 E:\\Apache24\\htdocs\\medify_test-development\\vendor\\laravel\\framework\\src\\Illuminate\\Foundation\\resources\\server.php(16): require_once('...')
#62 {main}
"} 
[2026-10-06 07:05:18] local.ERROR: SQLSTATE[23000]: Integrity constraint violation: 1048 Column 'master_item_id' cannot be null (SQL: insert into `kategori_master_item` (`kategori_id`, `master_item_id`) values (1, ?)) {"userId":1,"exception":"[object] (Illuminate\\Database\\QueryException(code: 23000): SQLSTATE[23000]: Integrity constraint violation: 1048 Column 'master_item_id' cannot be null (SQL: insert into `kategori_master_item` (`kategori_id`, `master_item_id`) values (1, ?)) at E:\\Apache24\\htdocs\\medify_test-development\\vendor\\laravel\\framework\\src\\Illuminate\\Database\\Connection.php:760)
[stacktrace]
#0 E:\\Apache24\\htdocs\\medify_test-development\\vendor\\laravel\\framework\\src\\Illuminate\\Database\\Connection.php(720): Illuminate\\Database\\Connection->runQueryCallback()
#1 E:\\Apache24\\htdocs\\medify_test-development\\vendor\\laravel\\framework\\src\\Illuminate\\Database\\Connection.php(534): Illuminate\\Database\\Connection->run()
#2 E:\\Apache24\\htdocs\\medify_test-development\\vendor\\laravel\\framework\\src\\Illuminate\\Database\\Connection.php(498): Illuminate\\Database\\Connection->statement()
#3 E:\\Apache24\\htdocs\\medify_test-development\\vendor\\laravel\\framework\\src\\Illuminate\\Database\\Query\\Builder.php(3272): Illuminate\\Database\\Connection->insert()
#4 E:\\Apache24\\htdocs\\medify_test-development\\vendor\\laravel\\framework\\src\\Illuminate\\Database\\Eloquent\\Relations\\Concerns\\InteractsWithPivotTable.php(271): Illuminate\\Database\\Query\\Builder->insert()
#5 E:\\Apache24\\htdocs\\medify_test-development\\vendor\\laravel\\framework\\src\\Illuminate\\Database\\Eloquent\\Relations\\Concerns\\InteractsWithPivotTable.php(178): Illuminate\\Database\\Eloquent\\Relations\\BelongsToMany->attach()
#6 E:\\Apache24\\htdocs\\medify_test-development\\vendor\\laravel\\framework\\src\\Illuminate\\Database\\Eloquent\\Relations\\Concerns\\InteractsWithPivotTable.php(114): Illuminate\\Database\\Eloquent\\Relations\\BelongsToMany->attachNew()
#7 E:\\Apache24\\htdocs\\medify_test-development\\app\\Http\\Controllers\\MasterItemsController.php(177): Illuminate\\Database\\Eloquent\\Relations\\BelongsToMany->sync()
#8 E:\\Apache24\\htdocs\\medify_test-development\\vendor\\laravel\\framework\\src\\Illuminate\\Routing\\Controller.php(54): App\\Http\\Controllers\\MasterItemsController->formSubmit()
#9 E:\\Apache24\\htdocs\\medify_test-development\\vendor\\laravel\\framework\\src\\Illuminate\\Routing\\ControllerDispatcher.php(43): Illuminate\\Routing\\Controller->callAction()
#10 E:\\Apache24\\htdocs\\medify_test-development\\vendor\\laravel\\framework\\src\\Illuminate\\Routing\\Route.php(259): Illuminate\\Routing\\ControllerDispatcher->dispatch()
#11 E:\\Apache24\\htdocs\\medify_test-development\\vendor\\laravel\\framework\\src\\Illuminate\\Routing\\Route.php(205): Illuminate\\Routing\\Route->runController()
#12 E:\\Apache24\\htdocs\\medify_test-development\\vendor\\laravel\\framework\\src\\Illuminate\\Routing\\Router.php(798): Illuminate\\Routing\\Route->run()
#13 E:\\Apache24\\htdocs\\medify_test-development\\vendor\\laravel\\framework\\src\\Illuminate\\Pipeline\\Pipeline.php(141): Illuminate\\Routing\\Router->Illuminate\\Routing\\{closure}()
#14 E:\\Apache24\\htdocs\\medify_test-development\\vendor\\laravel\\framework\\src\\Illuminate\\Routing\\Middleware\\SubstituteBindings.php(50): Illuminate\\Pipeline\\Pipeline->Illuminate\\Pipeline\\{closure}()
#15 E:\\Apache24\\htdocs\\medify_test-development\\vendor\\laravel\\framework\\src\\Illuminate\\Pipeline\\Pipeline.php(180): Illuminate\\Routing\\Middleware\\SubstituteBindings->handle()
#16 E:\\Apache24\\htdocs\\medify_test-development\\vendor\\laravel\\framework\\src\\Illuminate\\Foundation\\Http\\Middleware\\VerifyCsrfToken.php(78): Illuminate\\Pipeline\\Pipeline->Illuminate\\Pipeline\\{closure}()
#17 E:\\Apache24\\htdocs\\medify_test-development\\vendor\\laravel\\framework\\src\\Illuminate\\Pipeline\\Pipeline.php(180): Illuminate\\Foundation\\Http\\Middleware\\VerifyCsrfToken->handle()
#18 E:\\Apache24\\htdocs\\medify_test-development\\vendor\\laravel\\framework\\src\\Illuminate\\View\\Middleware\\ShareErrorsFromSession.php(49): Illuminate\\Pipeline\\Pipeline->Illuminate\\Pipeline\\{closure}()
#19 E:\\Apache24\\htdocs\\medify_test-development\\vendor\\laravel\\framework\\src\\Illuminate\\Pipeline\\Pipeline.php(180): Illuminate\\View\\Middleware\\ShareErrorsFromSession->handle()
#20 E:\\Apache24\\htdocs\\medify_test-development\\vendor\\laravel\\framework\\src\\Illuminate\\Session\\Middleware\\StartSession.php(121): Illuminate\\Pipeline\\Pipeline->Illuminate\\Pipeline\\{closure}()
#21 E:\\Apache24\\htdocs\\medify_test-development\\vendor\\laravel\\framework\\src\\Illuminate\\Session\\Middleware\\StartSession.php(64): Illuminate\\Session\\Middleware\\StartSession->handleStatefulRequest()
#22 E:\\Apache24\\htdocs\\medify_test-development\\vendor\\laravel\\framework\\src\\Illuminate\\Pipeline\\Pipeline.php(180): Illuminate\\Session\\Middleware\\StartSession->handle()
#23 E:\\Apache24\\htdocs\\medify_test-development\\vendor\\laravel\\framework\\src\\Illuminate\\Cookie\\Middleware\\AddQueuedCookiesToResponse.php(37): Illuminate\\Pipeline\\Pipeline->Illuminate\\Pipeline\\{closure}()
#24 E:\\Apache24\\htdocs\\medify_test-development\\vendor\\laravel\\framework\\src\\Illuminate\\Pipeline\\Pipeline.php(180): Illuminate\\Cookie\\Middleware\\AddQueuedCookiesToResponse->handle()
#25 E:\\Apache24\\htdocs\\medify_test-development\\vendor\\laravel\\framework\\src\\Illuminate\\Cookie\\Middleware\\EncryptCookies.php(67): Illuminate\\Pipeline\\Pipeline->Illuminate\\Pipeline\\{closure}()
#26 E:\\Apache24\\htdocs\\medify_test-development\\vendor\\laravel\\framework\\src\\Illuminate\\Pipeline\\Pipeline.php(180): Illuminate\\Cookie\\Middleware\\EncryptCookies->handle()
#27 E:\\Apache24\\htdocs\\medify_test-development\\vendor\\laravel\\framework\\src\\Illuminate\\Pipeline\\Pipeline.php(116): Illuminate\\Pipeline\\Pipeline->Illuminate\\Pipeline\\{closure}()
#28 E:\\Apache24\\htdocs\\medify_test-development\\vendor\\laravel\\framework\\src\\Illuminate\\Routing\\Router.php(797): Illuminate\\Pipeline\\Pipeline->then()
#29 E:\\Apache24\\htdocs\\medify_test-development\\vendor\\laravel\\framework\\src\\Illuminate\\Routing\\Router.php(776): Illuminate\\Routing\\Router->runRouteWithinStack()
#30 E:\\Apache24\\htdocs\\medify_test-development\\vendor\\laravel\\framework\\src\\Illuminate\\Routing\\Router.php(740): Illuminate\\Routing\\Router->runRoute()
#31 E:\\Apache24\\htdocs\\medify_test-development\\vendor\\laravel\\framework\\src\\Illuminate\\Routing\\Router.php(729): Illuminate\\Routing\\Router->dispatchToRoute()
#32 E:\\Apache24\\htdocs\\medify_test-development\\vendor\\laravel\\framework\\src\\Illuminate\\Foundation\\Http\\Kernel.php(190): Illuminate\\Routing\\Router->dispatch()
#33 E:\\Apache24\\htdocs\\medify_test-development\\vendor\\laravel\\framework\\src\\Illuminate\\Pipeline\\Pipeline.php(141): Illuminate\\Foundation\\Http\\Kernel->Illuminate\\Foundation\\Http\\{closure}()
#34 E:\\Apache24\\htdocs\\medify_test-development\\vendor\\laravel\\framework\\src\\Illuminate\\Foundation\\Http\\Middleware\\TransformsRequest.php(21): Illuminate\\Pipeline\\Pipeline->Illuminate\\Pipeline\\{closure}()
#35 E:\\Apache24\\htdocs\\medify_test-development\\vendor\\laravel\\framework\\src\\Illuminate\\Foundation\\Http\\Middleware\\ConvertEmptyStringsToNull.php(31): Illuminate\\Foundation\\Http\\Middleware\\TransformsRequest->handle()
#36 E:\\Apache24\\htdocs\\medify_test-development\\vendor\\laravel\\framework\\src\\Illuminate\\Pipeline\\Pipeline.php(180): Illuminate\\Foundation\\Http\\Middleware\\ConvertEmptyStringsToNull->handle()
#37 E:\\Apache24\\htdocs\\medify_test-development\\vendor\\laravel\\framework\\src\\Illuminate\\Foundation\\Http\\Middleware\\TransformsRequest.php(21): Illuminate\\Pipeline\\Pipeline->Illuminate\\Pipeline\\{closure}()
#38 E:\\Apache24\\htdocs\\medify_test-development\\vendor\\laravel\\framework\\src\\Illuminate\\Foundation\\Http\\Middleware\\TrimStrings.php(40): Illuminate\\Foundation\\Http\\Middleware\\TransformsRequest->handle()
#39 E:\\Apache24\\htdocs\\medify_test-development\\vendor\\laravel\\framework\\src\\Illuminate\\Pipeline\\Pipeline.php(180): Illuminate\\Foundation\\Http\\Middleware\\TrimStrings->handle()
#40 E:\\Apache24\\htdocs\\medify_test-development\\vendor\\laravel\\framework\\src\\Illuminate\\Foundation\\Http\\Middleware\\ValidatePostSize.php(27): Illuminate\\Pipeline\\Pipeline->Illuminate\\Pipeline\\{closure}()
#41 E:\\Apache24\\htdocs\\medify_test-development\\vendor\\laravel\\framework\\src\\Illuminate\\Pipeline\\Pipeline.php(180): Illuminate\\Foundation\\Http\\Middleware\\ValidatePostSize->handle()
#42 E:\\Apache24\\htdocs\\medify_test-development\\vendor\\laravel\\framework\\src\\Illuminate\\Foundation\\Http\\Middleware\\PreventRequestsDuringMaintenance.php(86): Illuminate\\Pipeline\\Pipeline->Illuminate\\Pipeline\\{closure}()
#43 E:\\Apache24\\htdocs\\medify_test-development\\vendor\\laravel\\framework\\src\\Illuminate\\Pipeline\\Pipeline.php(180): Illuminate\\Foundation\\Http\\Middleware\\PreventRequestsDuringMaintenance->handle()
#44 E:\\Apache24\\htdocs\\medify_test-development\\vendor\\laravel\\framework\\src\\Illuminate\\Http\\Middleware\\HandleCors.php(49): Illuminate\\Pipeline\\Pipeline->Illuminate\\Pipeline\\{closure}()
#45 E:\\Apache24\\htdocs\\medify_test-development\\vendor\\laravel\\framework\\src\\Illuminate\\Pipeline\\Pipeline.php(180): Illuminate\\Http\\Middleware\\HandleCors->handle()
#46 E:\\Apache24\\htdocs\\medify_test-development\\vendor\\laravel\\framework\\src\\Illuminate\\Http\\Middleware\\TrustProxies.php(39): Illuminate\\Pipeline\\Pipeline->Illuminate\\Pipeline\\{closure}()
#47 E:\\Apache24\\htdocs\\medify_test-development\\vendor\\laravel\\framework\\src\\Illuminate\\Pipeline\\Pipeline.php(180): Illuminate\\Http\\Middleware\\TrustProxies->handle()
#48 E:\\Apache24\\htdocs\\medify_test-development\\vendor\\laravel\\framework\\src\\Illuminate\\Pipeline\\Pipeline.php(116): Illuminate\\Pipeline\\Pipeline->Illuminate\\Pipeline\\{closure}()
#49 E:\\Apache24\\htdocs\\medify_test-development\\vendor\\laravel\\framework\\src\\Illuminate\\Foundation\\Http\\Kernel.php(165): Illuminate\\Pipeline\\Pipeline->then()
#50 E:\\Apache24\\htdocs\\medify_test-development\\vendor\\laravel\\framework\\src\\Illuminate\\Foundation\\Http\\Kernel.php(134): Illuminate\\Foundation\\Http\\Kernel->sendRequestThroughRouter()
#51 E:\\Apache24\\htdocs\\medify_test-development\\public\\index.php(51): Illuminate\\Foundation\\Http\\Kernel->handle()
#52 E:\\Apache24\\htdocs\\medify_test-development\\vendor\\laravel\\framework\\src\\Illuminate\\Foundation\\resources\\server.php(16): require_once('...')
#53 {main}

[previous exception] [object] (PDOException(code: 23000): SQLSTATE[23000]: Integrity constraint violation: 1048 Column 'master_item_id' cannot be null at E:\\Apache24\\htdocs\\medify_test-development\\vendor\\laravel\\framework\\src\\Illuminate\\Database\\Connection.php:545)
[stacktrace]
#0 E:\\Apache24\\htdocs\\medify_test-development\\vendor\\laravel\\framework\\src\\Illuminate\\Database\\Connection.php(545): PDOStatement->execute()
#1 E:\\Apache24\\htdocs\\medify_test-development\\vendor\\laravel\\framework\\src\\Illuminate\\Database\\Connection.php(753): Illuminate\\Database\\Connection->Illuminate\\Database\\{closure}()
#2 E:\\Apache24\\htdocs\\medify_test-development\\vendor\\laravel\\framework\\src\\Illuminate\\Database\\Connection.php(720): Illuminate\\Database\\Connection->runQueryCallback()
#3 E:\\Apache24\\htdocs\\medify_test-development\\vendor\\laravel\\framework\\src\\Illuminate\\Database\\Connection.php(534): Illuminate\\Database\\Connection->run()
#4 E:\\Apache24\\htdocs\\medify_test-development\\vendor\\laravel\\framework\\src\\Illuminate\\Database\\Connection.php(498): Illuminate\\Database\\Connection->statement()
#5 E:\\Apache24\\htdocs\\medify_test-development\\vendor\\laravel\\framework\\src\\Illuminate\\Database\\Query\\Builder.php(3272): Illuminate\\Database\\Connection->insert()
#6 E:\\Apache24\\htdocs\\medify_test-development\\vendor\\laravel\\framework\\src\\Illuminate\\Database\\Eloquent\\Relations\\Concerns\\InteractsWithPivotTable.php(271): Illuminate\\Database\\Query\\Builder->insert()
#7 E:\\Apache24\\htdocs\\medify_test-development\\vendor\\laravel\\framework\\src\\Illuminate\\Database\\Eloquent\\Relations\\Concerns\\InteractsWithPivotTable.php(178): Illuminate\\Database\\Eloquent\\Relations\\BelongsToMany->attach()
#8 E:\\Apache24\\htdocs\\medify_test-development\\vendor\\laravel\\framework\\src\\Illuminate\\Database\\Eloquent\\Relations\\Concerns\\InteractsWithPivotTable.php(114): Illuminate\\Database\\Eloquent\\Relations\\BelongsToMany->attachNew()
#9 E:\\Apache24\\htdocs\\medify_test-development\\app\\Http\\Controllers\\MasterItemsController.php(177): Illuminate\\Database\\Eloquent\\Relations\\BelongsToMany->sync()
#10 E:\\Apache24\\htdocs\\medify_test-development\\vendor\\laravel\\framework\\src\\Illuminate\\Routing\\Controller.php(54): App\\Http\\Controllers\\MasterItemsController->formSubmit()
#11 E:\\Apache24\\htdocs\\medify_test-development\\vendor\\laravel\\framework\\src\\Illuminate\\Routing\\ControllerDispatcher.php(43): Illuminate\\Routing\\Controller->callAction()
#12 E:\\Apache24\\htdocs\\medify_test-development\\vendor\\laravel\\framework\\src\\Illuminate\\Routing\\Route.php(259): Illuminate\\Routing\\ControllerDispatcher->dispatch()
#13 E:\\Apache24\\htdocs\\medify_test-development\\vendor\\laravel\\framework\\src\\Illuminate\\Routing\\Route.php(205): Illuminate\\Routing\\Route->runController()
#14 E:\\Apache24\\htdocs\\medify_test-development\\vendor\\laravel\\framework\\src\\Illuminate\\Routing\\Router.php(798): Illuminate\\Routing\\Route->run()
#15 E:\\Apache24\\htdocs\\medify_test-development\\vendor\\laravel\\framework\\src\\Illuminate\\Pipeline\\Pipeline.php(141): Illuminate\\Routing\\Router->Illuminate\\Routing\\{closure}()
#16 E:\\Apache24\\htdocs\\medify_test-development\\vendor\\laravel\\framework\\src\\Illuminate\\Routing\\Middleware\\SubstituteBindings.php(50): Illuminate\\Pipeline\\Pipeline->Illuminate\\Pipeline\\{closure}()
#17 E:\\Apache24\\htdocs\\medify_test-development\\vendor\\laravel\\framework\\src\\Illuminate\\Pipeline\\Pipeline.php(180): Illuminate\\Routing\\Middleware\\SubstituteBindings->handle()
#18 E:\\Apache24\\htdocs\\medify_test-development\\vendor\\laravel\\framework\\src\\Illuminate\\Foundation\\Http\\Middleware\\VerifyCsrfToken.php(78): Illuminate\\Pipeline\\Pipeline->Illuminate\\Pipeline\\{closure}()
#19 E:\\Apache24\\htdocs\\medify_test-development\\vendor\\laravel\\framework\\src\\Illuminate\\Pipeline\\Pipeline.php(180): Illuminate\\Foundation\\Http\\Middleware\\VerifyCsrfToken->handle()
#20 E:\\Apache24\\htdocs\\medify_test-development\\vendor\\laravel\\framework\\src\\Illuminate\\View\\Middleware\\ShareErrorsFromSession.php(49): Illuminate\\Pipeline\\Pipeline->Illuminate\\Pipeline\\{closure}()
#21 E:\\Apache24\\htdocs\\medify_test-development\\vendor\\laravel\\framework\\src\\Illuminate\\Pipeline\\Pipeline.php(180): Illuminate\\View\\Middleware\\ShareErrorsFromSession->handle()
#22 E:\\Apache24\\htdocs\\medify_test-development\\vendor\\laravel\\framework\\src\\Illuminate\\Session\\Middleware\\StartSession.php(121): Illuminate\\Pipeline\\Pipeline->Illuminate\\Pipeline\\{closure}()
#23 E:\\Apache24\\htdocs\\medify_test-development\\vendor\\laravel\\framework\\src\\Illuminate\\Session\\Middleware\\StartSession.php(64): Illuminate\\Session\\Middleware\\StartSession->handleStatefulRequest()
#24 E:\\Apache24\\htdocs\\medify_test-development\\vendor\\laravel\\framework\\src\\Illuminate\\Pipeline\\Pipeline.php(180): Illuminate\\Session\\Middleware\\StartSession->handle()
#25 E:\\Apache24\\htdocs\\medify_test-development\\vendor\\laravel\\framework\\src\\Illuminate\\Cookie\\Middleware\\AddQueuedCookiesToResponse.php(37): Illuminate\\Pipeline\\Pipeline->Illuminate\\Pipeline\\{closure}()
#26 E:\\Apache24\\htdocs\\medify_test-development\\vendor\\laravel\\framework\\src\\Illuminate\\Pipeline\\Pipeline.php(180): Illuminate\\Cookie\\Middleware\\AddQueuedCookiesToResponse->handle()
#27 E:\\Apache24\\htdocs\\medify_test-development\\vendor\\laravel\\framework\\src\\Illuminate\\Cookie\\Middleware\\EncryptCookies.php(67): Illuminate\\Pipeline\\Pipeline->Illuminate\\Pipeline\\{closure}()
#28 E:\\Apache24\\htdocs\\medify_test-development\\vendor\\laravel\\framework\\src\\Illuminate\\Pipeline\\Pipeline.php(180): Illuminate\\Cookie\\Middleware\\EncryptCookies->handle()
#29 E:\\Apache24\\htdocs\\medify_test-development\\vendor\\laravel\\framework\\src\\Illuminate\\Pipeline\\Pipeline.php(116): Illuminate\\Pipeline\\Pipeline->Illuminate\\Pipeline\\{closure}()
#30 E:\\Apache24\\htdocs\\medify_test-development\\vendor\\laravel\\framework\\src\\Illuminate\\Routing\\Router.php(797): Illuminate\\Pipeline\\Pipeline->then()
#31 E:\\Apache24\\htdocs\\medify_test-development\\vendor\\laravel\\framework\\src\\Illuminate\\Routing\\Router.php(776): Illuminate\\Routing\\Router->runRouteWithinStack()
#32 E:\\Apache24\\htdocs\\medify_test-development\\vendor\\laravel\\framework\\src\\Illuminate\\Routing\\Router.php(740): Illuminate\\Routing\\Router->runRoute()
#33 E:\\Apache24\\htdocs\\medify_test-development\\vendor\\laravel\\framework\\src\\Illuminate\\Routing\\Router.php(729): Illuminate\\Routing\\Router->dispatchToRoute()
#34 E:\\Apache24\\htdocs\\medify_test-development\\vendor\\laravel\\framework\\src\\Illuminate\\Foundation\\Http\\Kernel.php(190): Illuminate\\Routing\\Router->dispatch()
#35 E:\\Apache24\\htdocs\\medify_test-development\\vendor\\laravel\\framework\\src\\Illuminate\\Pipeline\\Pipeline.php(141): Illuminate\\Foundation\\Http\\Kernel->Illuminate\\Foundation\\Http\\{closure}()
#36 E:\\Apache24\\htdocs\\medify_test-development\\vendor\\laravel\\framework\\src\\Illuminate\\Foundation\\Http\\Middleware\\TransformsRequest.php(21): Illuminate\\Pipeline\\Pipeline->Illuminate\\Pipeline\\{closure}()
#37 E:\\Apache24\\htdocs\\medify_test-development\\vendor\\laravel\\framework\\src\\Illuminate\\Foundation\\Http\\Middleware\\ConvertEmptyStringsToNull.php(31): Illuminate\\Foundation\\Http\\Middleware\\TransformsRequest->handle()
#38 E:\\Apache24\\htdocs\\medify_test-development\\vendor\\laravel\\framework\\src\\Illuminate\\Pipeline\\Pipeline.php(180): Illuminate\\Foundation\\Http\\Middleware\\ConvertEmptyStringsToNull->handle()
#39 E:\\Apache24\\htdocs\\medify_test-development\\vendor\\laravel\\framework\\src\\Illuminate\\Foundation\\Http\\Middleware\\TransformsRequest.php(21): Illuminate\\Pipeline\\Pipeline->Illuminate\\Pipeline\\{closure}()
#40 E:\\Apache24\\htdocs\\medify_test-development\\vendor\\laravel\\framework\\src\\Illuminate\\Foundation\\Http\\Middleware\\TrimStrings.php(40): Illuminate\\Foundation\\Http\\Middleware\\TransformsRequest->handle()
#41 E:\\Apache24\\htdocs\\medify_test-development\\vendor\\laravel\\framework\\src\\Illuminate\\Pipeline\\Pipeline.php(180): Illuminate\\Foundation\\Http\\Middleware\\TrimStrings->handle()
#42 E:\\Apache24\\htdocs\\medify_test-development\\vendor\\laravel\\framework\\src\\Illuminate\\Foundation\\Http\\Middleware\\ValidatePostSize.php(27): Illuminate\\Pipeline\\Pipeline->Illuminate\\Pipeline\\{closure}()
#43 E:\\Apache24\\htdocs\\medify_test-development\\vendor\\laravel\\framework\\src\\Illuminate\\Pipeline\\Pipeline.php(180): Illuminate\\Foundation\\Http\\Middleware\\ValidatePostSize->handle()
#44 E:\\Apache24\\htdocs\\medify_test-development\\vendor\\laravel\\framework\\src\\Illuminate\\Foundation\\Http\\Middleware\\PreventRequestsDuringMaintenance.php(86): Illuminate\\Pipeline\\Pipeline->Illuminate\\Pipeline\\{closure}()
#45 E:\\Apache24\\htdocs\\medify_test-development\\vendor\\laravel\\framework\\src\\Illuminate\\Pipeline\\Pipeline.php(180): Illuminate\\Foundation\\Http\\Middleware\\PreventRequestsDuringMaintenance->handle()
#46 E:\\Apache24\\htdocs\\medify_test-development\\vendor\\laravel\\framework\\src\\Illuminate\\Http\\Middleware\\HandleCors.php(49): Illuminate\\Pipeline\\Pipeline->Illuminate\\Pipeline\\{closure}()
#47 E:\\Apache24\\htdocs\\medify_test-development\\vendor\\laravel\\framework\\src\\Illuminate\\Pipeline\\Pipeline.php(180): Illuminate\\Http\\Middleware\\HandleCors->handle()
#48 E:\\Apache24\\htdocs\\medify_test-development\\vendor\\laravel\\framework\\src\\Illuminate\\Http\\Middleware\\TrustProxies.php(39): Illuminate\\Pipeline\\Pipeline->Illuminate\\Pipeline\\{closure}()
#49 E:\\Apache24\\htdocs\\medify_test-development\\vendor\\laravel\\framework\\src\\Illuminate\\Pipeline\\Pipeline.php(180): Illuminate\\Http\\Middleware\\TrustProxies->handle()
#50 E:\\Apache24\\htdocs\\medify_test-development\\vendor\\laravel\\framework\\src\\Illuminate\\Pipeline\\Pipeline.php(116): Illuminate\\Pipeline\\Pipeline->Illuminate\\Pipeline\\{closure}()
#51 E:\\Apache24\\htdocs\\medify_test-development\\vendor\\laravel\\framework\\src\\Illuminate\\Foundation\\Http\\Kernel.php(165): Illuminate\\Pipeline\\Pipeline->then()
#52 E:\\Apache24\\htdocs\\medify_test-development\\vendor\\laravel\\framework\\src\\Illuminate\\Foundation\\Http\\Kernel.php(134): Illuminate\\Foundation\\Http\\Kernel->sendRequestThroughRouter()
#53 E:\\Apache24\\htdocs\\medify_test-development\\public\\index.php(51): Illuminate\\Foundation\\Http\\Kernel->handle()
#54 E:\\Apache24\\htdocs\\medify_test-development\\vendor\\laravel\\framework\\src\\Illuminate\\Foundation\\resources\\server.php(16): require_once('...')
#55 {main}
"} 
[2026-10-06 07:06:39] local.ERROR: SQLSTATE[23000]: Integrity constraint violation: 1048 Column 'master_item_id' cannot be null (SQL: insert into `kategori_master_item` (`kategori_id`, `master_item_id`) values (1, ?)) {"userId":1,"exception":"[object] (Illuminate\\Database\\QueryException(code: 23000): SQLSTATE[23000]: Integrity constraint violation: 1048 Column 'master_item_id' cannot be null (SQL: insert into `kategori_master_item` (`kategori_id`, `master_item_id`) values (1, ?)) at E:\\Apache24\\htdocs\\medify_test-development\\vendor\\laravel\\framework\\src\\Illuminate\\Database\\Connection.php:760)
[stacktrace]
#0 E:\\Apache24\\htdocs\\medify_test-development\\vendor\\laravel\\framework\\src\\Illuminate\\Database\\Connection.php(720): Illuminate\\Database\\Connection->runQueryCallback()
#1 E:\\Apache24\\htdocs\\medify_test-development\\vendor\\laravel\\framework\\src\\Illuminate\\Database\\Connection.php(534): Illuminate\\Database\\Connection->run()
#2 E:\\Apache24\\htdocs\\medify_test-development\\vendor\\laravel\\framework\\src\\Illuminate\\Database\\Connection.php(498): Illuminate\\Database\\Connection->statement()
#3 E:\\Apache24\\htdocs\\medify_test-development\\vendor\\laravel\\framework\\src\\Illuminate\\Database\\Query\\Builder.php(3272): Illuminate\\Database\\Connection->insert()
#4 E:\\Apache24\\htdocs\\medify_test-development\\vendor\\laravel\\framework\\src\\Illuminate\\Database\\Eloquent\\Relations\\Concerns\\InteractsWithPivotTable.php(271): Illuminate\\Database\\Query\\Builder->insert()
#5 E:\\Apache24\\htdocs\\medify_test-development\\vendor\\laravel\\framework\\src\\Illuminate\\Database\\Eloquent\\Relations\\Concerns\\InteractsWithPivotTable.php(178): Illuminate\\Database\\Eloquent\\Relations\\BelongsToMany->attach()
#6 E:\\Apache24\\htdocs\\medify_test-development\\vendor\\laravel\\framework\\src\\Illuminate\\Database\\Eloquent\\Relations\\Concerns\\InteractsWithPivotTable.php(114): Illuminate\\Database\\Eloquent\\Relations\\BelongsToMany->attachNew()
#7 E:\\Apache24\\htdocs\\medify_test-development\\app\\Http\\Controllers\\MasterItemsController.php(177): Illuminate\\Database\\Eloquent\\Relations\\BelongsToMany->sync()
#8 E:\\Apache24\\htdocs\\medify_test-development\\vendor\\laravel\\framework\\src\\Illuminate\\Routing\\Controller.php(54): App\\Http\\Controllers\\MasterItemsController->formSubmit()
#9 E:\\Apache24\\htdocs\\medify_test-development\\vendor\\laravel\\framework\\src\\Illuminate\\Routing\\ControllerDispatcher.php(43): Illuminate\\Routing\\Controller->callAction()
#10 E:\\Apache24\\htdocs\\medify_test-development\\vendor\\laravel\\framework\\src\\Illuminate\\Routing\\Route.php(259): Illuminate\\Routing\\ControllerDispatcher->dispatch()
#11 E:\\Apache24\\htdocs\\medify_test-development\\vendor\\laravel\\framework\\src\\Illuminate\\Routing\\Route.php(205): Illuminate\\Routing\\Route->runController()
#12 E:\\Apache24\\htdocs\\medify_test-development\\vendor\\laravel\\framework\\src\\Illuminate\\Routing\\Router.php(798): Illuminate\\Routing\\Route->run()
#13 E:\\Apache24\\htdocs\\medify_test-development\\vendor\\laravel\\framework\\src\\Illuminate\\Pipeline\\Pipeline.php(141): Illuminate\\Routing\\Router->Illuminate\\Routing\\{closure}()
#14 E:\\Apache24\\htdocs\\medify_test-development\\vendor\\laravel\\framework\\src\\Illuminate\\Routing\\Middleware\\SubstituteBindings.php(50): Illuminate\\Pipeline\\Pipeline->Illuminate\\Pipeline\\{closure}()
#15 E:\\Apache24\\htdocs\\medify_test-development\\vendor\\laravel\\framework\\src\\Illuminate\\Pipeline\\Pipeline.php(180): Illuminate\\Routing\\Middleware\\SubstituteBindings->handle()
#16 E:\\Apache24\\htdocs\\medify_test-development\\vendor\\laravel\\framework\\src\\Illuminate\\Foundation\\Http\\Middleware\\VerifyCsrfToken.php(78): Illuminate\\Pipeline\\Pipeline->Illuminate\\Pipeline\\{closure}()
#17 E:\\Apache24\\htdocs\\medify_test-development\\vendor\\laravel\\framework\\src\\Illuminate\\Pipeline\\Pipeline.php(180): Illuminate\\Foundation\\Http\\Middleware\\VerifyCsrfToken->handle()
#18 E:\\Apache24\\htdocs\\medify_test-development\\vendor\\laravel\\framework\\src\\Illuminate\\View\\Middleware\\ShareErrorsFromSession.php(49): Illuminate\\Pipeline\\Pipeline->Illuminate\\Pipeline\\{closure}()
#19 E:\\Apache24\\htdocs\\medify_test-development\\vendor\\laravel\\framework\\src\\Illuminate\\Pipeline\\Pipeline.php(180): Illuminate\\View\\Middleware\\ShareErrorsFromSession->handle()
#20 E:\\Apache24\\htdocs\\medify_test-development\\vendor\\laravel\\framework\\src\\Illuminate\\Session\\Middleware\\StartSession.php(121): Illuminate\\Pipeline\\Pipeline->Illuminate\\Pipeline\\{closure}()
#21 E:\\Apache24\\htdocs\\medify_test-development\\vendor\\laravel\\framework\\src\\Illuminate\\Session\\Middleware\\StartSession.php(64): Illuminate\\Session\\Middleware\\StartSession->handleStatefulRequest()
#22 E:\\Apache24\\htdocs\\medify_test-development\\vendor\\laravel\\framework\\src\\Illuminate\\Pipeline\\Pipeline.php(180): Illuminate\\Session\\Middleware\\StartSession->handle()
#23 E:\\Apache24\\htdocs\\medify_test-development\\vendor\\laravel\\framework\\src\\Illuminate\\Cookie\\Middleware\\AddQueuedCookiesToResponse.php(37): Illuminate\\Pipeline\\Pipeline->Illuminate\\Pipeline\\{closure}()
#24 E:\\Apache24\\htdocs\\medify_test-development\\vendor\\laravel\\framework\\src\\Illuminate\\Pipeline\\Pipeline.php(180): Illuminate\\Cookie\\Middleware\\AddQueuedCookiesToResponse->handle()
#25 E:\\Apache24\\htdocs\\medify_test-development\\vendor\\laravel\\framework\\src\\Illuminate\\Cookie\\Middleware\\EncryptCookies.php(67): Illuminate\\Pipeline\\Pipeline->Illuminate\\Pipeline\\{closure}()
#26 E:\\Apache24\\htdocs\\medify_test-development\\vendor\\laravel\\framework\\src\\Illuminate\\Pipeline\\Pipeline.php(180): Illuminate\\Cookie\\Middleware\\EncryptCookies->handle()
#27 E:\\Apache24\\htdocs\\medify_test-development\\vendor\\laravel\\framework\\src\\Illuminate\\Pipeline\\Pipeline.php(116): Illuminate\\Pipeline\\Pipeline->Illuminate\\Pipeline\\{closure}()
#28 E:\\Apache24\\htdocs\\medify_test-development\\vendor\\laravel\\framework\\src\\Illuminate\\Routing\\Router.php(797): Illuminate\\Pipeline\\Pipeline->then()
#29 E:\\Apache24\\htdocs\\medify_test-development\\vendor\\laravel\\framework\\src\\Illuminate\\Routing\\Router.php(776): Illuminate\\Routing\\Router->runRouteWithinStack()
#30 E:\\Apache24\\htdocs\\medify_test-development\\vendor\\laravel\\framework\\src\\Illuminate\\Routing\\Router.php(740): Illuminate\\Routing\\Router->runRoute()
#31 E:\\Apache24\\htdocs\\medify_test-development\\vendor\\laravel\\framework\\src\\Illuminate\\Routing\\Router.php(729): Illuminate\\Routing\\Router->dispatchToRoute()
#32 E:\\Apache24\\htdocs\\medify_test-development\\vendor\\laravel\\framework\\src\\Illuminate\\Foundation\\Http\\Kernel.php(190): Illuminate\\Routing\\Router->dispatch()
#33 E:\\Apache24\\htdocs\\medify_test-development\\vendor\\laravel\\framework\\src\\Illuminate\\Pipeline\\Pipeline.php(141): Illuminate\\Foundation\\Http\\Kernel->Illuminate\\Foundation\\Http\\{closure}()
#34 E:\\Apache24\\htdocs\\medify_test-development\\vendor\\laravel\\framework\\src\\Illuminate\\Foundation\\Http\\Middleware\\TransformsRequest.php(21): Illuminate\\Pipeline\\Pipeline->Illuminate\\Pipeline\\{closure}()
#35 E:\\Apache24\\htdocs\\medify_test-development\\vendor\\laravel\\framework\\src\\Illuminate\\Foundation\\Http\\Middleware\\ConvertEmptyStringsToNull.php(31): Illuminate\\Foundation\\Http\\Middleware\\TransformsRequest->handle()
#36 E:\\Apache24\\htdocs\\medify_test-development\\vendor\\laravel\\framework\\src\\Illuminate\\Pipeline\\Pipeline.php(180): Illuminate\\Foundation\\Http\\Middleware\\ConvertEmptyStringsToNull->handle()
#37 E:\\Apache24\\htdocs\\medify_test-development\\vendor\\laravel\\framework\\src\\Illuminate\\Foundation\\Http\\Middleware\\TransformsRequest.php(21): Illuminate\\Pipeline\\Pipeline->Illuminate\\Pipeline\\{closure}()
#38 E:\\Apache24\\htdocs\\medify_test-development\\vendor\\laravel\\framework\\src\\Illuminate\\Foundation\\Http\\Middleware\\TrimStrings.php(40): Illuminate\\Foundation\\Http\\Middleware\\TransformsRequest->handle()
#39 E:\\Apache24\\htdocs\\medify_test-development\\vendor\\laravel\\framework\\src\\Illuminate\\Pipeline\\Pipeline.php(180): Illuminate\\Foundation\\Http\\Middleware\\TrimStrings->handle()
#40 E:\\Apache24\\htdocs\\medify_test-development\\vendor\\laravel\\framework\\src\\Illuminate\\Foundation\\Http\\Middleware\\ValidatePostSize.php(27): Illuminate\\Pipeline\\Pipeline->Illuminate\\Pipeline\\{closure}()
#41 E:\\Apache24\\htdocs\\medify_test-development\\vendor\\laravel\\framework\\src\\Illuminate\\Pipeline\\Pipeline.php(180): Illuminate\\Foundation\\Http\\Middleware\\ValidatePostSize->handle()
#42 E:\\Apache24\\htdocs\\medify_test-development\\vendor\\laravel\\framework\\src\\Illuminate\\Foundation\\Http\\Middleware\\PreventRequestsDuringMaintenance.php(86): Illuminate\\Pipeline\\Pipeline->Illuminate\\Pipeline\\{closure}()
#43 E:\\Apache24\\htdocs\\medify_test-development\\vendor\\laravel\\framework\\src\\Illuminate\\Pipeline\\Pipeline.php(180): Illuminate\\Foundation\\Http\\Middleware\\PreventRequestsDuringMaintenance->handle()
#44 E:\\Apache24\\htdocs\\medify_test-development\\vendor\\laravel\\framework\\src\\Illuminate\\Http\\Middleware\\HandleCors.php(49): Illuminate\\Pipeline\\Pipeline->Illuminate\\Pipeline\\{closure}()
#45 E:\\Apache24\\htdocs\\medify_test-development\\vendor\\laravel\\framework\\src\\Illuminate\\Pipeline\\Pipeline.php(180): Illuminate\\Http\\Middleware\\HandleCors->handle()
#46 E:\\Apache24\\htdocs\\medify_test-development\\vendor\\laravel\\framework\\src\\Illuminate\\Http\\Middleware\\TrustProxies.php(39): Illuminate\\Pipeline\\Pipeline->Illuminate\\Pipeline\\{closure}()
#47 E:\\Apache24\\htdocs\\medify_test-development\\vendor\\laravel\\framework\\src\\Illuminate\\Pipeline\\Pipeline.php(180): Illuminate\\Http\\Middleware\\TrustProxies->handle()
#48 E:\\Apache24\\htdocs\\medify_test-development\\vendor\\laravel\\framework\\src\\Illuminate\\Pipeline\\Pipeline.php(116): Illuminate\\Pipeline\\Pipeline->Illuminate\\Pipeline\\{closure}()
#49 E:\\Apache24\\htdocs\\medify_test-development\\vendor\\laravel\\framework\\src\\Illuminate\\Foundation\\Http\\Kernel.php(165): Illuminate\\Pipeline\\Pipeline->then()
#50 E:\\Apache24\\htdocs\\medify_test-development\\vendor\\laravel\\framework\\src\\Illuminate\\Foundation\\Http\\Kernel.php(134): Illuminate\\Foundation\\Http\\Kernel->sendRequestThroughRouter()
#51 E:\\Apache24\\htdocs\\medify_test-development\\public\\index.php(51): Illuminate\\Foundation\\Http\\Kernel->handle()
#52 E:\\Apache24\\htdocs\\medify_test-development\\vendor\\laravel\\framework\\src\\Illuminate\\Foundation\\resources\\server.php(16): require_once('...')
#53 {main}

[previous exception] [object] (PDOException(code: 23000): SQLSTATE[23000]: Integrity constraint violation: 1048 Column 'master_item_id' cannot be null at E:\\Apache24\\htdocs\\medify_test-development\\vendor\\laravel\\framework\\src\\Illuminate\\Database\\Connection.php:545)
[stacktrace]
#0 E:\\Apache24\\htdocs\\medify_test-development\\vendor\\laravel\\framework\\src\\Illuminate\\Database\\Connection.php(545): PDOStatement->execute()
#1 E:\\Apache24\\htdocs\\medify_test-development\\vendor\\laravel\\framework\\src\\Illuminate\\Database\\Connection.php(753): Illuminate\\Database\\Connection->Illuminate\\Database\\{closure}()
#2 E:\\Apache24\\htdocs\\medify_test-development\\vendor\\laravel\\framework\\src\\Illuminate\\Database\\Connection.php(720): Illuminate\\Database\\Connection->runQueryCallback()
#3 E:\\Apache24\\htdocs\\medify_test-development\\vendor\\laravel\\framework\\src\\Illuminate\\Database\\Connection.php(534): Illuminate\\Database\\Connection->run()
#4 E:\\Apache24\\htdocs\\medify_test-development\\vendor\\laravel\\framework\\src\\Illuminate\\Database\\Connection.php(498): Illuminate\\Database\\Connection->statement()
#5 E:\\Apache24\\htdocs\\medify_test-development\\vendor\\laravel\\framework\\src\\Illuminate\\Database\\Query\\Builder.php(3272): Illuminate\\Database\\Connection->insert()
#6 E:\\Apache24\\htdocs\\medify_test-development\\vendor\\laravel\\framework\\src\\Illuminate\\Database\\Eloquent\\Relations\\Concerns\\InteractsWithPivotTable.php(271): Illuminate\\Database\\Query\\Builder->insert()
#7 E:\\Apache24\\htdocs\\medify_test-development\\vendor\\laravel\\framework\\src\\Illuminate\\Database\\Eloquent\\Relations\\Concerns\\InteractsWithPivotTable.php(178): Illuminate\\Database\\Eloquent\\Relations\\BelongsToMany->attach()
#8 E:\\Apache24\\htdocs\\medify_test-development\\vendor\\laravel\\framework\\src\\Illuminate\\Database\\Eloquent\\Relations\\Concerns\\InteractsWithPivotTable.php(114): Illuminate\\Database\\Eloquent\\Relations\\BelongsToMany->attachNew()
#9 E:\\Apache24\\htdocs\\medify_test-development\\app\\Http\\Controllers\\MasterItemsController.php(177): Illuminate\\Database\\Eloquent\\Relations\\BelongsToMany->sync()
#10 E:\\Apache24\\htdocs\\medify_test-development\\vendor\\laravel\\framework\\src\\Illuminate\\Routing\\Controller.php(54): App\\Http\\Controllers\\MasterItemsController->formSubmit()
#11 E:\\Apache24\\htdocs\\medify_test-development\\vendor\\laravel\\framework\\src\\Illuminate\\Routing\\ControllerDispatcher.php(43): Illuminate\\Routing\\Controller->callAction()
#12 E:\\Apache24\\htdocs\\medify_test-development\\vendor\\laravel\\framework\\src\\Illuminate\\Routing\\Route.php(259): Illuminate\\Routing\\ControllerDispatcher->dispatch()
#13 E:\\Apache24\\htdocs\\medify_test-development\\vendor\\laravel\\framework\\src\\Illuminate\\Routing\\Route.php(205): Illuminate\\Routing\\Route->runController()
#14 E:\\Apache24\\htdocs\\medify_test-development\\vendor\\laravel\\framework\\src\\Illuminate\\Routing\\Router.php(798): Illuminate\\Routing\\Route->run()
#15 E:\\Apache24\\htdocs\\medify_test-development\\vendor\\laravel\\framework\\src\\Illuminate\\Pipeline\\Pipeline.php(141): Illuminate\\Routing\\Router->Illuminate\\Routing\\{closure}()
#16 E:\\Apache24\\htdocs\\medify_test-development\\vendor\\laravel\\framework\\src\\Illuminate\\Routing\\Middleware\\SubstituteBindings.php(50): Illuminate\\Pipeline\\Pipeline->Illuminate\\Pipeline\\{closure}()
#17 E:\\Apache24\\htdocs\\medify_test-development\\vendor\\laravel\\framework\\src\\Illuminate\\Pipeline\\Pipeline.php(180): Illuminate\\Routing\\Middleware\\SubstituteBindings->handle()
#18 E:\\Apache24\\htdocs\\medify_test-development\\vendor\\laravel\\framework\\src\\Illuminate\\Foundation\\Http\\Middleware\\VerifyCsrfToken.php(78): Illuminate\\Pipeline\\Pipeline->Illuminate\\Pipeline\\{closure}()
#19 E:\\Apache24\\htdocs\\medify_test-development\\vendor\\laravel\\framework\\src\\Illuminate\\Pipeline\\Pipeline.php(180): Illuminate\\Foundation\\Http\\Middleware\\VerifyCsrfToken->handle()
#20 E:\\Apache24\\htdocs\\medify_test-development\\vendor\\laravel\\framework\\src\\Illuminate\\View\\Middleware\\ShareErrorsFromSession.php(49): Illuminate\\Pipeline\\Pipeline->Illuminate\\Pipeline\\{closure}()
#21 E:\\Apache24\\htdocs\\medify_test-development\\vendor\\laravel\\framework\\src\\Illuminate\\Pipeline\\Pipeline.php(180): Illuminate\\View\\Middleware\\ShareErrorsFromSession->handle()
#22 E:\\Apache24\\htdocs\\medify_test-development\\vendor\\laravel\\framework\\src\\Illuminate\\Session\\Middleware\\StartSession.php(121): Illuminate\\Pipeline\\Pipeline->Illuminate\\Pipeline\\{closure}()
#23 E:\\Apache24\\htdocs\\medify_test-development\\vendor\\laravel\\framework\\src\\Illuminate\\Session\\Middleware\\StartSession.php(64): Illuminate\\Session\\Middleware\\StartSession->handleStatefulRequest()
#24 E:\\Apache24\\htdocs\\medify_test-development\\vendor\\laravel\\framework\\src\\Illuminate\\Pipeline\\Pipeline.php(180): Illuminate\\Session\\Middleware\\StartSession->handle()
#25 E:\\Apache24\\htdocs\\medify_test-development\\vendor\\laravel\\framework\\src\\Illuminate\\Cookie\\Middleware\\AddQueuedCookiesToResponse.php(37): Illuminate\\Pipeline\\Pipeline->Illuminate\\Pipeline\\{closure}()
#26 E:\\Apache24\\htdocs\\medify_test-development\\vendor\\laravel\\framework\\src\\Illuminate\\Pipeline\\Pipeline.php(180): Illuminate\\Cookie\\Middleware\\AddQueuedCookiesToResponse->handle()
#27 E:\\Apache24\\htdocs\\medify_test-development\\vendor\\laravel\\framework\\src\\Illuminate\\Cookie\\Middleware\\EncryptCookies.php(67): Illuminate\\Pipeline\\Pipeline->Illuminate\\Pipeline\\{closure}()
#28 E:\\Apache24\\htdocs\\medify_test-development\\vendor\\laravel\\framework\\src\\Illuminate\\Pipeline\\Pipeline.php(180): Illuminate\\Cookie\\Middleware\\EncryptCookies->handle()
#29 E:\\Apache24\\htdocs\\medify_test-development\\vendor\\laravel\\framework\\src\\Illuminate\\Pipeline\\Pipeline.php(116): Illuminate\\Pipeline\\Pipeline->Illuminate\\Pipeline\\{closure}()
#30 E:\\Apache24\\htdocs\\medify_test-development\\vendor\\laravel\\framework\\src\\Illuminate\\Routing\\Router.php(797): Illuminate\\Pipeline\\Pipeline->then()
#31 E:\\Apache24\\htdocs\\medify_test-development\\vendor\\laravel\\framework\\src\\Illuminate\\Routing\\Router.php(776): Illuminate\\Routing\\Router->runRouteWithinStack()
#32 E:\\Apache24\\htdocs\\medify_test-development\\vendor\\laravel\\framework\\src\\Illuminate\\Routing\\Router.php(740): Illuminate\\Routing\\Router->runRoute()
#33 E:\\Apache24\\htdocs\\medify_test-development\\vendor\\laravel\\framework\\src\\Illuminate\\Routing\\Router.php(729): Illuminate\\Routing\\Router->dispatchToRoute()
#34 E:\\Apache24\\htdocs\\medify_test-development\\vendor\\laravel\\framework\\src\\Illuminate\\Foundation\\Http\\Kernel.php(190): Illuminate\\Routing\\Router->dispatch()
#35 E:\\Apache24\\htdocs\\medify_test-development\\vendor\\laravel\\framework\\src\\Illuminate\\Pipeline\\Pipeline.php(141): Illuminate\\Foundation\\Http\\Kernel->Illuminate\\Foundation\\Http\\{closure}()
#36 E:\\Apache24\\htdocs\\medify_test-development\\vendor\\laravel\\framework\\src\\Illuminate\\Foundation\\Http\\Middleware\\TransformsRequest.php(21): Illuminate\\Pipeline\\Pipeline->Illuminate\\Pipeline\\{closure}()
#37 E:\\Apache24\\htdocs\\medify_test-development\\vendor\\laravel\\framework\\src\\Illuminate\\Foundation\\Http\\Middleware\\ConvertEmptyStringsToNull.php(31): Illuminate\\Foundation\\Http\\Middleware\\TransformsRequest->handle()
#38 E:\\Apache24\\htdocs\\medify_test-development\\vendor\\laravel\\framework\\src\\Illuminate\\Pipeline\\Pipeline.php(180): Illuminate\\Foundation\\Http\\Middleware\\ConvertEmptyStringsToNull->handle()
#39 E:\\Apache24\\htdocs\\medify_test-development\\vendor\\laravel\\framework\\src\\Illuminate\\Foundation\\Http\\Middleware\\TransformsRequest.php(21): Illuminate\\Pipeline\\Pipeline->Illuminate\\Pipeline\\{closure}()
#40 E:\\Apache24\\htdocs\\medify_test-development\\vendor\\laravel\\framework\\src\\Illuminate\\Foundation\\Http\\Middleware\\TrimStrings.php(40): Illuminate\\Foundation\\Http\\Middleware\\TransformsRequest->handle()
#41 E:\\Apache24\\htdocs\\medify_test-development\\vendor\\laravel\\framework\\src\\Illuminate\\Pipeline\\Pipeline.php(180): Illuminate\\Foundation\\Http\\Middleware\\TrimStrings->handle()
#42 E:\\Apache24\\htdocs\\medify_test-development\\vendor\\laravel\\framework\\src\\Illuminate\\Foundation\\Http\\Middleware\\ValidatePostSize.php(27): Illuminate\\Pipeline\\Pipeline->Illuminate\\Pipeline\\{closure}()
#43 E:\\Apache24\\htdocs\\medify_test-development\\vendor\\laravel\\framework\\src\\Illuminate\\Pipeline\\Pipeline.php(180): Illuminate\\Foundation\\Http\\Middleware\\ValidatePostSize->handle()
#44 E:\\Apache24\\htdocs\\medify_test-development\\vendor\\laravel\\framework\\src\\Illuminate\\Foundation\\Http\\Middleware\\PreventRequestsDuringMaintenance.php(86): Illuminate\\Pipeline\\Pipeline->Illuminate\\Pipeline\\{closure}()
#45 E:\\Apache24\\htdocs\\medify_test-development\\vendor\\laravel\\framework\\src\\Illuminate\\Pipeline\\Pipeline.php(180): Illuminate\\Foundation\\Http\\Middleware\\PreventRequestsDuringMaintenance->handle()
#46 E:\\Apache24\\htdocs\\medify_test-development\\vendor\\laravel\\framework\\src\\Illuminate\\Http\\Middleware\\HandleCors.php(49): Illuminate\\Pipeline\\Pipeline->Illuminate\\Pipeline\\{closure}()
#47 E:\\Apache24\\htdocs\\medify_test-development\\vendor\\laravel\\framework\\src\\Illuminate\\Pipeline\\Pipeline.php(180): Illuminate\\Http\\Middleware\\HandleCors->handle()
#48 E:\\Apache24\\htdocs\\medify_test-development\\vendor\\laravel\\framework\\src\\Illuminate\\Http\\Middleware\\TrustProxies.php(39): Illuminate\\Pipeline\\Pipeline->Illuminate\\Pipeline\\{closure}()
#49 E:\\Apache24\\htdocs\\medify_test-development\\vendor\\laravel\\framework\\src\\Illuminate\\Pipeline\\Pipeline.php(180): Illuminate\\Http\\Middleware\\TrustProxies->handle()
#50 E:\\Apache24\\htdocs\\medify_test-development\\vendor\\laravel\\framework\\src\\Illuminate\\Pipeline\\Pipeline.php(116): Illuminate\\Pipeline\\Pipeline->Illuminate\\Pipeline\\{closure}()
#51 E:\\Apache24\\htdocs\\medify_test-development\\vendor\\laravel\\framework\\src\\Illuminate\\Foundation\\Http\\Kernel.php(165): Illuminate\\Pipeline\\Pipeline->then()
#52 E:\\Apache24\\htdocs\\medify_test-development\\vendor\\laravel\\framework\\src\\Illuminate\\Foundation\\Http\\Kernel.php(134): Illuminate\\Foundation\\Http\\Kernel->sendRequestThroughRouter()
#53 E:\\Apache24\\htdocs\\medify_test-development\\public\\index.php(51): Illuminate\\Foundation\\Http\\Kernel->handle()
#54 E:\\Apache24\\htdocs\\medify_test-development\\vendor\\laravel\\framework\\src\\Illuminate\\Foundation\\resources\\server.php(16): require_once('...')
#55 {main}
"} 
[2026-10-06 07:08:03] local.ERROR: SQLSTATE[23000]: Integrity constraint violation: 1048 Column 'master_item_id' cannot be null (SQL: insert into `kategori_master_item` (`kategori_id`, `master_item_id`) values (1, ?)) {"userId":1,"exception":"[object] (Illuminate\\Database\\QueryException(code: 23000): SQLSTATE[23000]: Integrity constraint violation: 1048 Column 'master_item_id' cannot be null (SQL: insert into `kategori_master_item` (`kategori_id`, `master_item_id`) values (1, ?)) at E:\\Apache24\\htdocs\\medify_test-development\\vendor\\laravel\\framework\\src\\Illuminate\\Database\\Connection.php:760)
[stacktrace]
#0 E:\\Apache24\\htdocs\\medify_test-development\\vendor\\laravel\\framework\\src\\Illuminate\\Database\\Connection.php(720): Illuminate\\Database\\Connection->runQueryCallback()
#1 E:\\Apache24\\htdocs\\medify_test-development\\vendor\\laravel\\framework\\src\\Illuminate\\Database\\Connection.php(534): Illuminate\\Database\\Connection->run()
#2 E:\\Apache24\\htdocs\\medify_test-development\\vendor\\laravel\\framework\\src\\Illuminate\\Database\\Connection.php(498): Illuminate\\Database\\Connection->statement()
#3 E:\\Apache24\\htdocs\\medify_test-development\\vendor\\laravel\\framework\\src\\Illuminate\\Database\\Query\\Builder.php(3272): Illuminate\\Database\\Connection->insert()
#4 E:\\Apache24\\htdocs\\medify_test-development\\vendor\\laravel\\framework\\src\\Illuminate\\Database\\Eloquent\\Relations\\Concerns\\InteractsWithPivotTable.php(271): Illuminate\\Database\\Query\\Builder->insert()
#5 E:\\Apache24\\htdocs\\medify_test-development\\vendor\\laravel\\framework\\src\\Illuminate\\Database\\Eloquent\\Relations\\Concerns\\InteractsWithPivotTable.php(178): Illuminate\\Database\\Eloquent\\Relations\\BelongsToMany->attach()
#6 E:\\Apache24\\htdocs\\medify_test-development\\vendor\\laravel\\framework\\src\\Illuminate\\Database\\Eloquent\\Relations\\Concerns\\InteractsWithPivotTable.php(114): Illuminate\\Database\\Eloquent\\Relations\\BelongsToMany->attachNew()
#7 E:\\Apache24\\htdocs\\medify_test-development\\app\\Http\\Controllers\\MasterItemsController.php(177): Illuminate\\Database\\Eloquent\\Relations\\BelongsToMany->sync()
#8 E:\\Apache24\\htdocs\\medify_test-development\\vendor\\laravel\\framework\\src\\Illuminate\\Routing\\Controller.php(54): App\\Http\\Controllers\\MasterItemsController->formSubmit()
#9 E:\\Apache24\\htdocs\\medify_test-development\\vendor\\laravel\\framework\\src\\Illuminate\\Routing\\ControllerDispatcher.php(43): Illuminate\\Routing\\Controller->callAction()
#10 E:\\Apache24\\htdocs\\medify_test-development\\vendor\\laravel\\framework\\src\\Illuminate\\Routing\\Route.php(259): Illuminate\\Routing\\ControllerDispatcher->dispatch()
#11 E:\\Apache24\\htdocs\\medify_test-development\\vendor\\laravel\\framework\\src\\Illuminate\\Routing\\Route.php(205): Illuminate\\Routing\\Route->runController()
#12 E:\\Apache24\\htdocs\\medify_test-development\\vendor\\laravel\\framework\\src\\Illuminate\\Routing\\Router.php(798): Illuminate\\Routing\\Route->run()
#13 E:\\Apache24\\htdocs\\medify_test-development\\vendor\\laravel\\framework\\src\\Illuminate\\Pipeline\\Pipeline.php(141): Illuminate\\Routing\\Router->Illuminate\\Routing\\{closure}()
#14 E:\\Apache24\\htdocs\\medify_test-development\\vendor\\laravel\\framework\\src\\Illuminate\\Routing\\Middleware\\SubstituteBindings.php(50): Illuminate\\Pipeline\\Pipeline->Illuminate\\Pipeline\\{closure}()
#15 E:\\Apache24\\htdocs\\medify_test-development\\vendor\\laravel\\framework\\src\\Illuminate\\Pipeline\\Pipeline.php(180): Illuminate\\Routing\\Middleware\\SubstituteBindings->handle()
#16 E:\\Apache24\\htdocs\\medify_test-development\\vendor\\laravel\\framework\\src\\Illuminate\\Foundation\\Http\\Middleware\\VerifyCsrfToken.php(78): Illuminate\\Pipeline\\Pipeline->Illuminate\\Pipeline\\{closure}()
#17 E:\\Apache24\\htdocs\\medify_test-development\\vendor\\laravel\\framework\\src\\Illuminate\\Pipeline\\Pipeline.php(180): Illuminate\\Foundation\\Http\\Middleware\\VerifyCsrfToken->handle()
#18 E:\\Apache24\\htdocs\\medify_test-development\\vendor\\laravel\\framework\\src\\Illuminate\\View\\Middleware\\ShareErrorsFromSession.php(49): Illuminate\\Pipeline\\Pipeline->Illuminate\\Pipeline\\{closure}()
#19 E:\\Apache24\\htdocs\\medify_test-development\\vendor\\laravel\\framework\\src\\Illuminate\\Pipeline\\Pipeline.php(180): Illuminate\\View\\Middleware\\ShareErrorsFromSession->handle()
#20 E:\\Apache24\\htdocs\\medify_test-development\\vendor\\laravel\\framework\\src\\Illuminate\\Session\\Middleware\\StartSession.php(121): Illuminate\\Pipeline\\Pipeline->Illuminate\\Pipeline\\{closure}()
#21 E:\\Apache24\\htdocs\\medify_test-development\\vendor\\laravel\\framework\\src\\Illuminate\\Session\\Middleware\\StartSession.php(64): Illuminate\\Session\\Middleware\\StartSession->handleStatefulRequest()
#22 E:\\Apache24\\htdocs\\medify_test-development\\vendor\\laravel\\framework\\src\\Illuminate\\Pipeline\\Pipeline.php(180): Illuminate\\Session\\Middleware\\StartSession->handle()
#23 E:\\Apache24\\htdocs\\medify_test-development\\vendor\\laravel\\framework\\src\\Illuminate\\Cookie\\Middleware\\AddQueuedCookiesToResponse.php(37): Illuminate\\Pipeline\\Pipeline->Illuminate\\Pipeline\\{closure}()
#24 E:\\Apache24\\htdocs\\medify_test-development\\vendor\\laravel\\framework\\src\\Illuminate\\Pipeline\\Pipeline.php(180): Illuminate\\Cookie\\Middleware\\AddQueuedCookiesToResponse->handle()
#25 E:\\Apache24\\htdocs\\medify_test-development\\vendor\\laravel\\framework\\src\\Illuminate\\Cookie\\Middleware\\EncryptCookies.php(67): Illuminate\\Pipeline\\Pipeline->Illuminate\\Pipeline\\{closure}()
#26 E:\\Apache24\\htdocs\\medify_test-development\\vendor\\laravel\\framework\\src\\Illuminate\\Pipeline\\Pipeline.php(180): Illuminate\\Cookie\\Middleware\\EncryptCookies->handle()
#27 E:\\Apache24\\htdocs\\medify_test-development\\vendor\\laravel\\framework\\src\\Illuminate\\Pipeline\\Pipeline.php(116): Illuminate\\Pipeline\\Pipeline->Illuminate\\Pipeline\\{closure}()
#28 E:\\Apache24\\htdocs\\medify_test-development\\vendor\\laravel\\framework\\src\\Illuminate\\Routing\\Router.php(797): Illuminate\\Pipeline\\Pipeline->then()
#29 E:\\Apache24\\htdocs\\medify_test-development\\vendor\\laravel\\framework\\src\\Illuminate\\Routing\\Router.php(776): Illuminate\\Routing\\Router->runRouteWithinStack()
#30 E:\\Apache24\\htdocs\\medify_test-development\\vendor\\laravel\\framework\\src\\Illuminate\\Routing\\Router.php(740): Illuminate\\Routing\\Router->runRoute()
#31 E:\\Apache24\\htdocs\\medify_test-development\\vendor\\laravel\\framework\\src\\Illuminate\\Routing\\Router.php(729): Illuminate\\Routing\\Router->dispatchToRoute()
#32 E:\\Apache24\\htdocs\\medify_test-development\\vendor\\laravel\\framework\\src\\Illuminate\\Foundation\\Http\\Kernel.php(190): Illuminate\\Routing\\Router->dispatch()
#33 E:\\Apache24\\htdocs\\medify_test-development\\vendor\\laravel\\framework\\src\\Illuminate\\Pipeline\\Pipeline.php(141): Illuminate\\Foundation\\Http\\Kernel->Illuminate\\Foundation\\Http\\{closure}()
#34 E:\\Apache24\\htdocs\\medify_test-development\\vendor\\laravel\\framework\\src\\Illuminate\\Foundation\\Http\\Middleware\\TransformsRequest.php(21): Illuminate\\Pipeline\\Pipeline->Illuminate\\Pipeline\\{closure}()
#35 E:\\Apache24\\htdocs\\medify_test-development\\vendor\\laravel\\framework\\src\\Illuminate\\Foundation\\Http\\Middleware\\ConvertEmptyStringsToNull.php(31): Illuminate\\Foundation\\Http\\Middleware\\TransformsRequest->handle()
#36 E:\\Apache24\\htdocs\\medify_test-development\\vendor\\laravel\\framework\\src\\Illuminate\\Pipeline\\Pipeline.php(180): Illuminate\\Foundation\\Http\\Middleware\\ConvertEmptyStringsToNull->handle()
#37 E:\\Apache24\\htdocs\\medify_test-development\\vendor\\laravel\\framework\\src\\Illuminate\\Foundation\\Http\\Middleware\\TransformsRequest.php(21): Illuminate\\Pipeline\\Pipeline->Illuminate\\Pipeline\\{closure}()
#38 E:\\Apache24\\htdocs\\medify_test-development\\vendor\\laravel\\framework\\src\\Illuminate\\Foundation\\Http\\Middleware\\TrimStrings.php(40): Illuminate\\Foundation\\Http\\Middleware\\TransformsRequest->handle()
#39 E:\\Apache24\\htdocs\\medify_test-development\\vendor\\laravel\\framework\\src\\Illuminate\\Pipeline\\Pipeline.php(180): Illuminate\\Foundation\\Http\\Middleware\\TrimStrings->handle()
#40 E:\\Apache24\\htdocs\\medify_test-development\\vendor\\laravel\\framework\\src\\Illuminate\\Foundation\\Http\\Middleware\\ValidatePostSize.php(27): Illuminate\\Pipeline\\Pipeline->Illuminate\\Pipeline\\{closure}()
#41 E:\\Apache24\\htdocs\\medify_test-development\\vendor\\laravel\\framework\\src\\Illuminate\\Pipeline\\Pipeline.php(180): Illuminate\\Foundation\\Http\\Middleware\\ValidatePostSize->handle()
#42 E:\\Apache24\\htdocs\\medify_test-development\\vendor\\laravel\\framework\\src\\Illuminate\\Foundation\\Http\\Middleware\\PreventRequestsDuringMaintenance.php(86): Illuminate\\Pipeline\\Pipeline->Illuminate\\Pipeline\\{closure}()
#43 E:\\Apache24\\htdocs\\medify_test-development\\vendor\\laravel\\framework\\src\\Illuminate\\Pipeline\\Pipeline.php(180): Illuminate\\Foundation\\Http\\Middleware\\PreventRequestsDuringMaintenance->handle()
#44 E:\\Apache24\\htdocs\\medify_test-development\\vendor\\laravel\\framework\\src\\Illuminate\\Http\\Middleware\\HandleCors.php(49): Illuminate\\Pipeline\\Pipeline->Illuminate\\Pipeline\\{closure}()
#45 E:\\Apache24\\htdocs\\medify_test-development\\vendor\\laravel\\framework\\src\\Illuminate\\Pipeline\\Pipeline.php(180): Illuminate\\Http\\Middleware\\HandleCors->handle()
#46 E:\\Apache24\\htdocs\\medify_test-development\\vendor\\laravel\\framework\\src\\Illuminate\\Http\\Middleware\\TrustProxies.php(39): Illuminate\\Pipeline\\Pipeline->Illuminate\\Pipeline\\{closure}()
#47 E:\\Apache24\\htdocs\\medify_test-development\\vendor\\laravel\\framework\\src\\Illuminate\\Pipeline\\Pipeline.php(180): Illuminate\\Http\\Middleware\\TrustProxies->handle()
#48 E:\\Apache24\\htdocs\\medify_test-development\\vendor\\laravel\\framework\\src\\Illuminate\\Pipeline\\Pipeline.php(116): Illuminate\\Pipeline\\Pipeline->Illuminate\\Pipeline\\{closure}()
#49 E:\\Apache24\\htdocs\\medify_test-development\\vendor\\laravel\\framework\\src\\Illuminate\\Foundation\\Http\\Kernel.php(165): Illuminate\\Pipeline\\Pipeline->then()
#50 E:\\Apache24\\htdocs\\medify_test-development\\vendor\\laravel\\framework\\src\\Illuminate\\Foundation\\Http\\Kernel.php(134): Illuminate\\Foundation\\Http\\Kernel->sendRequestThroughRouter()
#51 E:\\Apache24\\htdocs\\medify_test-development\\public\\index.php(51): Illuminate\\Foundation\\Http\\Kernel->handle()
#52 E:\\Apache24\\htdocs\\medify_test-development\\vendor\\laravel\\framework\\src\\Illuminate\\Foundation\\resources\\server.php(16): require_once('...')
#53 {main}

[previous exception] [object] (PDOException(code: 23000): SQLSTATE[23000]: Integrity constraint violation: 1048 Column 'master_item_id' cannot be null at E:\\Apache24\\htdocs\\medify_test-development\\vendor\\laravel\\framework\\src\\Illuminate\\Database\\Connection.php:545)
[stacktrace]
#0 E:\\Apache24\\htdocs\\medify_test-development\\vendor\\laravel\\framework\\src\\Illuminate\\Database\\Connection.php(545): PDOStatement->execute()
#1 E:\\Apache24\\htdocs\\medify_test-development\\vendor\\laravel\\framework\\src\\Illuminate\\Database\\Connection.php(753): Illuminate\\Database\\Connection->Illuminate\\Database\\{closure}()
#2 E:\\Apache24\\htdocs\\medify_test-development\\vendor\\laravel\\framework\\src\\Illuminate\\Database\\Connection.php(720): Illuminate\\Database\\Connection->runQueryCallback()
#3 E:\\Apache24\\htdocs\\medify_test-development\\vendor\\laravel\\framework\\src\\Illuminate\\Database\\Connection.php(534): Illuminate\\Database\\Connection->run()
#4 E:\\Apache24\\htdocs\\medify_test-development\\vendor\\laravel\\framework\\src\\Illuminate\\Database\\Connection.php(498): Illuminate\\Database\\Connection->statement()
#5 E:\\Apache24\\htdocs\\medify_test-development\\vendor\\laravel\\framework\\src\\Illuminate\\Database\\Query\\Builder.php(3272): Illuminate\\Database\\Connection->insert()
#6 E:\\Apache24\\htdocs\\medify_test-development\\vendor\\laravel\\framework\\src\\Illuminate\\Database\\Eloquent\\Relations\\Concerns\\InteractsWithPivotTable.php(271): Illuminate\\Database\\Query\\Builder->insert()
#7 E:\\Apache24\\htdocs\\medify_test-development\\vendor\\laravel\\framework\\src\\Illuminate\\Database\\Eloquent\\Relations\\Concerns\\InteractsWithPivotTable.php(178): Illuminate\\Database\\Eloquent\\Relations\\BelongsToMany->attach()
#8 E:\\Apache24\\htdocs\\medify_test-development\\vendor\\laravel\\framework\\src\\Illuminate\\Database\\Eloquent\\Relations\\Concerns\\InteractsWithPivotTable.php(114): Illuminate\\Database\\Eloquent\\Relations\\BelongsToMany->attachNew()
#9 E:\\Apache24\\htdocs\\medify_test-development\\app\\Http\\Controllers\\MasterItemsController.php(177): Illuminate\\Database\\Eloquent\\Relations\\BelongsToMany->sync()
#10 E:\\Apache24\\htdocs\\medify_test-development\\vendor\\laravel\\framework\\src\\Illuminate\\Routing\\Controller.php(54): App\\Http\\Controllers\\MasterItemsController->formSubmit()
#11 E:\\Apache24\\htdocs\\medify_test-development\\vendor\\laravel\\framework\\src\\Illuminate\\Routing\\ControllerDispatcher.php(43): Illuminate\\Routing\\Controller->callAction()
#12 E:\\Apache24\\htdocs\\medify_test-development\\vendor\\laravel\\framework\\src\\Illuminate\\Routing\\Route.php(259): Illuminate\\Routing\\ControllerDispatcher->dispatch()
#13 E:\\Apache24\\htdocs\\medify_test-development\\vendor\\laravel\\framework\\src\\Illuminate\\Routing\\Route.php(205): Illuminate\\Routing\\Route->runController()
#14 E:\\Apache24\\htdocs\\medify_test-development\\vendor\\laravel\\framework\\src\\Illuminate\\Routing\\Router.php(798): Illuminate\\Routing\\Route->run()
#15 E:\\Apache24\\htdocs\\medify_test-development\\vendor\\laravel\\framework\\src\\Illuminate\\Pipeline\\Pipeline.php(141): Illuminate\\Routing\\Router->Illuminate\\Routing\\{closure}()
#16 E:\\Apache24\\htdocs\\medify_test-development\\vendor\\laravel\\framework\\src\\Illuminate\\Routing\\Middleware\\SubstituteBindings.php(50): Illuminate\\Pipeline\\Pipeline->Illuminate\\Pipeline\\{closure}()
#17 E:\\Apache24\\htdocs\\medify_test-development\\vendor\\laravel\\framework\\src\\Illuminate\\Pipeline\\Pipeline.php(180): Illuminate\\Routing\\Middleware\\SubstituteBindings->handle()
#18 E:\\Apache24\\htdocs\\medify_test-development\\vendor\\laravel\\framework\\src\\Illuminate\\Foundation\\Http\\Middleware\\VerifyCsrfToken.php(78): Illuminate\\Pipeline\\Pipeline->Illuminate\\Pipeline\\{closure}()
#19 E:\\Apache24\\htdocs\\medify_test-development\\vendor\\laravel\\framework\\src\\Illuminate\\Pipeline\\Pipeline.php(180): Illuminate\\Foundation\\Http\\Middleware\\VerifyCsrfToken->handle()
#20 E:\\Apache24\\htdocs\\medify_test-development\\vendor\\laravel\\framework\\src\\Illuminate\\View\\Middleware\\ShareErrorsFromSession.php(49): Illuminate\\Pipeline\\Pipeline->Illuminate\\Pipeline\\{closure}()
#21 E:\\Apache24\\htdocs\\medify_test-development\\vendor\\laravel\\framework\\src\\Illuminate\\Pipeline\\Pipeline.php(180): Illuminate\\View\\Middleware\\ShareErrorsFromSession->handle()
#22 E:\\Apache24\\htdocs\\medify_test-development\\vendor\\laravel\\framework\\src\\Illuminate\\Session\\Middleware\\StartSession.php(121): Illuminate\\Pipeline\\Pipeline->Illuminate\\Pipeline\\{closure}()
#23 E:\\Apache24\\htdocs\\medify_test-development\\vendor\\laravel\\framework\\src\\Illuminate\\Session\\Middleware\\StartSession.php(64): Illuminate\\Session\\Middleware\\StartSession->handleStatefulRequest()
#24 E:\\Apache24\\htdocs\\medify_test-development\\vendor\\laravel\\framework\\src\\Illuminate\\Pipeline\\Pipeline.php(180): Illuminate\\Session\\Middleware\\StartSession->handle()
#25 E:\\Apache24\\htdocs\\medify_test-development\\vendor\\laravel\\framework\\src\\Illuminate\\Cookie\\Middleware\\AddQueuedCookiesToResponse.php(37): Illuminate\\Pipeline\\Pipeline->Illuminate\\Pipeline\\{closure}()
#26 E:\\Apache24\\htdocs\\medify_test-development\\vendor\\laravel\\framework\\src\\Illuminate\\Pipeline\\Pipeline.php(180): Illuminate\\Cookie\\Middleware\\AddQueuedCookiesToResponse->handle()
#27 E:\\Apache24\\htdocs\\medify_test-development\\vendor\\laravel\\framework\\src\\Illuminate\\Cookie\\Middleware\\EncryptCookies.php(67): Illuminate\\Pipeline\\Pipeline->Illuminate\\Pipeline\\{closure}()
#28 E:\\Apache24\\htdocs\\medify_test-development\\vendor\\laravel\\framework\\src\\Illuminate\\Pipeline\\Pipeline.php(180): Illuminate\\Cookie\\Middleware\\EncryptCookies->handle()
#29 E:\\Apache24\\htdocs\\medify_test-development\\vendor\\laravel\\framework\\src\\Illuminate\\Pipeline\\Pipeline.php(116): Illuminate\\Pipeline\\Pipeline->Illuminate\\Pipeline\\{closure}()
#30 E:\\Apache24\\htdocs\\medify_test-development\\vendor\\laravel\\framework\\src\\Illuminate\\Routing\\Router.php(797): Illuminate\\Pipeline\\Pipeline->then()
#31 E:\\Apache24\\htdocs\\medify_test-development\\vendor\\laravel\\framework\\src\\Illuminate\\Routing\\Router.php(776): Illuminate\\Routing\\Router->runRouteWithinStack()
#32 E:\\Apache24\\htdocs\\medify_test-development\\vendor\\laravel\\framework\\src\\Illuminate\\Routing\\Router.php(740): Illuminate\\Routing\\Router->runRoute()
#33 E:\\Apache24\\htdocs\\medify_test-development\\vendor\\laravel\\framework\\src\\Illuminate\\Routing\\Router.php(729): Illuminate\\Routing\\Router->dispatchToRoute()
#34 E:\\Apache24\\htdocs\\medify_test-development\\vendor\\laravel\\framework\\src\\Illuminate\\Foundation\\Http\\Kernel.php(190): Illuminate\\Routing\\Router->dispatch()
#35 E:\\Apache24\\htdocs\\medify_test-development\\vendor\\laravel\\framework\\src\\Illuminate\\Pipeline\\Pipeline.php(141): Illuminate\\Foundation\\Http\\Kernel->Illuminate\\Foundation\\Http\\{closure}()
#36 E:\\Apache24\\htdocs\\medify_test-development\\vendor\\laravel\\framework\\src\\Illuminate\\Foundation\\Http\\Middleware\\TransformsRequest.php(21): Illuminate\\Pipeline\\Pipeline->Illuminate\\Pipeline\\{closure}()
#37 E:\\Apache24\\htdocs\\medify_test-development\\vendor\\laravel\\framework\\src\\Illuminate\\Foundation\\Http\\Middleware\\ConvertEmptyStringsToNull.php(31): Illuminate\\Foundation\\Http\\Middleware\\TransformsRequest->handle()
#38 E:\\Apache24\\htdocs\\medify_test-development\\vendor\\laravel\\framework\\src\\Illuminate\\Pipeline\\Pipeline.php(180): Illuminate\\Foundation\\Http\\Middleware\\ConvertEmptyStringsToNull->handle()
#39 E:\\Apache24\\htdocs\\medify_test-development\\vendor\\laravel\\framework\\src\\Illuminate\\Foundation\\Http\\Middleware\\TransformsRequest.php(21): Illuminate\\Pipeline\\Pipeline->Illuminate\\Pipeline\\{closure}()
#40 E:\\Apache24\\htdocs\\medify_test-development\\vendor\\laravel\\framework\\src\\Illuminate\\Foundation\\Http\\Middleware\\TrimStrings.php(40): Illuminate\\Foundation\\Http\\Middleware\\TransformsRequest->handle()
#41 E:\\Apache24\\htdocs\\medify_test-development\\vendor\\laravel\\framework\\src\\Illuminate\\Pipeline\\Pipeline.php(180): Illuminate\\Foundation\\Http\\Middleware\\TrimStrings->handle()
#42 E:\\Apache24\\htdocs\\medify_test-development\\vendor\\laravel\\framework\\src\\Illuminate\\Foundation\\Http\\Middleware\\ValidatePostSize.php(27): Illuminate\\Pipeline\\Pipeline->Illuminate\\Pipeline\\{closure}()
#43 E:\\Apache24\\htdocs\\medify_test-development\\vendor\\laravel\\framework\\src\\Illuminate\\Pipeline\\Pipeline.php(180): Illuminate\\Foundation\\Http\\Middleware\\ValidatePostSize->handle()
#44 E:\\Apache24\\htdocs\\medify_test-development\\vendor\\laravel\\framework\\src\\Illuminate\\Foundation\\Http\\Middleware\\PreventRequestsDuringMaintenance.php(86): Illuminate\\Pipeline\\Pipeline->Illuminate\\Pipeline\\{closure}()
#45 E:\\Apache24\\htdocs\\medify_test-development\\vendor\\laravel\\framework\\src\\Illuminate\\Pipeline\\Pipeline.php(180): Illuminate\\Foundation\\Http\\Middleware\\PreventRequestsDuringMaintenance->handle()
#46 E:\\Apache24\\htdocs\\medify_test-development\\vendor\\laravel\\framework\\src\\Illuminate\\Http\\Middleware\\HandleCors.php(49): Illuminate\\Pipeline\\Pipeline->Illuminate\\Pipeline\\{closure}()
#47 E:\\Apache24\\htdocs\\medify_test-development\\vendor\\laravel\\framework\\src\\Illuminate\\Pipeline\\Pipeline.php(180): Illuminate\\Http\\Middleware\\HandleCors->handle()
#48 E:\\Apache24\\htdocs\\medify_test-development\\vendor\\laravel\\framework\\src\\Illuminate\\Http\\Middleware\\TrustProxies.php(39): Illuminate\\Pipeline\\Pipeline->Illuminate\\Pipeline\\{closure}()
#49 E:\\Apache24\\htdocs\\medify_test-development\\vendor\\laravel\\framework\\src\\Illuminate\\Pipeline\\Pipeline.php(180): Illuminate\\Http\\Middleware\\TrustProxies->handle()
#50 E:\\Apache24\\htdocs\\medify_test-development\\vendor\\laravel\\framework\\src\\Illuminate\\Pipeline\\Pipeline.php(116): Illuminate\\Pipeline\\Pipeline->Illuminate\\Pipeline\\{closure}()
#51 E:\\Apache24\\htdocs\\medify_test-development\\vendor\\laravel\\framework\\src\\Illuminate\\Foundation\\Http\\Kernel.php(165): Illuminate\\Pipeline\\Pipeline->then()
#52 E:\\Apache24\\htdocs\\medify_test-development\\vendor\\laravel\\framework\\src\\Illuminate\\Foundation\\Http\\Kernel.php(134): Illuminate\\Foundation\\Http\\Kernel->sendRequestThroughRouter()
#53 E:\\Apache24\\htdocs\\medify_test-development\\public\\index.php(51): Illuminate\\Foundation\\Http\\Kernel->handle()
#54 E:\\Apache24\\htdocs\\medify_test-development\\vendor\\laravel\\framework\\src\\Illuminate\\Foundation\\resources\\server.php(16): require_once('...')
#55 {main}
"} 
[2026-10-06 07:08:11] local.ERROR: SQLSTATE[23000]: Integrity constraint violation: 1048 Column 'master_item_id' cannot be null (SQL: insert into `kategori_master_item` (`kategori_id`, `master_item_id`) values (1, ?)) {"userId":1,"exception":"[object] (Illuminate\\Database\\QueryException(code: 23000): SQLSTATE[23000]: Integrity constraint violation: 1048 Column 'master_item_id' cannot be null (SQL: insert into `kategori_master_item` (`kategori_id`, `master_item_id`) values (1, ?)) at E:\\Apache24\\htdocs\\medify_test-development\\vendor\\laravel\\framework\\src\\Illuminate\\Database\\Connection.php:760)
[stacktrace]
#0 E:\\Apache24\\htdocs\\medify_test-development\\vendor\\laravel\\framework\\src\\Illuminate\\Database\\Connection.php(720): Illuminate\\Database\\Connection->runQueryCallback()
#1 E:\\Apache24\\htdocs\\medify_test-development\\vendor\\laravel\\framework\\src\\Illuminate\\Database\\Connection.php(534): Illuminate\\Database\\Connection->run()
#2 E:\\Apache24\\htdocs\\medify_test-development\\vendor\\laravel\\framework\\src\\Illuminate\\Database\\Connection.php(498): Illuminate\\Database\\Connection->statement()
#3 E:\\Apache24\\htdocs\\medify_test-development\\vendor\\laravel\\framework\\src\\Illuminate\\Database\\Query\\Builder.php(3272): Illuminate\\Database\\Connection->insert()
#4 E:\\Apache24\\htdocs\\medify_test-development\\vendor\\laravel\\framework\\src\\Illuminate\\Database\\Eloquent\\Relations\\Concerns\\InteractsWithPivotTable.php(271): Illuminate\\Database\\Query\\Builder->insert()
#5 E:\\Apache24\\htdocs\\medify_test-development\\vendor\\laravel\\framework\\src\\Illuminate\\Database\\Eloquent\\Relations\\Concerns\\InteractsWithPivotTable.php(178): Illuminate\\Database\\Eloquent\\Relations\\BelongsToMany->attach()
#6 E:\\Apache24\\htdocs\\medify_test-development\\vendor\\laravel\\framework\\src\\Illuminate\\Database\\Eloquent\\Relations\\Concerns\\InteractsWithPivotTable.php(114): Illuminate\\Database\\Eloquent\\Relations\\BelongsToMany->attachNew()
#7 E:\\Apache24\\htdocs\\medify_test-development\\app\\Http\\Controllers\\MasterItemsController.php(177): Illuminate\\Database\\Eloquent\\Relations\\BelongsToMany->sync()
#8 E:\\Apache24\\htdocs\\medify_test-development\\vendor\\laravel\\framework\\src\\Illuminate\\Routing\\Controller.php(54): App\\Http\\Controllers\\MasterItemsController->formSubmit()
#9 E:\\Apache24\\htdocs\\medify_test-development\\vendor\\laravel\\framework\\src\\Illuminate\\Routing\\ControllerDispatcher.php(43): Illuminate\\Routing\\Controller->callAction()
#10 E:\\Apache24\\htdocs\\medify_test-development\\vendor\\laravel\\framework\\src\\Illuminate\\Routing\\Route.php(259): Illuminate\\Routing\\ControllerDispatcher->dispatch()
#11 E:\\Apache24\\htdocs\\medify_test-development\\vendor\\laravel\\framework\\src\\Illuminate\\Routing\\Route.php(205): Illuminate\\Routing\\Route->runController()
#12 E:\\Apache24\\htdocs\\medify_test-development\\vendor\\laravel\\framework\\src\\Illuminate\\Routing\\Router.php(798): Illuminate\\Routing\\Route->run()
#13 E:\\Apache24\\htdocs\\medify_test-development\\vendor\\laravel\\framework\\src\\Illuminate\\Pipeline\\Pipeline.php(141): Illuminate\\Routing\\Router->Illuminate\\Routing\\{closure}()
#14 E:\\Apache24\\htdocs\\medify_test-development\\vendor\\laravel\\framework\\src\\Illuminate\\Routing\\Middleware\\SubstituteBindings.php(50): Illuminate\\Pipeline\\Pipeline->Illuminate\\Pipeline\\{closure}()
#15 E:\\Apache24\\htdocs\\medify_test-development\\vendor\\laravel\\framework\\src\\Illuminate\\Pipeline\\Pipeline.php(180): Illuminate\\Routing\\Middleware\\SubstituteBindings->handle()
#16 E:\\Apache24\\htdocs\\medify_test-development\\vendor\\laravel\\framework\\src\\Illuminate\\Foundation\\Http\\Middleware\\VerifyCsrfToken.php(78): Illuminate\\Pipeline\\Pipeline->Illuminate\\Pipeline\\{closure}()
#17 E:\\Apache24\\htdocs\\medify_test-development\\vendor\\laravel\\framework\\src\\Illuminate\\Pipeline\\Pipeline.php(180): Illuminate\\Foundation\\Http\\Middleware\\VerifyCsrfToken->handle()
#18 E:\\Apache24\\htdocs\\medify_test-development\\vendor\\laravel\\framework\\src\\Illuminate\\View\\Middleware\\ShareErrorsFromSession.php(49): Illuminate\\Pipeline\\Pipeline->Illuminate\\Pipeline\\{closure}()
#19 E:\\Apache24\\htdocs\\medify_test-development\\vendor\\laravel\\framework\\src\\Illuminate\\Pipeline\\Pipeline.php(180): Illuminate\\View\\Middleware\\ShareErrorsFromSession->handle()
#20 E:\\Apache24\\htdocs\\medify_test-development\\vendor\\laravel\\framework\\src\\Illuminate\\Session\\Middleware\\StartSession.php(121): Illuminate\\Pipeline\\Pipeline->Illuminate\\Pipeline\\{closure}()
#21 E:\\Apache24\\htdocs\\medify_test-development\\vendor\\laravel\\framework\\src\\Illuminate\\Session\\Middleware\\StartSession.php(64): Illuminate\\Session\\Middleware\\StartSession->handleStatefulRequest()
#22 E:\\Apache24\\htdocs\\medify_test-development\\vendor\\laravel\\framework\\src\\Illuminate\\Pipeline\\Pipeline.php(180): Illuminate\\Session\\Middleware\\StartSession->handle()
#23 E:\\Apache24\\htdocs\\medify_test-development\\vendor\\laravel\\framework\\src\\Illuminate\\Cookie\\Middleware\\AddQueuedCookiesToResponse.php(37): Illuminate\\Pipeline\\Pipeline->Illuminate\\Pipeline\\{closure}()
#24 E:\\Apache24\\htdocs\\medify_test-development\\vendor\\laravel\\framework\\src\\Illuminate\\Pipeline\\Pipeline.php(180): Illuminate\\Cookie\\Middleware\\AddQueuedCookiesToResponse->handle()
#25 E:\\Apache24\\htdocs\\medify_test-development\\vendor\\laravel\\framework\\src\\Illuminate\\Cookie\\Middleware\\EncryptCookies.php(67): Illuminate\\Pipeline\\Pipeline->Illuminate\\Pipeline\\{closure}()
#26 E:\\Apache24\\htdocs\\medify_test-development\\vendor\\laravel\\framework\\src\\Illuminate\\Pipeline\\Pipeline.php(180): Illuminate\\Cookie\\Middleware\\EncryptCookies->handle()
#27 E:\\Apache24\\htdocs\\medify_test-development\\vendor\\laravel\\framework\\src\\Illuminate\\Pipeline\\Pipeline.php(116): Illuminate\\Pipeline\\Pipeline->Illuminate\\Pipeline\\{closure}()
#28 E:\\Apache24\\htdocs\\medify_test-development\\vendor\\laravel\\framework\\src\\Illuminate\\Routing\\Router.php(797): Illuminate\\Pipeline\\Pipeline->then()
#29 E:\\Apache24\\htdocs\\medify_test-development\\vendor\\laravel\\framework\\src\\Illuminate\\Routing\\Router.php(776): Illuminate\\Routing\\Router->runRouteWithinStack()
#30 E:\\Apache24\\htdocs\\medify_test-development\\vendor\\laravel\\framework\\src\\Illuminate\\Routing\\Router.php(740): Illuminate\\Routing\\Router->runRoute()
#31 E:\\Apache24\\htdocs\\medify_test-development\\vendor\\laravel\\framework\\src\\Illuminate\\Routing\\Router.php(729): Illuminate\\Routing\\Router->dispatchToRoute()
#32 E:\\Apache24\\htdocs\\medify_test-development\\vendor\\laravel\\framework\\src\\Illuminate\\Foundation\\Http\\Kernel.php(190): Illuminate\\Routing\\Router->dispatch()
#33 E:\\Apache24\\htdocs\\medify_test-development\\vendor\\laravel\\framework\\src\\Illuminate\\Pipeline\\Pipeline.php(141): Illuminate\\Foundation\\Http\\Kernel->Illuminate\\Foundation\\Http\\{closure}()
#34 E:\\Apache24\\htdocs\\medify_test-development\\vendor\\laravel\\framework\\src\\Illuminate\\Foundation\\Http\\Middleware\\TransformsRequest.php(21): Illuminate\\Pipeline\\Pipeline->Illuminate\\Pipeline\\{closure}()
#35 E:\\Apache24\\htdocs\\medify_test-development\\vendor\\laravel\\framework\\src\\Illuminate\\Foundation\\Http\\Middleware\\ConvertEmptyStringsToNull.php(31): Illuminate\\Foundation\\Http\\Middleware\\TransformsRequest->handle()
#36 E:\\Apache24\\htdocs\\medify_test-development\\vendor\\laravel\\framework\\src\\Illuminate\\Pipeline\\Pipeline.php(180): Illuminate\\Foundation\\Http\\Middleware\\ConvertEmptyStringsToNull->handle()
#37 E:\\Apache24\\htdocs\\medify_test-development\\vendor\\laravel\\framework\\src\\Illuminate\\Foundation\\Http\\Middleware\\TransformsRequest.php(21): Illuminate\\Pipeline\\Pipeline->Illuminate\\Pipeline\\{closure}()
#38 E:\\Apache24\\htdocs\\medify_test-development\\vendor\\laravel\\framework\\src\\Illuminate\\Foundation\\Http\\Middleware\\TrimStrings.php(40): Illuminate\\Foundation\\Http\\Middleware\\TransformsRequest->handle()
#39 E:\\Apache24\\htdocs\\medify_test-development\\vendor\\laravel\\framework\\src\\Illuminate\\Pipeline\\Pipeline.php(180): Illuminate\\Foundation\\Http\\Middleware\\TrimStrings->handle()
#40 E:\\Apache24\\htdocs\\medify_test-development\\vendor\\laravel\\framework\\src\\Illuminate\\Foundation\\Http\\Middleware\\ValidatePostSize.php(27): Illuminate\\Pipeline\\Pipeline->Illuminate\\Pipeline\\{closure}()
#41 E:\\Apache24\\htdocs\\medify_test-development\\vendor\\laravel\\framework\\src\\Illuminate\\Pipeline\\Pipeline.php(180): Illuminate\\Foundation\\Http\\Middleware\\ValidatePostSize->handle()
#42 E:\\Apache24\\htdocs\\medify_test-development\\vendor\\laravel\\framework\\src\\Illuminate\\Foundation\\Http\\Middleware\\PreventRequestsDuringMaintenance.php(86): Illuminate\\Pipeline\\Pipeline->Illuminate\\Pipeline\\{closure}()
#43 E:\\Apache24\\htdocs\\medify_test-development\\vendor\\laravel\\framework\\src\\Illuminate\\Pipeline\\Pipeline.php(180): Illuminate\\Foundation\\Http\\Middleware\\PreventRequestsDuringMaintenance->handle()
#44 E:\\Apache24\\htdocs\\medify_test-development\\vendor\\laravel\\framework\\src\\Illuminate\\Http\\Middleware\\HandleCors.php(49): Illuminate\\Pipeline\\Pipeline->Illuminate\\Pipeline\\{closure}()
#45 E:\\Apache24\\htdocs\\medify_test-development\\vendor\\laravel\\framework\\src\\Illuminate\\Pipeline\\Pipeline.php(180): Illuminate\\Http\\Middleware\\HandleCors->handle()
#46 E:\\Apache24\\htdocs\\medify_test-development\\vendor\\laravel\\framework\\src\\Illuminate\\Http\\Middleware\\TrustProxies.php(39): Illuminate\\Pipeline\\Pipeline->Illuminate\\Pipeline\\{closure}()
#47 E:\\Apache24\\htdocs\\medify_test-development\\vendor\\laravel\\framework\\src\\Illuminate\\Pipeline\\Pipeline.php(180): Illuminate\\Http\\Middleware\\TrustProxies->handle()
#48 E:\\Apache24\\htdocs\\medify_test-development\\vendor\\laravel\\framework\\src\\Illuminate\\Pipeline\\Pipeline.php(116): Illuminate\\Pipeline\\Pipeline->Illuminate\\Pipeline\\{closure}()
#49 E:\\Apache24\\htdocs\\medify_test-development\\vendor\\laravel\\framework\\src\\Illuminate\\Foundation\\Http\\Kernel.php(165): Illuminate\\Pipeline\\Pipeline->then()
#50 E:\\Apache24\\htdocs\\medify_test-development\\vendor\\laravel\\framework\\src\\Illuminate\\Foundation\\Http\\Kernel.php(134): Illuminate\\Foundation\\Http\\Kernel->sendRequestThroughRouter()
#51 E:\\Apache24\\htdocs\\medify_test-development\\public\\index.php(51): Illuminate\\Foundation\\Http\\Kernel->handle()
#52 E:\\Apache24\\htdocs\\medify_test-development\\vendor\\laravel\\framework\\src\\Illuminate\\Foundation\\resources\\server.php(16): require_once('...')
#53 {main}

[previous exception] [object] (PDOException(code: 23000): SQLSTATE[23000]: Integrity constraint violation: 1048 Column 'master_item_id' cannot be null at E:\\Apache24\\htdocs\\medify_test-development\\vendor\\laravel\\framework\\src\\Illuminate\\Database\\Connection.php:545)
[stacktrace]
#0 E:\\Apache24\\htdocs\\medify_test-development\\vendor\\laravel\\framework\\src\\Illuminate\\Database\\Connection.php(545): PDOStatement->execute()
#1 E:\\Apache24\\htdocs\\medify_test-development\\vendor\\laravel\\framework\\src\\Illuminate\\Database\\Connection.php(753): Illuminate\\Database\\Connection->Illuminate\\Database\\{closure}()
#2 E:\\Apache24\\htdocs\\medify_test-development\\vendor\\laravel\\framework\\src\\Illuminate\\Database\\Connection.php(720): Illuminate\\Database\\Connection->runQueryCallback()
#3 E:\\Apache24\\htdocs\\medify_test-development\\vendor\\laravel\\framework\\src\\Illuminate\\Database\\Connection.php(534): Illuminate\\Database\\Connection->run()
#4 E:\\Apache24\\htdocs\\medify_test-development\\vendor\\laravel\\framework\\src\\Illuminate\\Database\\Connection.php(498): Illuminate\\Database\\Connection->statement()
#5 E:\\Apache24\\htdocs\\medify_test-development\\vendor\\laravel\\framework\\src\\Illuminate\\Database\\Query\\Builder.php(3272): Illuminate\\Database\\Connection->insert()
#6 E:\\Apache24\\htdocs\\medify_test-development\\vendor\\laravel\\framework\\src\\Illuminate\\Database\\Eloquent\\Relations\\Concerns\\InteractsWithPivotTable.php(271): Illuminate\\Database\\Query\\Builder->insert()
#7 E:\\Apache24\\htdocs\\medify_test-development\\vendor\\laravel\\framework\\src\\Illuminate\\Database\\Eloquent\\Relations\\Concerns\\InteractsWithPivotTable.php(178): Illuminate\\Database\\Eloquent\\Relations\\BelongsToMany->attach()
#8 E:\\Apache24\\htdocs\\medify_test-development\\vendor\\laravel\\framework\\src\\Illuminate\\Database\\Eloquent\\Relations\\Concerns\\InteractsWithPivotTable.php(114): Illuminate\\Database\\Eloquent\\Relations\\BelongsToMany->attachNew()
#9 E:\\Apache24\\htdocs\\medify_test-development\\app\\Http\\Controllers\\MasterItemsController.php(177): Illuminate\\Database\\Eloquent\\Relations\\BelongsToMany->sync()
#10 E:\\Apache24\\htdocs\\medify_test-development\\vendor\\laravel\\framework\\src\\Illuminate\\Routing\\Controller.php(54): App\\Http\\Controllers\\MasterItemsController->formSubmit()
#11 E:\\Apache24\\htdocs\\medify_test-development\\vendor\\laravel\\framework\\src\\Illuminate\\Routing\\ControllerDispatcher.php(43): Illuminate\\Routing\\Controller->callAction()
#12 E:\\Apache24\\htdocs\\medify_test-development\\vendor\\laravel\\framework\\src\\Illuminate\\Routing\\Route.php(259): Illuminate\\Routing\\ControllerDispatcher->dispatch()
#13 E:\\Apache24\\htdocs\\medify_test-development\\vendor\\laravel\\framework\\src\\Illuminate\\Routing\\Route.php(205): Illuminate\\Routing\\Route->runController()
#14 E:\\Apache24\\htdocs\\medify_test-development\\vendor\\laravel\\framework\\src\\Illuminate\\Routing\\Router.php(798): Illuminate\\Routing\\Route->run()
#15 E:\\Apache24\\htdocs\\medify_test-development\\vendor\\laravel\\framework\\src\\Illuminate\\Pipeline\\Pipeline.php(141): Illuminate\\Routing\\Router->Illuminate\\Routing\\{closure}()
#16 E:\\Apache24\\htdocs\\medify_test-development\\vendor\\laravel\\framework\\src\\Illuminate\\Routing\\Middleware\\SubstituteBindings.php(50): Illuminate\\Pipeline\\Pipeline->Illuminate\\Pipeline\\{closure}()
#17 E:\\Apache24\\htdocs\\medify_test-development\\vendor\\laravel\\framework\\src\\Illuminate\\Pipeline\\Pipeline.php(180): Illuminate\\Routing\\Middleware\\SubstituteBindings->handle()
#18 E:\\Apache24\\htdocs\\medify_test-development\\vendor\\laravel\\framework\\src\\Illuminate\\Foundation\\Http\\Middleware\\VerifyCsrfToken.php(78): Illuminate\\Pipeline\\Pipeline->Illuminate\\Pipeline\\{closure}()
#19 E:\\Apache24\\htdocs\\medify_test-development\\vendor\\laravel\\framework\\src\\Illuminate\\Pipeline\\Pipeline.php(180): Illuminate\\Foundation\\Http\\Middleware\\VerifyCsrfToken->handle()
#20 E:\\Apache24\\htdocs\\medify_test-development\\vendor\\laravel\\framework\\src\\Illuminate\\View\\Middleware\\ShareErrorsFromSession.php(49): Illuminate\\Pipeline\\Pipeline->Illuminate\\Pipeline\\{closure}()
#21 E:\\Apache24\\htdocs\\medify_test-development\\vendor\\laravel\\framework\\src\\Illuminate\\Pipeline\\Pipeline.php(180): Illuminate\\View\\Middleware\\ShareErrorsFromSession->handle()
#22 E:\\Apache24\\htdocs\\medify_test-development\\vendor\\laravel\\framework\\src\\Illuminate\\Session\\Middleware\\StartSession.php(121): Illuminate\\Pipeline\\Pipeline->Illuminate\\Pipeline\\{closure}()
#23 E:\\Apache24\\htdocs\\medify_test-development\\vendor\\laravel\\framework\\src\\Illuminate\\Session\\Middleware\\StartSession.php(64): Illuminate\\Session\\Middleware\\StartSession->handleStatefulRequest()
#24 E:\\Apache24\\htdocs\\medify_test-development\\vendor\\laravel\\framework\\src\\Illuminate\\Pipeline\\Pipeline.php(180): Illuminate\\Session\\Middleware\\StartSession->handle()
#25 E:\\Apache24\\htdocs\\medify_test-development\\vendor\\laravel\\framework\\src\\Illuminate\\Cookie\\Middleware\\AddQueuedCookiesToResponse.php(37): Illuminate\\Pipeline\\Pipeline->Illuminate\\Pipeline\\{closure}()
#26 E:\\Apache24\\htdocs\\medify_test-development\\vendor\\laravel\\framework\\src\\Illuminate\\Pipeline\\Pipeline.php(180): Illuminate\\Cookie\\Middleware\\AddQueuedCookiesToResponse->handle()
#27 E:\\Apache24\\htdocs\\medify_test-development\\vendor\\laravel\\framework\\src\\Illuminate\\Cookie\\Middleware\\EncryptCookies.php(67): Illuminate\\Pipeline\\Pipeline->Illuminate\\Pipeline\\{closure}()
#28 E:\\Apache24\\htdocs\\medify_test-development\\vendor\\laravel\\framework\\src\\Illuminate\\Pipeline\\Pipeline.php(180): Illuminate\\Cookie\\Middleware\\EncryptCookies->handle()
#29 E:\\Apache24\\htdocs\\medify_test-development\\vendor\\laravel\\framework\\src\\Illuminate\\Pipeline\\Pipeline.php(116): Illuminate\\Pipeline\\Pipeline->Illuminate\\Pipeline\\{closure}()
#30 E:\\Apache24\\htdocs\\medify_test-development\\vendor\\laravel\\framework\\src\\Illuminate\\Routing\\Router.php(797): Illuminate\\Pipeline\\Pipeline->then()
#31 E:\\Apache24\\htdocs\\medify_test-development\\vendor\\laravel\\framework\\src\\Illuminate\\Routing\\Router.php(776): Illuminate\\Routing\\Router->runRouteWithinStack()
#32 E:\\Apache24\\htdocs\\medify_test-development\\vendor\\laravel\\framework\\src\\Illuminate\\Routing\\Router.php(740): Illuminate\\Routing\\Router->runRoute()
#33 E:\\Apache24\\htdocs\\medify_test-development\\vendor\\laravel\\framework\\src\\Illuminate\\Routing\\Router.php(729): Illuminate\\Routing\\Router->dispatchToRoute()
#34 E:\\Apache24\\htdocs\\medify_test-development\\vendor\\laravel\\framework\\src\\Illuminate\\Foundation\\Http\\Kernel.php(190): Illuminate\\Routing\\Router->dispatch()
#35 E:\\Apache24\\htdocs\\medify_test-development\\vendor\\laravel\\framework\\src\\Illuminate\\Pipeline\\Pipeline.php(141): Illuminate\\Foundation\\Http\\Kernel->Illuminate\\Foundation\\Http\\{closure}()
#36 E:\\Apache24\\htdocs\\medify_test-development\\vendor\\laravel\\framework\\src\\Illuminate\\Foundation\\Http\\Middleware\\TransformsRequest.php(21): Illuminate\\Pipeline\\Pipeline->Illuminate\\Pipeline\\{closure}()
#37 E:\\Apache24\\htdocs\\medify_test-development\\vendor\\laravel\\framework\\src\\Illuminate\\Foundation\\Http\\Middleware\\ConvertEmptyStringsToNull.php(31): Illuminate\\Foundation\\Http\\Middleware\\TransformsRequest->handle()
#38 E:\\Apache24\\htdocs\\medify_test-development\\vendor\\laravel\\framework\\src\\Illuminate\\Pipeline\\Pipeline.php(180): Illuminate\\Foundation\\Http\\Middleware\\ConvertEmptyStringsToNull->handle()
#39 E:\\Apache24\\htdocs\\medify_test-development\\vendor\\laravel\\framework\\src\\Illuminate\\Foundation\\Http\\Middleware\\TransformsRequest.php(21): Illuminate\\Pipeline\\Pipeline->Illuminate\\Pipeline\\{closure}()
#40 E:\\Apache24\\htdocs\\medify_test-development\\vendor\\laravel\\framework\\src\\Illuminate\\Foundation\\Http\\Middleware\\TrimStrings.php(40): Illuminate\\Foundation\\Http\\Middleware\\TransformsRequest->handle()
#41 E:\\Apache24\\htdocs\\medify_test-development\\vendor\\laravel\\framework\\src\\Illuminate\\Pipeline\\Pipeline.php(180): Illuminate\\Foundation\\Http\\Middleware\\TrimStrings->handle()
#42 E:\\Apache24\\htdocs\\medify_test-development\\vendor\\laravel\\framework\\src\\Illuminate\\Foundation\\Http\\Middleware\\ValidatePostSize.php(27): Illuminate\\Pipeline\\Pipeline->Illuminate\\Pipeline\\{closure}()
#43 E:\\Apache24\\htdocs\\medify_test-development\\vendor\\laravel\\framework\\src\\Illuminate\\Pipeline\\Pipeline.php(180): Illuminate\\Foundation\\Http\\Middleware\\ValidatePostSize->handle()
#44 E:\\Apache24\\htdocs\\medify_test-development\\vendor\\laravel\\framework\\src\\Illuminate\\Foundation\\Http\\Middleware\\PreventRequestsDuringMaintenance.php(86): Illuminate\\Pipeline\\Pipeline->Illuminate\\Pipeline\\{closure}()
#45 E:\\Apache24\\htdocs\\medify_test-development\\vendor\\laravel\\framework\\src\\Illuminate\\Pipeline\\Pipeline.php(180): Illuminate\\Foundation\\Http\\Middleware\\PreventRequestsDuringMaintenance->handle()
#46 E:\\Apache24\\htdocs\\medify_test-development\\vendor\\laravel\\framework\\src\\Illuminate\\Http\\Middleware\\HandleCors.php(49): Illuminate\\Pipeline\\Pipeline->Illuminate\\Pipeline\\{closure}()
#47 E:\\Apache24\\htdocs\\medify_test-development\\vendor\\laravel\\framework\\src\\Illuminate\\Pipeline\\Pipeline.php(180): Illuminate\\Http\\Middleware\\HandleCors->handle()
#48 E:\\Apache24\\htdocs\\medify_test-development\\vendor\\laravel\\framework\\src\\Illuminate\\Http\\Middleware\\TrustProxies.php(39): Illuminate\\Pipeline\\Pipeline->Illuminate\\Pipeline\\{closure}()
#49 E:\\Apache24\\htdocs\\medify_test-development\\vendor\\laravel\\framework\\src\\Illuminate\\Pipeline\\Pipeline.php(180): Illuminate\\Http\\Middleware\\TrustProxies->handle()
#50 E:\\Apache24\\htdocs\\medify_test-development\\vendor\\laravel\\framework\\src\\Illuminate\\Pipeline\\Pipeline.php(116): Illuminate\\Pipeline\\Pipeline->Illuminate\\Pipeline\\{closure}()
#51 E:\\Apache24\\htdocs\\medify_test-development\\vendor\\laravel\\framework\\src\\Illuminate\\Foundation\\Http\\Kernel.php(165): Illuminate\\Pipeline\\Pipeline->then()
#52 E:\\Apache24\\htdocs\\medify_test-development\\vendor\\laravel\\framework\\src\\Illuminate\\Foundation\\Http\\Kernel.php(134): Illuminate\\Foundation\\Http\\Kernel->sendRequestThroughRouter()
#53 E:\\Apache24\\htdocs\\medify_test-development\\public\\index.php(51): Illuminate\\Foundation\\Http\\Kernel->handle()
#54 E:\\Apache24\\htdocs\\medify_test-development\\vendor\\laravel\\framework\\src\\Illuminate\\Foundation\\resources\\server.php(16): require_once('...')
#55 {main}
"} 
[2026-10-06 07:40:57] local.ERROR: Target class [MasterItemsController] does not exist. {"userId":1,"exception":"[object] (Illuminate\\Contracts\\Container\\BindingResolutionException(code: 0): Target class [MasterItemsController] does not exist. at E:\\Apache24\\htdocs\\medify_test-development\\vendor\\laravel\\framework\\src\\Illuminate\\Container\\Container.php:891)
[stacktrace]
#0 E:\\Apache24\\htdocs\\medify_test-development\\vendor\\laravel\\framework\\src\\Illuminate\\Container\\Container.php(770): Illuminate\\Container\\Container->build()
#1 E:\\Apache24\\htdocs\\medify_test-development\\vendor\\laravel\\framework\\src\\Illuminate\\Foundation\\Application.php(881): Illuminate\\Container\\Container->resolve()
#2 E:\\Apache24\\htdocs\\medify_test-development\\vendor\\laravel\\framework\\src\\Illuminate\\Container\\Container.php(706): Illuminate\\Foundation\\Application->resolve()
#3 E:\\Apache24\\htdocs\\medify_test-development\\vendor\\laravel\\framework\\src\\Illuminate\\Foundation\\Application.php(866): Illuminate\\Container\\Container->make()
#4 E:\\Apache24\\htdocs\\medify_test-development\\vendor\\laravel\\framework\\src\\Illuminate\\Routing\\Route.php(274): Illuminate\\Foundation\\Application->make()
#5 E:\\Apache24\\htdocs\\medify_test-development\\vendor\\laravel\\framework\\src\\Illuminate\\Routing\\Route.php(260): Illuminate\\Routing\\Route->getController()
#6 E:\\Apache24\\htdocs\\medify_test-development\\vendor\\laravel\\framework\\src\\Illuminate\\Routing\\Route.php(205): Illuminate\\Routing\\Route->runController()
#7 E:\\Apache24\\htdocs\\medify_test-development\\vendor\\laravel\\framework\\src\\Illuminate\\Routing\\Router.php(798): Illuminate\\Routing\\Route->run()
#8 E:\\Apache24\\htdocs\\medify_test-development\\vendor\\laravel\\framework\\src\\Illuminate\\Pipeline\\Pipeline.php(141): Illuminate\\Routing\\Router->Illuminate\\Routing\\{closure}()
#9 E:\\Apache24\\htdocs\\medify_test-development\\vendor\\laravel\\framework\\src\\Illuminate\\Routing\\Middleware\\SubstituteBindings.php(50): Illuminate\\Pipeline\\Pipeline->Illuminate\\Pipeline\\{closure}()
#10 E:\\Apache24\\htdocs\\medify_test-development\\vendor\\laravel\\framework\\src\\Illuminate\\Pipeline\\Pipeline.php(180): Illuminate\\Routing\\Middleware\\SubstituteBindings->handle()
#11 E:\\Apache24\\htdocs\\medify_test-development\\vendor\\laravel\\framework\\src\\Illuminate\\Foundation\\Http\\Middleware\\VerifyCsrfToken.php(78): Illuminate\\Pipeline\\Pipeline->Illuminate\\Pipeline\\{closure}()
#12 E:\\Apache24\\htdocs\\medify_test-development\\vendor\\laravel\\framework\\src\\Illuminate\\Pipeline\\Pipeline.php(180): Illuminate\\Foundation\\Http\\Middleware\\VerifyCsrfToken->handle()
#13 E:\\Apache24\\htdocs\\medify_test-development\\vendor\\laravel\\framework\\src\\Illuminate\\View\\Middleware\\ShareErrorsFromSession.php(49): Illuminate\\Pipeline\\Pipeline->Illuminate\\Pipeline\\{closure}()
#14 E:\\Apache24\\htdocs\\medify_test-development\\vendor\\laravel\\framework\\src\\Illuminate\\Pipeline\\Pipeline.php(180): Illuminate\\View\\Middleware\\ShareErrorsFromSession->handle()
#15 E:\\Apache24\\htdocs\\medify_test-development\\vendor\\laravel\\framework\\src\\Illuminate\\Session\\Middleware\\StartSession.php(121): Illuminate\\Pipeline\\Pipeline->Illuminate\\Pipeline\\{closure}()
#16 E:\\Apache24\\htdocs\\medify_test-development\\vendor\\laravel\\framework\\src\\Illuminate\\Session\\Middleware\\StartSession.php(64): Illuminate\\Session\\Middleware\\StartSession->handleStatefulRequest()
#17 E:\\Apache24\\htdocs\\medify_test-development\\vendor\\laravel\\framework\\src\\Illuminate\\Pipeline\\Pipeline.php(180): Illuminate\\Session\\Middleware\\StartSession->handle()
#18 E:\\Apache24\\htdocs\\medify_test-development\\vendor\\laravel\\framework\\src\\Illuminate\\Cookie\\Middleware\\AddQueuedCookiesToResponse.php(37): Illuminate\\Pipeline\\Pipeline->Illuminate\\Pipeline\\{closure}()
#19 E:\\Apache24\\htdocs\\medify_test-development\\vendor\\laravel\\framework\\src\\Illuminate\\Pipeline\\Pipeline.php(180): Illuminate\\Cookie\\Middleware\\AddQueuedCookiesToResponse->handle()
#20 E:\\Apache24\\htdocs\\medify_test-development\\vendor\\laravel\\framework\\src\\Illuminate\\Cookie\\Middleware\\EncryptCookies.php(67): Illuminate\\Pipeline\\Pipeline->Illuminate\\Pipeline\\{closure}()
#21 E:\\Apache24\\htdocs\\medify_test-development\\vendor\\laravel\\framework\\src\\Illuminate\\Pipeline\\Pipeline.php(180): Illuminate\\Cookie\\Middleware\\EncryptCookies->handle()
#22 E:\\Apache24\\htdocs\\medify_test-development\\vendor\\laravel\\framework\\src\\Illuminate\\Pipeline\\Pipeline.php(116): Illuminate\\Pipeline\\Pipeline->Illuminate\\Pipeline\\{closure}()
#23 E:\\Apache24\\htdocs\\medify_test-development\\vendor\\laravel\\framework\\src\\Illuminate\\Routing\\Router.php(797): Illuminate\\Pipeline\\Pipeline->then()
#24 E:\\Apache24\\htdocs\\medify_test-development\\vendor\\laravel\\framework\\src\\Illuminate\\Routing\\Router.php(776): Illuminate\\Routing\\Router->runRouteWithinStack()
#25 E:\\Apache24\\htdocs\\medify_test-development\\vendor\\laravel\\framework\\src\\Illuminate\\Routing\\Router.php(740): Illuminate\\Routing\\Router->runRoute()
#26 E:\\Apache24\\htdocs\\medify_test-development\\vendor\\laravel\\framework\\src\\Illuminate\\Routing\\Router.php(729): Illuminate\\Routing\\Router->dispatchToRoute()
#27 E:\\Apache24\\htdocs\\medify_test-development\\vendor\\laravel\\framework\\src\\Illuminate\\Foundation\\Http\\Kernel.php(190): Illuminate\\Routing\\Router->dispatch()
#28 E:\\Apache24\\htdocs\\medify_test-development\\vendor\\laravel\\framework\\src\\Illuminate\\Pipeline\\Pipeline.php(141): Illuminate\\Foundation\\Http\\Kernel->Illuminate\\Foundation\\Http\\{closure}()
#29 E:\\Apache24\\htdocs\\medify_test-development\\vendor\\laravel\\framework\\src\\Illuminate\\Foundation\\Http\\Middleware\\TransformsRequest.php(21): Illuminate\\Pipeline\\Pipeline->Illuminate\\Pipeline\\{closure}()
#30 E:\\Apache24\\htdocs\\medify_test-development\\vendor\\laravel\\framework\\src\\Illuminate\\Foundation\\Http\\Middleware\\ConvertEmptyStringsToNull.php(31): Illuminate\\Foundation\\Http\\Middleware\\TransformsRequest->handle()
#31 E:\\Apache24\\htdocs\\medify_test-development\\vendor\\laravel\\framework\\src\\Illuminate\\Pipeline\\Pipeline.php(180): Illuminate\\Foundation\\Http\\Middleware\\ConvertEmptyStringsToNull->handle()
#32 E:\\Apache24\\htdocs\\medify_test-development\\vendor\\laravel\\framework\\src\\Illuminate\\Foundation\\Http\\Middleware\\TransformsRequest.php(21): Illuminate\\Pipeline\\Pipeline->Illuminate\\Pipeline\\{closure}()
#33 E:\\Apache24\\htdocs\\medify_test-development\\vendor\\laravel\\framework\\src\\Illuminate\\Foundation\\Http\\Middleware\\TrimStrings.php(40): Illuminate\\Foundation\\Http\\Middleware\\TransformsRequest->handle()
#34 E:\\Apache24\\htdocs\\medify_test-development\\vendor\\laravel\\framework\\src\\Illuminate\\Pipeline\\Pipeline.php(180): Illuminate\\Foundation\\Http\\Middleware\\TrimStrings->handle()
#35 E:\\Apache24\\htdocs\\medify_test-development\\vendor\\laravel\\framework\\src\\Illuminate\\Foundation\\Http\\Middleware\\ValidatePostSize.php(27): Illuminate\\Pipeline\\Pipeline->Illuminate\\Pipeline\\{closure}()
#36 E:\\Apache24\\htdocs\\medify_test-development\\vendor\\laravel\\framework\\src\\Illuminate\\Pipeline\\Pipeline.php(180): Illuminate\\Foundation\\Http\\Middleware\\ValidatePostSize->handle()
#37 E:\\Apache24\\htdocs\\medify_test-development\\vendor\\laravel\\framework\\src\\Illuminate\\Foundation\\Http\\Middleware\\PreventRequestsDuringMaintenance.php(86): Illuminate\\Pipeline\\Pipeline->Illuminate\\Pipeline\\{closure}()
#38 E:\\Apache24\\htdocs\\medify_test-development\\vendor\\laravel\\framework\\src\\Illuminate\\Pipeline\\Pipeline.php(180): Illuminate\\Foundation\\Http\\Middleware\\PreventRequestsDuringMaintenance->handle()
#39 E:\\Apache24\\htdocs\\medify_test-development\\vendor\\laravel\\framework\\src\\Illuminate\\Http\\Middleware\\HandleCors.php(49): Illuminate\\Pipeline\\Pipeline->Illuminate\\Pipeline\\{closure}()
#40 E:\\Apache24\\htdocs\\medify_test-development\\vendor\\laravel\\framework\\src\\Illuminate\\Pipeline\\Pipeline.php(180): Illuminate\\Http\\Middleware\\HandleCors->handle()
#41 E:\\Apache24\\htdocs\\medify_test-development\\vendor\\laravel\\framework\\src\\Illuminate\\Http\\Middleware\\TrustProxies.php(39): Illuminate\\Pipeline\\Pipeline->Illuminate\\Pipeline\\{closure}()
#42 E:\\Apache24\\htdocs\\medify_test-development\\vendor\\laravel\\framework\\src\\Illuminate\\Pipeline\\Pipeline.php(180): Illuminate\\Http\\Middleware\\TrustProxies->handle()
#43 E:\\Apache24\\htdocs\\medify_test-development\\vendor\\laravel\\framework\\src\\Illuminate\\Pipeline\\Pipeline.php(116): Illuminate\\Pipeline\\Pipeline->Illuminate\\Pipeline\\{closure}()
#44 E:\\Apache24\\htdocs\\medify_test-development\\vendor\\laravel\\framework\\src\\Illuminate\\Foundation\\Http\\Kernel.php(165): Illuminate\\Pipeline\\Pipeline->then()
#45 E:\\Apache24\\htdocs\\medify_test-development\\vendor\\laravel\\framework\\src\\Illuminate\\Foundation\\Http\\Kernel.php(134): Illuminate\\Foundation\\Http\\Kernel->sendRequestThroughRouter()
#46 E:\\Apache24\\htdocs\\medify_test-development\\public\\index.php(51): Illuminate\\Foundation\\Http\\Kernel->handle()
#47 E:\\Apache24\\htdocs\\medify_test-development\\vendor\\laravel\\framework\\src\\Illuminate\\Foundation\\resources\\server.php(16): require_once('...')
#48 {main}

[previous exception] [object] (ReflectionException(code: -1): Class \"MasterItemsController\" does not exist at E:\\Apache24\\htdocs\\medify_test-development\\vendor\\laravel\\framework\\src\\Illuminate\\Container\\Container.php:889)
[stacktrace]
#0 E:\\Apache24\\htdocs\\medify_test-development\\vendor\\laravel\\framework\\src\\Illuminate\\Container\\Container.php(889): ReflectionClass->__construct()
#1 E:\\Apache24\\htdocs\\medify_test-development\\vendor\\laravel\\framework\\src\\Illuminate\\Container\\Container.php(770): Illuminate\\Container\\Container->build()
#2 E:\\Apache24\\htdocs\\medify_test-development\\vendor\\laravel\\framework\\src\\Illuminate\\Foundation\\Application.php(881): Illuminate\\Container\\Container->resolve()
#3 E:\\Apache24\\htdocs\\medify_test-development\\vendor\\laravel\\framework\\src\\Illuminate\\Container\\Container.php(706): Illuminate\\Foundation\\Application->resolve()
#4 E:\\Apache24\\htdocs\\medify_test-development\\vendor\\laravel\\framework\\src\\Illuminate\\Foundation\\Application.php(866): Illuminate\\Container\\Container->make()
#5 E:\\Apache24\\htdocs\\medify_test-development\\vendor\\laravel\\framework\\src\\Illuminate\\Routing\\Route.php(274): Illuminate\\Foundation\\Application->make()
#6 E:\\Apache24\\htdocs\\medify_test-development\\vendor\\laravel\\framework\\src\\Illuminate\\Routing\\Route.php(260): Illuminate\\Routing\\Route->getController()
#7 E:\\Apache24\\htdocs\\medify_test-development\\vendor\\laravel\\framework\\src\\Illuminate\\Routing\\Route.php(205): Illuminate\\Routing\\Route->runController()
#8 E:\\Apache24\\htdocs\\medify_test-development\\vendor\\laravel\\framework\\src\\Illuminate\\Routing\\Router.php(798): Illuminate\\Routing\\Route->run()
#9 E:\\Apache24\\htdocs\\medify_test-development\\vendor\\laravel\\framework\\src\\Illuminate\\Pipeline\\Pipeline.php(141): Illuminate\\Routing\\Router->Illuminate\\Routing\\{closure}()
#10 E:\\Apache24\\htdocs\\medify_test-development\\vendor\\laravel\\framework\\src\\Illuminate\\Routing\\Middleware\\SubstituteBindings.php(50): Illuminate\\Pipeline\\Pipeline->Illuminate\\Pipeline\\{closure}()
#11 E:\\Apache24\\htdocs\\medify_test-development\\vendor\\laravel\\framework\\src\\Illuminate\\Pipeline\\Pipeline.php(180): Illuminate\\Routing\\Middleware\\SubstituteBindings->handle()
#12 E:\\Apache24\\htdocs\\medify_test-development\\vendor\\laravel\\framework\\src\\Illuminate\\Foundation\\Http\\Middleware\\VerifyCsrfToken.php(78): Illuminate\\Pipeline\\Pipeline->Illuminate\\Pipeline\\{closure}()
#13 E:\\Apache24\\htdocs\\medify_test-development\\vendor\\laravel\\framework\\src\\Illuminate\\Pipeline\\Pipeline.php(180): Illuminate\\Foundation\\Http\\Middleware\\VerifyCsrfToken->handle()
#14 E:\\Apache24\\htdocs\\medify_test-development\\vendor\\laravel\\framework\\src\\Illuminate\\View\\Middleware\\ShareErrorsFromSession.php(49): Illuminate\\Pipeline\\Pipeline->Illuminate\\Pipeline\\{closure}()
#15 E:\\Apache24\\htdocs\\medify_test-development\\vendor\\laravel\\framework\\src\\Illuminate\\Pipeline\\Pipeline.php(180): Illuminate\\View\\Middleware\\ShareErrorsFromSession->handle()
#16 E:\\Apache24\\htdocs\\medify_test-development\\vendor\\laravel\\framework\\src\\Illuminate\\Session\\Middleware\\StartSession.php(121): Illuminate\\Pipeline\\Pipeline->Illuminate\\Pipeline\\{closure}()
#17 E:\\Apache24\\htdocs\\medify_test-development\\vendor\\laravel\\framework\\src\\Illuminate\\Session\\Middleware\\StartSession.php(64): Illuminate\\Session\\Middleware\\StartSession->handleStatefulRequest()
#18 E:\\Apache24\\htdocs\\medify_test-development\\vendor\\laravel\\framework\\src\\Illuminate\\Pipeline\\Pipeline.php(180): Illuminate\\Session\\Middleware\\StartSession->handle()
#19 E:\\Apache24\\htdocs\\medify_test-development\\vendor\\laravel\\framework\\src\\Illuminate\\Cookie\\Middleware\\AddQueuedCookiesToResponse.php(37): Illuminate\\Pipeline\\Pipeline->Illuminate\\Pipeline\\{closure}()
#20 E:\\Apache24\\htdocs\\medify_test-development\\vendor\\laravel\\framework\\src\\Illuminate\\Pipeline\\Pipeline.php(180): Illuminate\\Cookie\\Middleware\\AddQueuedCookiesToResponse->handle()
#21 E:\\Apache24\\htdocs\\medify_test-development\\vendor\\laravel\\framework\\src\\Illuminate\\Cookie\\Middleware\\EncryptCookies.php(67): Illuminate\\Pipeline\\Pipeline->Illuminate\\Pipeline\\{closure}()
#22 E:\\Apache24\\htdocs\\medify_test-development\\vendor\\laravel\\framework\\src\\Illuminate\\Pipeline\\Pipeline.php(180): Illuminate\\Cookie\\Middleware\\EncryptCookies->handle()
#23 E:\\Apache24\\htdocs\\medify_test-development\\vendor\\laravel\\framework\\src\\Illuminate\\Pipeline\\Pipeline.php(116): Illuminate\\Pipeline\\Pipeline->Illuminate\\Pipeline\\{closure}()
#24 E:\\Apache24\\htdocs\\medify_test-development\\vendor\\laravel\\framework\\src\\Illuminate\\Routing\\Router.php(797): Illuminate\\Pipeline\\Pipeline->then()
#25 E:\\Apache24\\htdocs\\medify_test-development\\vendor\\laravel\\framework\\src\\Illuminate\\Routing\\Router.php(776): Illuminate\\Routing\\Router->runRouteWithinStack()
#26 E:\\Apache24\\htdocs\\medify_test-development\\vendor\\laravel\\framework\\src\\Illuminate\\Routing\\Router.php(740): Illuminate\\Routing\\Router->runRoute()
#27 E:\\Apache24\\htdocs\\medify_test-development\\vendor\\laravel\\framework\\src\\Illuminate\\Routing\\Router.php(729): Illuminate\\Routing\\Router->dispatchToRoute()
#28 E:\\Apache24\\htdocs\\medify_test-development\\vendor\\laravel\\framework\\src\\Illuminate\\Foundation\\Http\\Kernel.php(190): Illuminate\\Routing\\Router->dispatch()
#29 E:\\Apache24\\htdocs\\medify_test-development\\vendor\\laravel\\framework\\src\\Illuminate\\Pipeline\\Pipeline.php(141): Illuminate\\Foundation\\Http\\Kernel->Illuminate\\Foundation\\Http\\{closure}()
#30 E:\\Apache24\\htdocs\\medify_test-development\\vendor\\laravel\\framework\\src\\Illuminate\\Foundation\\Http\\Middleware\\TransformsRequest.php(21): Illuminate\\Pipeline\\Pipeline->Illuminate\\Pipeline\\{closure}()
#31 E:\\Apache24\\htdocs\\medify_test-development\\vendor\\laravel\\framework\\src\\Illuminate\\Foundation\\Http\\Middleware\\ConvertEmptyStringsToNull.php(31): Illuminate\\Foundation\\Http\\Middleware\\TransformsRequest->handle()
#32 E:\\Apache24\\htdocs\\medify_test-development\\vendor\\laravel\\framework\\src\\Illuminate\\Pipeline\\Pipeline.php(180): Illuminate\\Foundation\\Http\\Middleware\\ConvertEmptyStringsToNull->handle()
#33 E:\\Apache24\\htdocs\\medify_test-development\\vendor\\laravel\\framework\\src\\Illuminate\\Foundation\\Http\\Middleware\\TransformsRequest.php(21): Illuminate\\Pipeline\\Pipeline->Illuminate\\Pipeline\\{closure}()
#34 E:\\Apache24\\htdocs\\medify_test-development\\vendor\\laravel\\framework\\src\\Illuminate\\Foundation\\Http\\Middleware\\TrimStrings.php(40): Illuminate\\Foundation\\Http\\Middleware\\TransformsRequest->handle()
#35 E:\\Apache24\\htdocs\\medify_test-development\\vendor\\laravel\\framework\\src\\Illuminate\\Pipeline\\Pipeline.php(180): Illuminate\\Foundation\\Http\\Middleware\\TrimStrings->handle()
#36 E:\\Apache24\\htdocs\\medify_test-development\\vendor\\laravel\\framework\\src\\Illuminate\\Foundation\\Http\\Middleware\\ValidatePostSize.php(27): Illuminate\\Pipeline\\Pipeline->Illuminate\\Pipeline\\{closure}()
#37 E:\\Apache24\\htdocs\\medify_test-development\\vendor\\laravel\\framework\\src\\Illuminate\\Pipeline\\Pipeline.php(180): Illuminate\\Foundation\\Http\\Middleware\\ValidatePostSize->handle()
#38 E:\\Apache24\\htdocs\\medify_test-development\\vendor\\laravel\\framework\\src\\Illuminate\\Foundation\\Http\\Middleware\\PreventRequestsDuringMaintenance.php(86): Illuminate\\Pipeline\\Pipeline->Illuminate\\Pipeline\\{closure}()
#39 E:\\Apache24\\htdocs\\medify_test-development\\vendor\\laravel\\framework\\src\\Illuminate\\Pipeline\\Pipeline.php(180): Illuminate\\Foundation\\Http\\Middleware\\PreventRequestsDuringMaintenance->handle()
#40 E:\\Apache24\\htdocs\\medify_test-development\\vendor\\laravel\\framework\\src\\Illuminate\\Http\\Middleware\\HandleCors.php(49): Illuminate\\Pipeline\\Pipeline->Illuminate\\Pipeline\\{closure}()
#41 E:\\Apache24\\htdocs\\medify_test-development\\vendor\\laravel\\framework\\src\\Illuminate\\Pipeline\\Pipeline.php(180): Illuminate\\Http\\Middleware\\HandleCors->handle()
#42 E:\\Apache24\\htdocs\\medify_test-development\\vendor\\laravel\\framework\\src\\Illuminate\\Http\\Middleware\\TrustProxies.php(39): Illuminate\\Pipeline\\Pipeline->Illuminate\\Pipeline\\{closure}()
#43 E:\\Apache24\\htdocs\\medify_test-development\\vendor\\laravel\\framework\\src\\Illuminate\\Pipeline\\Pipeline.php(180): Illuminate\\Http\\Middleware\\TrustProxies->handle()
#44 E:\\Apache24\\htdocs\\medify_test-development\\vendor\\laravel\\framework\\src\\Illuminate\\Pipeline\\Pipeline.php(116): Illuminate\\Pipeline\\Pipeline->Illuminate\\Pipeline\\{closure}()
#45 E:\\Apache24\\htdocs\\medify_test-development\\vendor\\laravel\\framework\\src\\Illuminate\\Foundation\\Http\\Kernel.php(165): Illuminate\\Pipeline\\Pipeline->then()
#46 E:\\Apache24\\htdocs\\medify_test-development\\vendor\\laravel\\framework\\src\\Illuminate\\Foundation\\Http\\Kernel.php(134): Illuminate\\Foundation\\Http\\Kernel->sendRequestThroughRouter()
#47 E:\\Apache24\\htdocs\\medify_test-development\\public\\index.php(51): Illuminate\\Foundation\\Http\\Kernel->handle()
#48 E:\\Apache24\\htdocs\\medify_test-development\\vendor\\laravel\\framework\\src\\Illuminate\\Foundation\\resources\\server.php(16): require_once('...')
#49 {main}
"} 
